naca,camber,camber_position,thickness,alpha_deg,reynolds,cl,cd,cm,source_file
NACA 0006,0.0,0.0,0.06,-6.0,500000.0,-0.6388,0.02046,-0.0057,T1-Re0.500-N9.0.txt
NACA 0006,0.0,0.0,0.06,-5.0,500000.0,-0.5412,0.01369,-0.0027,T1-Re0.500-N9.0.txt
NACA 0006,0.0,0.0,0.06,-4.0,500000.0,-0.4408,0.01057,-0.0004,T1-Re0.500-N9.0.txt
NACA 0006,0.0,0.0,0.06,-3.0,500000.0,-0.3405,0.00812,0.0015,T1-Re0.500-N9.0.txt
NACA 0006,0.0,0.0,0.06,-2.0,500000.0,-0.2451,0.00559,0.0036,T1-Re0.500-N9.0.txt
NACA 0006,0.0,0.0,0.06,-1.0,500000.0,-0.1481,0.00473,0.0082,T1-Re0.500-N9.0.txt
NACA 0006,0.0,0.0,0.06,0.0,500000.0,0.0,0.00477,-0.0,T1-Re0.500-N9.0.txt
NACA 0006,0.0,0.0,0.06,1.0,500000.0,0.1481,0.00473,-0.0082,T1-Re0.500-N9.0.txt
NACA 0006,0.0,0.0,0.06,2.0,500000.0,0.2451,0.00559,-0.0036,T1-Re0.500-N9.0.txt
NACA 0006,0.0,0.0,0.06,3.0,500000.0,0.3404,0.00812,-0.0015,T1-Re0.500-N9.0.txt
NACA 0006,0.0,0.0,0.06,4.0,500000.0,0.4408,0.01057,0.0004,T1-Re0.500-N9.0.txt
NACA 0006,0.0,0.0,0.06,5.0,500000.0,0.5412,0.01369,0.0027,T1-Re0.500-N9.0.txt
NACA 0006,0.0,0.0,0.06,6.0,500000.0,0.6371,0.02395,0.0071,T1-Re0.500-N9.0.txt
NACA 0008,0.0,0.0,0.08,-5.0,500000.0,-0.5601,0.01118,0.001,T1-Re0.500-N9.0.txt
NACA 0008,0.0,0.0,0.08,-4.0,500000.0,-0.4641,0.00937,0.0038,T1-Re0.500-N9.0.txt
NACA 0008,0.0,0.0,0.08,-3.0,500000.0,-0.3692,0.00744,0.0062,T1-Re0.500-N9.0.txt
NACA 0008,0.0,0.0,0.08,-2.0,500000.0,-0.2706,0.00615,0.0082,T1-Re0.500-N9.0.txt
NACA 0008,0.0,0.0,0.08,-1.0,500000.0,-0.1417,0.00536,0.0048,T1-Re0.500-N9.0.txt
NACA 0008,0.0,0.0,0.08,0.0,500000.0,-0.0,0.00521,0.0,T1-Re0.500-N9.0.txt
NACA 0008,0.0,0.0,0.08,1.0,500000.0,0.1417,0.00536,-0.0048,T1-Re0.500-N9.0.txt
NACA 0008,0.0,0.0,0.08,2.0,500000.0,0.2706,0.00615,-0.0082,T1-Re0.500-N9.0.txt
NACA 0008,0.0,0.0,0.08,3.0,500000.0,0.3692,0.00744,-0.0062,T1-Re0.500-N9.0.txt
NACA 0008,0.0,0.0,0.08,4.0,500000.0,0.4641,0.00937,-0.0038,T1-Re0.500-N9.0.txt
NACA 0008,0.0,0.0,0.08,5.0,500000.0,0.5601,0.01118,-0.001,T1-Re0.500-N9.0.txt
NACA 0008,0.0,0.0,0.08,6.0,500000.0,0.6554,0.01347,0.0018,T1-Re0.500-N9.0.txt
NACA 0008,0.0,0.0,0.08,7.0,500000.0,0.7511,0.01625,0.0046,T1-Re0.500-N9.0.txt
NACA 0008,0.0,0.0,0.08,8.0,500000.0,0.8414,0.02125,0.0078,T1-Re0.500-N9.0.txt
NACA 0008,0.0,0.0,0.08,9.0,500000.0,0.9165,0.02883,0.0116,T1-Re0.500-N9.0.txt
NACA 0008,0.0,0.0,0.08,10.0,500000.0,0.908,0.04822,0.0175,T1-Re0.500-N9.0.txt
NACA 0009,0.0,0.0,0.09,-6.0,500000.0,-0.6677,0.01249,0.0003,T1-Re0.500-N9.0.txt
NACA 0009,0.0,0.0,0.09,-5.0,500000.0,-0.5742,0.01077,0.0036,T1-Re0.500-N9.0.txt
NACA 0009,0.0,0.0,0.09,-4.0,500000.0,-0.4815,0.00906,0.0068,T1-Re0.500-N9.0.txt
NACA 0009,0.0,0.0,0.09,-3.0,500000.0,-0.3865,0.00756,0.0092,T1-Re0.500-N9.0.txt
NACA 0009,0.0,0.0,0.09,-2.0,500000.0,-0.2608,0.00646,0.0054,T1-Re0.500-N9.0.txt
NACA 0009,0.0,0.0,0.09,-1.0,500000.0,-0.1142,0.0056,-0.0016,T1-Re0.500-N9.0.txt
NACA 0009,0.0,0.0,0.09,0.0,500000.0,0.0,0.0053,-0.0,T1-Re0.500-N9.0.txt
NACA 0009,0.0,0.0,0.09,1.0,500000.0,0.1142,0.0056,0.0016,T1-Re0.500-N9.0.txt
NACA 0009,0.0,0.0,0.09,2.0,500000.0,0.2609,0.00646,-0.0054,T1-Re0.500-N9.0.txt
NACA 0009,0.0,0.0,0.09,3.0,500000.0,0.3864,0.00756,-0.0092,T1-Re0.500-N9.0.txt
NACA 0009,0.0,0.0,0.09,4.0,500000.0,0.4814,0.00906,-0.0068,T1-Re0.500-N9.0.txt
NACA 0009,0.0,0.0,0.09,5.0,500000.0,0.5742,0.01077,-0.0036,T1-Re0.500-N9.0.txt
NACA 0009,0.0,0.0,0.09,6.0,500000.0,0.6677,0.01249,-0.0003,T1-Re0.500-N9.0.txt
NACA 0009,0.0,0.0,0.09,7.0,500000.0,0.7606,0.01467,0.003,T1-Re0.500-N9.0.txt
NACA 0009,0.0,0.0,0.09,8.0,500000.0,0.8503,0.01788,0.0063,T1-Re0.500-N9.0.txt
NACA 0009,0.0,0.0,0.09,9.0,500000.0,0.939,0.02151,0.0093,T1-Re0.500-N9.0.txt
NACA 0009,0.0,0.0,0.09,10.0,500000.0,1.0113,0.0282,0.0138,T1-Re0.500-N9.0.txt
NACA 0009,0.0,0.0,0.09,11.0,500000.0,1.0556,0.0367,0.019,T1-Re0.500-N9.0.txt
NACA 0009,0.0,0.0,0.09,12.0,500000.0,1.005,0.0514,0.0241,T1-Re0.500-N9.0.txt
NACA 0010,0.0,0.0,0.1,-6.0,500000.0,-0.6822,0.01207,0.0029,T1-Re0.500-N9.0.txt
NACA 0010,0.0,0.0,0.1,-5.0,500000.0,-0.5922,0.0105,0.0068,T1-Re0.500-N9.0.txt
NACA 0010,0.0,0.0,0.1,-4.0,500000.0,-0.5013,0.009,0.0102,T1-Re0.500-N9.0.txt
NACA 0010,0.0,0.0,0.1,-3.0,500000.0,-0.3833,0.00773,0.0077,T1-Re0.500-N9.0.txt
NACA 0010,0.0,0.0,0.1,-2.0,500000.0,-0.2322,0.00664,-0.0011,T1-Re0.500-N9.0.txt
NACA 0010,0.0,0.0,0.1,-1.0,500000.0,-0.1032,0.00582,-0.0039,T1-Re0.500-N9.0.txt
NACA 0010,0.0,0.0,0.1,0.0,500000.0,0.0,0.00551,-0.0,T1-Re0.500-N9.0.txt
NACA 0010,0.0,0.0,0.1,1.0,500000.0,0.1032,0.00582,0.0039,T1-Re0.500-N9.0.txt
NACA 0010,0.0,0.0,0.1,2.0,500000.0,0.2321,0.00664,0.0011,T1-Re0.500-N9.0.txt
NACA 0010,0.0,0.0,0.1,3.0,500000.0,0.3833,0.00773,-0.0077,T1-Re0.500-N9.0.txt
NACA 0010,0.0,0.0,0.1,4.0,500000.0,0.5013,0.009,-0.0102,T1-Re0.500-N9.0.txt
NACA 0010,0.0,0.0,0.1,5.0,500000.0,0.5921,0.0105,-0.0068,T1-Re0.500-N9.0.txt
NACA 0010,0.0,0.0,0.1,6.0,500000.0,0.6822,0.01207,-0.0029,T1-Re0.500-N9.0.txt
NACA 0010,0.0,0.0,0.1,7.0,500000.0,0.7718,0.01388,0.0011,T1-Re0.500-N9.0.txt
NACA 0010,0.0,0.0,0.1,8.0,500000.0,0.8597,0.0163,0.005,T1-Re0.500-N9.0.txt
NACA 0010,0.0,0.0,0.1,9.0,500000.0,0.9469,0.01916,0.0085,T1-Re0.500-N9.0.txt
NACA 0010,0.0,0.0,0.1,10.0,500000.0,1.0281,0.02302,0.0123,T1-Re0.500-N9.0.txt
NACA 0010,0.0,0.0,0.1,11.0,500000.0,1.1009,0.02737,0.0164,T1-Re0.500-N9.0.txt
NACA 0010,0.0,0.0,0.1,12.0,500000.0,1.1369,0.0351,0.0234,T1-Re0.500-N9.0.txt
NACA 0010,0.0,0.0,0.1,13.0,500000.0,1.11,0.04611,0.0297,T1-Re0.500-N9.0.txt
NACA 0010,0.0,0.0,0.1,14.0,500000.0,1.0085,0.07723,0.0095,T1-Re0.500-N9.0.txt
NACA 0012,0.0,0.0,0.12,-6.0,500000.0,-0.7221,0.01171,0.0101,T1-Re0.500-N9.0.txt
NACA 0012,0.0,0.0,0.12,-5.0,500000.0,-0.6269,0.0104,0.0124,T1-Re0.500-N9.0.txt
NACA 0012,0.0,0.0,0.12,-4.0,500000.0,-0.4782,0.00901,0.0036,T1-Re0.500-N9.0.txt
NACA 0012,0.0,0.0,0.12,-3.0,500000.0,-0.33,0.00785,-0.0046,T1-Re0.500-N9.0.txt
NACA 0012,0.0,0.0,0.12,-2.0,500000.0,-0.2083,0.00696,-0.006,T1-Re0.500-N9.0.txt
NACA 0012,0.0,0.0,0.12,-1.0,500000.0,-0.1035,0.00638,-0.0032,T1-Re0.500-N9.0.txt
NACA 0012,0.0,0.0,0.12,0.0,500000.0,0.0,0.00617,-0.0,T1-Re0.500-N9.0.txt
NACA 0012,0.0,0.0,0.12,1.0,500000.0,0.1035,0.00638,0.0032,T1-Re0.500-N9.0.txt
NACA 0012,0.0,0.0,0.12,2.0,500000.0,0.2083,0.00696,0.006,T1-Re0.500-N9.0.txt
NACA 0012,0.0,0.0,0.12,3.0,500000.0,0.33,0.00785,0.0046,T1-Re0.500-N9.0.txt
NACA 0012,0.0,0.0,0.12,4.0,500000.0,0.4782,0.00901,-0.0036,T1-Re0.500-N9.0.txt
NACA 0012,0.0,0.0,0.12,5.0,500000.0,0.6269,0.0104,-0.0124,T1-Re0.500-N9.0.txt
NACA 0012,0.0,0.0,0.12,6.0,500000.0,0.722,0.01171,-0.0101,T1-Re0.500-N9.0.txt
NACA 0012,0.0,0.0,0.12,7.0,500000.0,0.8039,0.01316,-0.0048,T1-Re0.500-N9.0.txt
NACA 0012,0.0,0.0,0.12,8.0,500000.0,0.8837,0.01492,0.0009,T1-Re0.500-N9.0.txt
NACA 0012,0.0,0.0,0.12,9.0,500000.0,0.9645,0.01683,0.0061,T1-Re0.500-N9.0.txt
NACA 0012,0.0,0.0,0.12,10.0,500000.0,1.0419,0.0194,0.0112,T1-Re0.500-N9.0.txt
NACA 0012,0.0,0.0,0.12,11.0,500000.0,1.113,0.02253,0.0165,T1-Re0.500-N9.0.txt
NACA 0012,0.0,0.0,0.12,12.0,500000.0,1.1751,0.02568,0.0224,T1-Re0.500-N9.0.txt
NACA 0012,0.0,0.0,0.12,13.0,500000.0,1.2086,0.03066,0.0301,T1-Re0.500-N9.0.txt
NACA 0012,0.0,0.0,0.12,14.0,500000.0,1.2323,0.03721,0.0341,T1-Re0.500-N9.0.txt
NACA 0015,0.0,0.0,0.15,-6.0,500000.0,-0.6942,0.0115,0.0018,T1-Re0.500-N9.0.txt
NACA 0015,0.0,0.0,0.15,-5.0,500000.0,-0.5472,0.01015,-0.0062,T1-Re0.500-N9.0.txt
NACA 0015,0.0,0.0,0.15,-4.0,500000.0,-0.4214,0.00905,-0.0089,T1-Re0.500-N9.0.txt
NACA 0015,0.0,0.0,0.15,-3.0,500000.0,-0.3154,0.00824,-0.0069,T1-Re0.500-N9.0.txt
NACA 0015,0.0,0.0,0.15,-2.0,500000.0,-0.2109,0.0077,-0.0044,T1-Re0.500-N9.0.txt
NACA 0015,0.0,0.0,0.15,-1.0,500000.0,-0.1055,0.0074,-0.0022,T1-Re0.500-N9.0.txt
NACA 0015,0.0,0.0,0.15,0.0,500000.0,-0.0,0.00731,0.0,T1-Re0.500-N9.0.txt
NACA 0015,0.0,0.0,0.15,1.0,500000.0,0.1055,0.0074,0.0022,T1-Re0.500-N9.0.txt
NACA 0015,0.0,0.0,0.15,2.0,500000.0,0.2109,0.0077,0.0044,T1-Re0.500-N9.0.txt
NACA 0015,0.0,0.0,0.15,3.0,500000.0,0.3154,0.00824,0.0068,T1-Re0.500-N9.0.txt
NACA 0015,0.0,0.0,0.15,5.0,500000.0,0.5472,0.01015,0.0062,T1-Re0.500-N9.0.txt
NACA 0015,0.0,0.0,0.15,6.0,500000.0,0.6942,0.01149,-0.0019,T1-Re0.500-N9.0.txt
NACA 0015,0.0,0.0,0.15,7.0,500000.0,0.8388,0.01299,-0.0098,T1-Re0.500-N9.0.txt
NACA 0015,0.0,0.0,0.15,8.0,500000.0,0.9452,0.01438,-0.0102,T1-Re0.500-N9.0.txt
NACA 0015,0.0,0.0,0.15,9.0,500000.0,1.0064,0.01582,-0.0013,T1-Re0.500-N9.0.txt
NACA 0015,0.0,0.0,0.15,10.0,500000.0,1.064,0.01751,0.0081,T1-Re0.500-N9.0.txt
NACA 0015,0.0,0.0,0.15,11.0,500000.0,1.1204,0.01955,0.017,T1-Re0.500-N9.0.txt
NACA 0015,0.0,0.0,0.15,12.0,500000.0,1.1633,0.02243,0.0264,T1-Re0.500-N9.0.txt
NACA 0015,0.0,0.0,0.15,13.0,500000.0,1.2073,0.02625,0.0327,T1-Re0.500-N9.0.txt
NACA 0015,0.0,0.0,0.15,14.0,500000.0,1.2469,0.03132,0.0364,T1-Re0.500-N9.0.txt
NACA 0018,0.0,0.0,0.18,-6.0,500000.0,-0.6244,0.01129,-0.0132,T1-Re0.500-N9.0.txt
NACA 0018,0.0,0.0,0.18,-5.0,500000.0,-0.5198,0.01024,-0.0113,T1-Re0.500-N9.0.txt
NACA 0018,0.0,0.0,0.18,-4.0,500000.0,-0.4185,0.0095,-0.0084,T1-Re0.500-N9.0.txt
NACA 0018,0.0,0.0,0.18,-3.0,500000.0,-0.3151,0.00897,-0.0061,T1-Re0.500-N9.0.txt
NACA 0018,0.0,0.0,0.18,-2.0,500000.0,-0.2104,0.00864,-0.0039,T1-Re0.500-N9.0.txt
NACA 0018,0.0,0.0,0.18,-1.0,500000.0,-0.1053,0.00846,-0.0019,T1-Re0.500-N9.0.txt
NACA 0018,0.0,0.0,0.18,0.0,500000.0,0.0,0.00841,-0.0,T1-Re0.500-N9.0.txt
NACA 0018,0.0,0.0,0.18,1.0,500000.0,0.1053,0.00846,0.0019,T1-Re0.500-N9.0.txt
NACA 0018,0.0,0.0,0.18,2.0,500000.0,0.2104,0.00864,0.0039,T1-Re0.500-N9.0.txt
NACA 0018,0.0,0.0,0.18,3.0,500000.0,0.3151,0.00897,0.0061,T1-Re0.500-N9.0.txt
NACA 0018,0.0,0.0,0.18,4.0,500000.0,0.4186,0.0095,0.0084,T1-Re0.500-N9.0.txt
NACA 0018,0.0,0.0,0.18,5.0,500000.0,0.5198,0.01024,0.0113,T1-Re0.500-N9.0.txt
NACA 0018,0.0,0.0,0.18,6.0,500000.0,0.6244,0.01129,0.0132,T1-Re0.500-N9.0.txt
NACA 0018,0.0,0.0,0.18,7.0,500000.0,0.7546,0.01263,0.009,T1-Re0.500-N9.0.txt
NACA 0018,0.0,0.0,0.18,8.0,500000.0,0.8968,0.01418,0.0016,T1-Re0.500-N9.0.txt
NACA 0018,0.0,0.0,0.18,9.0,500000.0,1.0378,0.0159,-0.0061,T1-Re0.500-N9.0.txt
NACA 0018,0.0,0.0,0.18,10.0,500000.0,1.1015,0.01739,0.0012,T1-Re0.500-N9.0.txt
NACA 0018,0.0,0.0,0.18,11.0,500000.0,1.1054,0.01867,0.0201,T1-Re0.500-N9.0.txt
NACA 0018,0.0,0.0,0.18,12.0,500000.0,1.1445,0.0212,0.0299,T1-Re0.500-N9.0.txt
NACA 0018,0.0,0.0,0.18,13.0,500000.0,1.1911,0.02472,0.0358,T1-Re0.500-N9.0.txt
NACA 0018,0.0,0.0,0.18,14.0,500000.0,1.2281,0.02984,0.0398,T1-Re0.500-N9.0.txt
NACA 0021,0.0,0.0,0.21,-6.0,500000.0,-0.604,0.01153,-0.016,T1-Re0.500-N9.0.txt
NACA 0021,0.0,0.0,0.21,-5.0,500000.0,-0.5086,0.0108,-0.0123,T1-Re0.500-N9.0.txt
NACA 0021,0.0,0.0,0.21,-4.0,500000.0,-0.4095,0.01025,-0.0094,T1-Re0.500-N9.0.txt
NACA 0021,0.0,0.0,0.21,-3.0,500000.0,-0.3085,0.00987,-0.0068,T1-Re0.500-N9.0.txt
NACA 0021,0.0,0.0,0.21,-2.0,500000.0,-0.2059,0.00964,-0.0045,T1-Re0.500-N9.0.txt
NACA 0021,0.0,0.0,0.21,-1.0,500000.0,-0.1033,0.00949,-0.0022,T1-Re0.500-N9.0.txt
NACA 0021,0.0,0.0,0.21,0.0,500000.0,-0.0,0.00945,0.0,T1-Re0.500-N9.0.txt
NACA 0021,0.0,0.0,0.21,1.0,500000.0,0.1033,0.00949,0.0022,T1-Re0.500-N9.0.txt
NACA 0021,0.0,0.0,0.21,2.0,500000.0,0.2059,0.00964,0.0045,T1-Re0.500-N9.0.txt
NACA 0021,0.0,0.0,0.21,3.0,500000.0,0.3086,0.00987,0.0068,T1-Re0.500-N9.0.txt
NACA 0021,0.0,0.0,0.21,4.0,500000.0,0.4095,0.01025,0.0094,T1-Re0.500-N9.0.txt
NACA 0021,0.0,0.0,0.21,5.0,500000.0,0.5087,0.0108,0.0123,T1-Re0.500-N9.0.txt
NACA 0021,0.0,0.0,0.21,6.0,500000.0,0.6041,0.01153,0.016,T1-Re0.500-N9.0.txt
NACA 0021,0.0,0.0,0.21,7.0,500000.0,0.6943,0.01252,0.0206,T1-Re0.500-N9.0.txt
NACA 0021,0.0,0.0,0.21,8.0,500000.0,0.7949,0.01386,0.0225,T1-Re0.500-N9.0.txt
NACA 0021,0.0,0.0,0.21,9.0,500000.0,0.9277,0.01565,0.0166,T1-Re0.500-N9.0.txt
NACA 0021,0.0,0.0,0.21,10.0,500000.0,1.0593,0.01762,0.0099,T1-Re0.500-N9.0.txt
NACA 0021,0.0,0.0,0.21,11.0,500000.0,1.1068,0.01939,0.0183,T1-Re0.500-N9.0.txt
NACA 0021,0.0,0.0,0.21,12.0,500000.0,1.1185,0.02157,0.0325,T1-Re0.500-N9.0.txt
NACA 0021,0.0,0.0,0.21,13.0,500000.0,1.1532,0.02529,0.0396,T1-Re0.500-N9.0.txt
NACA 0021,0.0,0.0,0.21,14.0,500000.0,1.1932,0.03007,0.0435,T1-Re0.500-N9.0.txt
NACA 0024,0.0,0.0,0.24,-6.0,500000.0,-0.5675,0.01214,-0.0217,T1-Re0.500-N9.0.txt
NACA 0024,0.0,0.0,0.24,-5.0,500000.0,-0.4829,0.01158,-0.0164,T1-Re0.500-N9.0.txt
NACA 0024,0.0,0.0,0.24,-4.0,500000.0,-0.3901,0.01115,-0.0125,T1-Re0.500-N9.0.txt
NACA 0024,0.0,0.0,0.24,-3.0,500000.0,-0.2944,0.01086,-0.0091,T1-Re0.500-N9.0.txt
NACA 0024,0.0,0.0,0.24,-2.0,500000.0,-0.1974,0.01064,-0.0059,T1-Re0.500-N9.0.txt
NACA 0024,0.0,0.0,0.24,-1.0,500000.0,-0.0991,0.01053,-0.0029,T1-Re0.500-N9.0.txt
NACA 0024,0.0,0.0,0.24,0.0,500000.0,0.0,0.01049,-0.0,T1-Re0.500-N9.0.txt
NACA 0024,0.0,0.0,0.24,1.0,500000.0,0.0991,0.01053,0.0029,T1-Re0.500-N9.0.txt
NACA 0024,0.0,0.0,0.24,2.0,500000.0,0.1974,0.01064,0.0059,T1-Re0.500-N9.0.txt
NACA 0024,0.0,0.0,0.24,3.0,500000.0,0.2944,0.01086,0.0091,T1-Re0.500-N9.0.txt
NACA 0024,0.0,0.0,0.24,4.0,500000.0,0.3901,0.01115,0.0125,T1-Re0.500-N9.0.txt
NACA 0024,0.0,0.0,0.24,5.0,500000.0,0.483,0.01158,0.0163,T1-Re0.500-N9.0.txt
NACA 0024,0.0,0.0,0.24,6.0,500000.0,0.5677,0.01214,0.0217,T1-Re0.500-N9.0.txt
NACA 0024,0.0,0.0,0.24,7.0,500000.0,0.6495,0.013,0.0273,T1-Re0.500-N9.0.txt
NACA 0024,0.0,0.0,0.24,8.0,500000.0,0.7279,0.01417,0.0333,T1-Re0.500-N9.0.txt
NACA 0024,0.0,0.0,0.24,9.0,500000.0,0.8099,0.01581,0.0378,T1-Re0.500-N9.0.txt
NACA 0024,0.0,0.0,0.24,10.0,500000.0,0.9291,0.01814,0.0331,T1-Re0.500-N9.0.txt
NACA 0024,0.0,0.0,0.24,11.0,500000.0,1.0561,0.02077,0.0256,T1-Re0.500-N9.0.txt
NACA 0024,0.0,0.0,0.24,12.0,500000.0,1.1133,0.02365,0.0293,T1-Re0.500-N9.0.txt
NACA 0024,0.0,0.0,0.24,13.0,500000.0,1.1193,0.02684,0.0413,T1-Re0.500-N9.0.txt
NACA 0024,0.0,0.0,0.24,14.0,500000.0,1.144,0.03177,0.047,T1-Re0.500-N9.0.txt
NACA 1408,0.01,0.4,0.08,-6.0,500000.0,-0.5685,0.01395,-0.0217,T1-Re0.500-N9.0.txt
NACA 1408,0.01,0.4,0.08,-5.0,500000.0,-0.477,0.01173,-0.018,T1-Re0.500-N9.0.txt
NACA 1408,0.01,0.4,0.08,-4.0,500000.0,-0.3827,0.01002,-0.015,T1-Re0.500-N9.0.txt
NACA 1408,0.01,0.4,0.08,-3.0,500000.0,-0.2652,0.00849,-0.0173,T1-Re0.500-N9.0.txt
NACA 1408,0.01,0.4,0.08,-2.0,500000.0,-0.1201,0.00664,-0.0258,T1-Re0.500-N9.0.txt
NACA 1408,0.01,0.4,0.08,-1.0,500000.0,0.008,0.0053,-0.0283,T1-Re0.500-N9.0.txt
NACA 1408,0.01,0.4,0.08,0.0,500000.0,0.1439,0.00517,-0.0316,T1-Re0.500-N9.0.txt
NACA 1408,0.01,0.4,0.08,1.0,500000.0,0.2691,0.00526,-0.0339,T1-Re0.500-N9.0.txt
NACA 1408,0.01,0.4,0.08,2.0,500000.0,0.3684,0.00583,-0.0307,T1-Re0.500-N9.0.txt
NACA 1408,0.01,0.4,0.08,3.0,500000.0,0.4667,0.0068,-0.0279,T1-Re0.500-N9.0.txt
NACA 1408,0.01,0.4,0.08,4.0,500000.0,0.5638,0.00843,-0.0255,T1-Re0.500-N9.0.txt
NACA 1408,0.01,0.4,0.08,5.0,500000.0,0.659,0.01098,-0.0233,T1-Re0.500-N9.0.txt
NACA 1408,0.01,0.4,0.08,6.0,500000.0,0.7574,0.01316,-0.0211,T1-Re0.500-N9.0.txt
NACA 1408,0.01,0.4,0.08,7.0,500000.0,0.8523,0.01587,-0.0185,T1-Re0.500-N9.0.txt
NACA 1408,0.01,0.4,0.08,8.0,500000.0,0.9421,0.01987,-0.0154,T1-Re0.500-N9.0.txt
NACA 1408,0.01,0.4,0.08,9.0,500000.0,1.0278,0.02479,-0.012,T1-Re0.500-N9.0.txt
NACA 1408,0.01,0.4,0.08,10.0,500000.0,0.9909,0.05286,0.0008,T1-Re0.500-N9.0.txt
NACA 1408,0.01,0.4,0.08,14.0,500000.0,0.7993,0.17057,-0.0581,T1-Re0.500-N9.0.txt
NACA 1410,0.01,0.4,0.1,-6.0,500000.0,-0.6095,0.01257,-0.0139,T1-Re0.500-N9.0.txt
NACA 1410,0.01,0.4,0.1,-5.0,500000.0,-0.5074,0.0111,-0.0128,T1-Re0.500-N9.0.txt
NACA 1410,0.01,0.4,0.1,-4.0,500000.0,-0.3596,0.00958,-0.0214,T1-Re0.500-N9.0.txt
NACA 1410,0.01,0.4,0.1,-3.0,500000.0,-0.2144,0.00809,-0.0293,T1-Re0.500-N9.0.txt
NACA 1410,0.01,0.4,0.1,-2.0,500000.0,-0.0889,0.0067,-0.0322,T1-Re0.500-N9.0.txt
NACA 1410,0.01,0.4,0.1,-1.0,500000.0,0.0145,0.00578,-0.0291,T1-Re0.500-N9.0.txt
NACA 1410,0.01,0.4,0.1,0.0,500000.0,0.1142,0.00556,-0.0244,T1-Re0.500-N9.0.txt
NACA 1410,0.01,0.4,0.1,1.0,500000.0,0.2415,0.00596,-0.0262,T1-Re0.500-N9.0.txt
NACA 1410,0.01,0.4,0.1,2.0,500000.0,0.3961,0.00656,-0.0354,T1-Re0.500-N9.0.txt
NACA 1410,0.01,0.4,0.1,3.0,500000.0,0.4936,0.00721,-0.0327,T1-Re0.500-N9.0.txt
NACA 1410,0.01,0.4,0.1,4.0,500000.0,0.5892,0.00815,-0.0296,T1-Re0.500-N9.0.txt
NACA 1410,0.01,0.4,0.1,5.0,500000.0,0.6806,0.00979,-0.0262,T1-Re0.500-N9.0.txt
NACA 1410,0.01,0.4,0.1,6.0,500000.0,0.7723,0.01182,-0.023,T1-Re0.500-N9.0.txt
NACA 1410,0.01,0.4,0.1,7.0,500000.0,0.8664,0.01381,-0.0201,T1-Re0.500-N9.0.txt
NACA 1410,0.01,0.4,0.1,8.0,500000.0,0.9579,0.01607,-0.0171,T1-Re0.500-N9.0.txt
NACA 1410,0.01,0.4,0.1,9.0,500000.0,1.045,0.01869,-0.0136,T1-Re0.500-N9.0.txt
NACA 1410,0.01,0.4,0.1,10.0,500000.0,1.1235,0.02212,-0.0092,T1-Re0.500-N9.0.txt
NACA 1410,0.01,0.4,0.1,11.0,500000.0,1.1913,0.02642,-0.004,T1-Re0.500-N9.0.txt
NACA 1410,0.01,0.4,0.1,12.0,500000.0,1.2353,0.03231,0.0032,T1-Re0.500-N9.0.txt
NACA 1410,0.01,0.4,0.1,13.0,500000.0,1.2424,0.03992,0.0114,T1-Re0.500-N9.0.txt
NACA 1410,0.01,0.4,0.1,14.0,500000.0,1.2158,0.05323,0.0121,T1-Re0.500-N9.0.txt
NACA 1412,0.01,0.4,0.12,-6.0,500000.0,-0.6017,0.01212,-0.0169,T1-Re0.500-N9.0.txt
NACA 1412,0.01,0.4,0.12,-5.0,500000.0,-0.4564,0.01061,-0.0247,T1-Re0.500-N9.0.txt
NACA 1412,0.01,0.4,0.12,-3.0,500000.0,-0.1942,0.00802,-0.0332,T1-Re0.500-N9.0.txt
NACA 1412,0.01,0.4,0.12,-2.0,500000.0,-0.0896,0.00705,-0.0309,T1-Re0.500-N9.0.txt
NACA 1412,0.01,0.4,0.12,-1.0,500000.0,0.0138,0.00643,-0.0281,T1-Re0.500-N9.0.txt
NACA 1412,0.01,0.4,0.12,0.0,500000.0,0.1169,0.0062,-0.0249,T1-Re0.500-N9.0.txt
NACA 1412,0.01,0.4,0.12,1.0,500000.0,0.2201,0.00645,-0.0215,T1-Re0.500-N9.0.txt
NACA 1412,0.01,0.4,0.12,2.0,500000.0,0.3424,0.00707,-0.0227,T1-Re0.500-N9.0.txt
NACA 1412,0.01,0.4,0.12,3.0,500000.0,0.497,0.00783,-0.0318,T1-Re0.500-N9.0.txt
NACA 1412,0.01,0.4,0.12,4.0,500000.0,0.6248,0.00855,-0.0358,T1-Re0.500-N9.0.txt
NACA 1412,0.01,0.4,0.12,5.0,500000.0,0.7132,0.00957,-0.0316,T1-Re0.500-N9.0.txt
NACA 1412,0.01,0.4,0.12,6.0,500000.0,0.7982,0.01107,-0.0269,T1-Re0.500-N9.0.txt
NACA 1412,0.01,0.4,0.12,7.0,500000.0,0.8827,0.01285,-0.0222,T1-Re0.500-N9.0.txt
NACA 1412,0.01,0.4,0.12,8.0,500000.0,0.9698,0.01471,-0.0182,T1-Re0.500-N9.0.txt
NACA 1412,0.01,0.4,0.12,9.0,500000.0,1.0555,0.01677,-0.0142,T1-Re0.500-N9.0.txt
NACA 1412,0.01,0.4,0.12,10.0,500000.0,1.1326,0.01937,-0.0093,T1-Re0.500-N9.0.txt
NACA 1412,0.01,0.4,0.12,11.0,500000.0,1.1999,0.02224,-0.0034,T1-Re0.500-N9.0.txt
NACA 1412,0.01,0.4,0.12,12.0,500000.0,1.243,0.02612,0.0049,T1-Re0.500-N9.0.txt
NACA 1412,0.01,0.4,0.12,13.0,500000.0,1.2833,0.0307,0.0108,T1-Re0.500-N9.0.txt
NACA 1412,0.01,0.4,0.12,14.0,500000.0,1.3022,0.03821,0.015,T1-Re0.500-N9.0.txt
NACA 2408,0.02,0.4,0.08,-6.0,500000.0,-0.5003,0.0152,-0.0381,T1-Re0.500-N9.0.txt
NACA 2408,0.02,0.4,0.08,-5.0,500000.0,-0.3915,0.01254,-0.0385,T1-Re0.500-N9.0.txt
NACA 2408,0.02,0.4,0.08,-4.0,500000.0,-0.2447,0.0104,-0.0465,T1-Re0.500-N9.0.txt
NACA 2408,0.02,0.4,0.08,-2.0,500000.0,0.0311,0.00719,-0.0587,T1-Re0.500-N9.0.txt
NACA 2408,0.02,0.4,0.08,-1.0,500000.0,0.1295,0.00531,-0.0549,T1-Re0.500-N9.0.txt
NACA 2408,0.02,0.4,0.08,0.0,500000.0,0.2653,0.00514,-0.0588,T1-Re0.500-N9.0.txt
NACA 2408,0.02,0.4,0.08,1.0,500000.0,0.3679,0.00538,-0.0561,T1-Re0.500-N9.0.txt
NACA 2408,0.02,0.4,0.08,2.0,500000.0,0.471,0.00591,-0.0539,T1-Re0.500-N9.0.txt
NACA 2408,0.02,0.4,0.08,3.0,500000.0,0.5734,0.00673,-0.0517,T1-Re0.500-N9.0.txt
NACA 2408,0.02,0.4,0.08,4.0,500000.0,0.6759,0.00779,-0.05,T1-Re0.500-N9.0.txt
NACA 2408,0.02,0.4,0.08,5.0,500000.0,0.7688,0.01041,-0.0475,T1-Re0.500-N9.0.txt
NACA 2408,0.02,0.4,0.08,6.0,500000.0,0.8633,0.01305,-0.045,T1-Re0.500-N9.0.txt
NACA 2408,0.02,0.4,0.08,7.0,500000.0,0.9561,0.01571,-0.0421,T1-Re0.500-N9.0.txt
NACA 2408,0.02,0.4,0.08,8.0,500000.0,1.0442,0.01887,-0.0386,T1-Re0.500-N9.0.txt
NACA 2408,0.02,0.4,0.08,9.0,500000.0,1.1245,0.02382,-0.0342,T1-Re0.500-N9.0.txt
NACA 2408,0.02,0.4,0.08,10.0,500000.0,1.1923,0.03054,-0.0289,T1-Re0.500-N9.0.txt
NACA 2408,0.02,0.4,0.08,11.0,500000.0,1.1986,0.04369,-0.0181,T1-Re0.500-N9.0.txt
NACA 2408,0.02,0.4,0.08,12.0,500000.0,1.1154,0.0617,-0.0111,T1-Re0.500-N9.0.txt
NACA 2408,0.02,0.4,0.08,13.0,500000.0,1.0294,0.09205,-0.0304,T1-Re0.500-N9.0.txt
NACA 2410,0.02,0.4,0.1,-6.0,500000.0,-0.4857,0.0131,-0.042,T1-Re0.500-N9.0.txt
NACA 2410,0.02,0.4,0.1,-5.0,500000.0,-0.3413,0.01116,-0.0496,T1-Re0.500-N9.0.txt
NACA 2410,0.02,0.4,0.1,-4.0,500000.0,-0.1993,0.00966,-0.0564,T1-Re0.500-N9.0.txt
NACA 2410,0.02,0.4,0.1,-3.0,500000.0,-0.0756,0.00836,-0.0589,T1-Re0.500-N9.0.txt
NACA 2410,0.02,0.4,0.1,-2.0,500000.0,0.0318,0.0072,-0.0576,T1-Re0.500-N9.0.txt
NACA 2410,0.02,0.4,0.1,-1.0,500000.0,0.1318,0.00596,-0.0544,T1-Re0.500-N9.0.txt
NACA 2410,0.02,0.4,0.1,0.0,500000.0,0.2382,0.00567,-0.0511,T1-Re0.500-N9.0.txt
NACA 2410,0.02,0.4,0.1,1.0,500000.0,0.3889,0.00601,-0.0591,T1-Re0.500-N9.0.txt
NACA 2410,0.02,0.4,0.1,2.0,500000.0,0.4887,0.00649,-0.0564,T1-Re0.500-N9.0.txt
NACA 2410,0.02,0.4,0.1,3.0,500000.0,0.588,0.00714,-0.0537,T1-Re0.500-N9.0.txt
NACA 2410,0.02,0.4,0.1,4.0,500000.0,0.6886,0.00793,-0.0514,T1-Re0.500-N9.0.txt
NACA 2410,0.02,0.4,0.1,5.0,500000.0,0.788,0.00907,-0.0492,T1-Re0.500-N9.0.txt
NACA 2410,0.02,0.4,0.1,6.0,500000.0,0.8791,0.01135,-0.0462,T1-Re0.500-N9.0.txt
NACA 2410,0.02,0.4,0.1,7.0,500000.0,0.9695,0.01377,-0.0432,T1-Re0.500-N9.0.txt
NACA 2410,0.02,0.4,0.1,8.0,500000.0,1.0586,0.01612,-0.0398,T1-Re0.500-N9.0.txt
NACA 2410,0.02,0.4,0.1,9.0,500000.0,1.1391,0.01901,-0.0354,T1-Re0.500-N9.0.txt
NACA 2410,0.02,0.4,0.1,10.0,500000.0,1.2121,0.02218,-0.0301,T1-Re0.500-N9.0.txt
NACA 2410,0.02,0.4,0.1,11.0,500000.0,1.2648,0.02642,-0.0225,T1-Re0.500-N9.0.txt
NACA 2410,0.02,0.4,0.1,12.0,500000.0,1.3085,0.03076,-0.015,T1-Re0.500-N9.0.txt
NACA 2410,0.02,0.4,0.1,13.0,500000.0,1.3287,0.03819,-0.0081,T1-Re0.500-N9.0.txt
NACA 2410,0.02,0.4,0.1,14.0,500000.0,1.3283,0.04824,-0.0044,T1-Re0.500-N9.0.txt
NACA 2412,0.02,0.4,0.12,-6.0,500000.0,-0.4385,0.01205,-0.0525,T1-Re0.500-N9.0.txt
NACA 2412,0.02,0.4,0.12,-5.0,500000.0,-0.3002,0.01055,-0.0583,T1-Re0.500-N9.0.txt
NACA 2412,0.02,0.4,0.12,-4.0,500000.0,-0.1845,0.00934,-0.0588,T1-Re0.500-N9.0.txt
NACA 2412,0.02,0.4,0.12,-3.0,500000.0,-0.0768,0.00836,-0.0575,T1-Re0.500-N9.0.txt
NACA 2412,0.02,0.4,0.12,-2.0,500000.0,0.0293,0.00747,-0.0558,T1-Re0.500-N9.0.txt
NACA 2412,0.02,0.4,0.12,-1.0,500000.0,0.1328,0.00665,-0.0535,T1-Re0.500-N9.0.txt
NACA 2412,0.02,0.4,0.12,0.0,500000.0,0.2333,0.0063,-0.0497,T1-Re0.500-N9.0.txt
NACA 2412,0.02,0.4,0.12,1.0,500000.0,0.3475,0.00662,-0.0487,T1-Re0.500-N9.0.txt
NACA 2412,0.02,0.4,0.12,2.0,500000.0,0.5053,0.0072,-0.0583,T1-Re0.500-N9.0.txt
NACA 2412,0.02,0.4,0.12,3.0,500000.0,0.6144,0.0077,-0.0581,T1-Re0.500-N9.0.txt
NACA 2412,0.02,0.4,0.12,4.0,500000.0,0.7092,0.00832,-0.0546,T1-Re0.500-N9.0.txt
NACA 2412,0.02,0.4,0.12,5.0,500000.0,0.8039,0.00912,-0.0512,T1-Re0.500-N9.0.txt
NACA 2412,0.02,0.4,0.12,6.0,500000.0,0.896,0.01045,-0.0477,T1-Re0.500-N9.0.txt
NACA 2412,0.02,0.4,0.12,7.0,500000.0,0.9837,0.01244,-0.044,T1-Re0.500-N9.0.txt
NACA 2412,0.02,0.4,0.12,8.0,500000.0,1.0688,0.01466,-0.04,T1-Re0.500-N9.0.txt
NACA 2412,0.02,0.4,0.12,9.0,500000.0,1.1507,0.01692,-0.0356,T1-Re0.500-N9.0.txt
NACA 2412,0.02,0.4,0.12,10.0,500000.0,1.2211,0.01961,-0.0297,T1-Re0.500-N9.0.txt
NACA 2412,0.02,0.4,0.12,11.0,500000.0,1.2771,0.02247,-0.022,T1-Re0.500-N9.0.txt
NACA 2412,0.02,0.4,0.12,12.0,500000.0,1.319,0.02657,-0.0144,T1-Re0.500-N9.0.txt
NACA 2412,0.02,0.4,0.12,13.0,500000.0,1.3455,0.03258,-0.0081,T1-Re0.500-N9.0.txt
NACA 2412,0.02,0.4,0.12,14.0,500000.0,1.3717,0.03966,-0.0049,T1-Re0.500-N9.0.txt
NACA 2414,0.02,0.4,0.14,-6.0,500000.0,-0.4045,0.01151,-0.0592,T1-Re0.500-N9.0.txt
NACA 2414,0.02,0.4,0.14,-5.0,500000.0,-0.2927,0.01029,-0.0589,T1-Re0.500-N9.0.txt
NACA 2414,0.02,0.4,0.14,-4.0,500000.0,-0.1855,0.00932,-0.0574,T1-Re0.500-N9.0.txt
NACA 2414,0.02,0.4,0.14,-3.0,500000.0,-0.0784,0.00857,-0.0559,T1-Re0.500-N9.0.txt
NACA 2414,0.02,0.4,0.14,-2.0,500000.0,0.0284,0.0079,-0.0544,T1-Re0.500-N9.0.txt
NACA 2414,0.02,0.4,0.14,-1.0,500000.0,0.1331,0.00735,-0.0524,T1-Re0.500-N9.0.txt
NACA 2414,0.02,0.4,0.14,0.0,500000.0,0.2368,0.00709,-0.0499,T1-Re0.500-N9.0.txt
NACA 2414,0.02,0.4,0.14,1.0,500000.0,0.3386,0.00717,-0.0465,T1-Re0.500-N9.0.txt
NACA 2414,0.02,0.4,0.14,2.0,500000.0,0.4521,0.00768,-0.0456,T1-Re0.500-N9.0.txt
NACA 2414,0.02,0.4,0.14,3.0,500000.0,0.6049,0.00836,-0.0542,T1-Re0.500-N9.0.txt
NACA 2414,0.02,0.4,0.14,4.0,500000.0,0.7427,0.00894,-0.0602,T1-Re0.500-N9.0.txt
NACA 2414,0.02,0.4,0.14,5.0,500000.0,0.8293,0.00955,-0.0553,T1-Re0.500-N9.0.txt
NACA 2414,0.02,0.4,0.14,7.0,500000.0,0.9969,0.01184,-0.0449,T1-Re0.500-N9.0.txt
NACA 2414,0.02,0.4,0.14,8.0,500000.0,1.0778,0.01366,-0.0399,T1-Re0.500-N9.0.txt
NACA 2414,0.02,0.4,0.14,9.0,500000.0,1.1537,0.01578,-0.0344,T1-Re0.500-N9.0.txt
NACA 2414,0.02,0.4,0.14,10.0,500000.0,1.2179,0.01808,-0.0271,T1-Re0.500-N9.0.txt
NACA 2414,0.02,0.4,0.14,11.0,500000.0,1.275,0.02081,-0.0198,T1-Re0.500-N9.0.txt
NACA 2414,0.02,0.4,0.14,12.0,500000.0,1.3212,0.02456,-0.0129,T1-Re0.500-N9.0.txt
NACA 2414,0.02,0.4,0.14,13.0,500000.0,1.359,0.02951,-0.0073,T1-Re0.500-N9.0.txt
NACA 2414,0.02,0.4,0.14,14.0,500000.0,1.3822,0.03657,-0.0033,T1-Re0.500-N9.0.txt
NACA 2415,0.02,0.4,0.15,-6.0,500000.0,-0.3991,0.01135,-0.0599,T1-Re0.500-N9.0.txt
NACA 2415,0.02,0.4,0.15,-5.0,500000.0,-0.2923,0.01027,-0.0584,T1-Re0.500-N9.0.txt
NACA 2415,0.02,0.4,0.15,-4.0,500000.0,-0.1861,0.00941,-0.0567,T1-Re0.500-N9.0.txt
NACA 2415,0.02,0.4,0.15,-3.0,500000.0,-0.0786,0.00873,-0.0553,T1-Re0.500-N9.0.txt
NACA 2415,0.02,0.4,0.15,-2.0,500000.0,0.0282,0.00815,-0.0538,T1-Re0.500-N9.0.txt
NACA 2415,0.02,0.4,0.15,-1.0,500000.0,0.1331,0.00769,-0.0519,T1-Re0.500-N9.0.txt
NACA 2415,0.02,0.4,0.15,0.0,500000.0,0.2373,0.00748,-0.0496,T1-Re0.500-N9.0.txt
NACA 2415,0.02,0.4,0.15,1.0,500000.0,0.3403,0.00751,-0.0468,T1-Re0.500-N9.0.txt
NACA 2415,0.02,0.4,0.15,2.0,500000.0,0.4442,0.00789,-0.0438,T1-Re0.500-N9.0.txt
NACA 2415,0.02,0.4,0.15,3.0,500000.0,0.5742,0.00857,-0.047,T1-Re0.500-N9.0.txt
NACA 2415,0.02,0.4,0.15,4.0,500000.0,0.7359,0.00928,-0.0577,T1-Re0.500-N9.0.txt
NACA 2415,0.02,0.4,0.15,5.0,500000.0,0.8473,0.00987,-0.0583,T1-Re0.500-N9.0.txt
NACA 2415,0.02,0.4,0.15,6.0,500000.0,0.926,0.01069,-0.052,T1-Re0.500-N9.0.txt
NACA 2415,0.02,0.4,0.15,7.0,500000.0,1.0035,0.01183,-0.0456,T1-Re0.500-N9.0.txt
NACA 2415,0.02,0.4,0.15,8.0,500000.0,1.0807,0.01339,-0.0396,T1-Re0.500-N9.0.txt
NACA 2415,0.02,0.4,0.15,9.0,500000.0,1.1533,0.01533,-0.0334,T1-Re0.500-N9.0.txt
NACA 2415,0.02,0.4,0.15,10.0,500000.0,1.2144,0.01753,-0.0256,T1-Re0.500-N9.0.txt
NACA 2415,0.02,0.4,0.15,11.0,500000.0,1.2705,0.02032,-0.0184,T1-Re0.500-N9.0.txt
NACA 2415,0.02,0.4,0.15,12.0,500000.0,1.3178,0.024,-0.0117,T1-Re0.500-N9.0.txt
NACA 2415,0.02,0.4,0.15,13.0,500000.0,1.3572,0.02882,-0.0063,T1-Re0.500-N9.0.txt
NACA 2415,0.02,0.4,0.15,14.0,500000.0,1.3836,0.03552,-0.0023,T1-Re0.500-N9.0.txt
NACA 2418,0.02,0.4,0.18,-5.0,500000.0,-0.2906,0.01047,-0.0569,T1-Re0.500-N9.0.txt
NACA 2418,0.02,0.4,0.18,-4.0,500000.0,-0.1845,0.00984,-0.0553,T1-Re0.500-N9.0.txt
NACA 2418,0.02,0.4,0.18,-3.0,500000.0,-0.078,0.00937,-0.0537,T1-Re0.500-N9.0.txt
NACA 2418,0.02,0.4,0.18,-2.0,500000.0,0.0276,0.00899,-0.052,T1-Re0.500-N9.0.txt
NACA 2418,0.02,0.4,0.18,-1.0,500000.0,0.1319,0.00871,-0.0501,T1-Re0.500-N9.0.txt
NACA 2418,0.02,0.4,0.18,0.0,500000.0,0.236,0.00861,-0.048,T1-Re0.500-N9.0.txt
NACA 2418,0.02,0.4,0.18,1.0,500000.0,0.3402,0.00862,-0.0459,T1-Re0.500-N9.0.txt
NACA 2418,0.02,0.4,0.18,2.0,500000.0,0.4436,0.00878,-0.0434,T1-Re0.500-N9.0.txt
NACA 2418,0.02,0.4,0.18,3.0,500000.0,0.5452,0.00913,-0.0404,T1-Re0.500-N9.0.txt
NACA 2418,0.02,0.4,0.18,4.0,500000.0,0.6515,0.00978,-0.0383,T1-Re0.500-N9.0.txt
NACA 2418,0.02,0.4,0.18,5.0,500000.0,0.794,0.01066,-0.0447,T1-Re0.500-N9.0.txt
NACA 2418,0.02,0.4,0.18,6.0,500000.0,0.9542,0.01166,-0.0555,T1-Re0.500-N9.0.txt
NACA 2418,0.02,0.4,0.18,7.0,500000.0,1.0351,0.01253,-0.0505,T1-Re0.500-N9.0.txt
NACA 2418,0.02,0.4,0.18,8.0,500000.0,1.0803,0.01347,-0.038,T1-Re0.500-N9.0.txt
NACA 2418,0.02,0.4,0.18,9.0,500000.0,1.1304,0.01491,-0.0271,T1-Re0.500-N9.0.txt
NACA 2418,0.02,0.4,0.18,10.0,500000.0,1.1925,0.01693,-0.02,T1-Re0.500-N9.0.txt
NACA 2418,0.02,0.4,0.18,11.0,500000.0,1.2484,0.0197,-0.0133,T1-Re0.500-N9.0.txt
NACA 2418,0.02,0.4,0.18,12.0,500000.0,1.2981,0.02329,-0.0074,T1-Re0.500-N9.0.txt
NACA 2418,0.02,0.4,0.18,13.0,500000.0,1.3385,0.02804,-0.0024,T1-Re0.500-N9.0.txt
NACA 2418,0.02,0.4,0.18,14.0,500000.0,1.3661,0.03448,0.0016,T1-Re0.500-N9.0.txt
NACA 2421,0.02,0.4,0.21,-6.0,500000.0,-0.3854,0.01159,-0.0586,T1-Re0.500-N9.0.txt
NACA 2421,0.02,0.4,0.21,-5.0,500000.0,-0.2831,0.01097,-0.0564,T1-Re0.500-N9.0.txt
NACA 2421,0.02,0.4,0.21,-4.0,500000.0,-0.1794,0.01053,-0.0544,T1-Re0.500-N9.0.txt
NACA 2421,0.02,0.4,0.21,-3.0,500000.0,-0.0762,0.01017,-0.0523,T1-Re0.500-N9.0.txt
NACA 2421,0.02,0.4,0.21,-2.0,500000.0,0.0269,0.00991,-0.0502,T1-Re0.500-N9.0.txt
NACA 2421,0.02,0.4,0.21,-1.0,500000.0,0.1288,0.00972,-0.0478,T1-Re0.500-N9.0.txt
NACA 2421,0.02,0.4,0.21,0.0,500000.0,0.2308,0.00965,-0.0455,T1-Re0.500-N9.0.txt
NACA 2421,0.02,0.4,0.21,1.0,500000.0,0.3334,0.00969,-0.0432,T1-Re0.500-N9.0.txt
NACA 2421,0.02,0.4,0.21,2.0,500000.0,0.4351,0.00984,-0.0407,T1-Re0.500-N9.0.txt
NACA 2421,0.02,0.4,0.21,3.0,500000.0,0.5357,0.01005,-0.038,T1-Re0.500-N9.0.txt
NACA 2421,0.02,0.4,0.21,4.0,500000.0,0.6326,0.01043,-0.0344,T1-Re0.500-N9.0.txt
NACA 2421,0.02,0.4,0.21,5.0,500000.0,0.7243,0.01106,-0.0297,T1-Re0.500-N9.0.txt
NACA 2421,0.02,0.4,0.21,6.0,500000.0,0.8334,0.01204,-0.0291,T1-Re0.500-N9.0.txt
NACA 2421,0.02,0.4,0.21,7.0,500000.0,0.9852,0.01345,-0.0384,T1-Re0.500-N9.0.txt
NACA 2421,0.02,0.4,0.21,8.0,500000.0,1.0722,0.0145,-0.0356,T1-Re0.500-N9.0.txt
NACA 2421,0.02,0.4,0.21,9.0,500000.0,1.097,0.0157,-0.0207,T1-Re0.500-N9.0.txt
NACA 2421,0.02,0.4,0.21,10.0,500000.0,1.1544,0.01763,-0.0133,T1-Re0.500-N9.0.txt
NACA 2421,0.02,0.4,0.21,11.0,500000.0,1.2107,0.02036,-0.0072,T1-Re0.500-N9.0.txt
NACA 2421,0.02,0.4,0.21,12.0,500000.0,1.2613,0.02394,-0.002,T1-Re0.500-N9.0.txt
NACA 2421,0.02,0.4,0.21,13.0,500000.0,1.3014,0.02874,0.0027,T1-Re0.500-N9.0.txt
NACA 2421,0.02,0.4,0.21,14.0,500000.0,1.3332,0.03488,0.0062,T1-Re0.500-N9.0.txt
NACA 2424,0.02,0.4,0.24,-6.0,500000.0,-0.3661,0.01218,-0.0599,T1-Re0.500-N9.0.txt
NACA 2424,0.02,0.4,0.24,-5.0,500000.0,-0.2698,0.01169,-0.0567,T1-Re0.500-N9.0.txt
NACA 2424,0.02,0.4,0.24,-4.0,500000.0,-0.1719,0.01132,-0.0538,T1-Re0.500-N9.0.txt
NACA 2424,0.02,0.4,0.24,-3.0,500000.0,-0.0733,0.01107,-0.0509,T1-Re0.500-N9.0.txt
NACA 2424,0.02,0.4,0.24,-2.0,500000.0,0.0249,0.01087,-0.0479,T1-Re0.500-N9.0.txt
NACA 2424,0.02,0.4,0.24,-1.0,500000.0,0.123,0.01073,-0.0449,T1-Re0.500-N9.0.txt
NACA 2424,0.02,0.4,0.24,0.0,500000.0,0.2207,0.0107,-0.0419,T1-Re0.500-N9.0.txt
NACA 2424,0.02,0.4,0.24,1.0,500000.0,0.3185,0.01073,-0.0388,T1-Re0.500-N9.0.txt
NACA 2424,0.02,0.4,0.24,2.0,500000.0,0.4155,0.01086,-0.0357,T1-Re0.500-N9.0.txt
NACA 2424,0.02,0.4,0.24,3.0,500000.0,0.5102,0.01108,-0.0321,T1-Re0.500-N9.0.txt
NACA 2424,0.02,0.4,0.24,4.0,500000.0,0.5975,0.01138,-0.0271,T1-Re0.500-N9.0.txt
NACA 2424,0.02,0.4,0.24,5.0,500000.0,0.6835,0.01189,-0.022,T1-Re0.500-N9.0.txt
NACA 2424,0.02,0.4,0.24,6.0,500000.0,0.7651,0.01268,-0.0161,T1-Re0.500-N9.0.txt
NACA 2424,0.02,0.4,0.24,7.0,500000.0,0.8505,0.01392,-0.0114,T1-Re0.500-N9.0.txt
NACA 2424,0.02,0.4,0.24,8.0,500000.0,0.9876,0.01581,-0.0189,T1-Re0.500-N9.0.txt
NACA 2424,0.02,0.4,0.24,9.0,500000.0,1.083,0.01756,-0.0194,T1-Re0.500-N9.0.txt
NACA 2424,0.02,0.4,0.24,10.0,500000.0,1.1068,0.0194,-0.0067,T1-Re0.500-N9.0.txt
NACA 2424,0.02,0.4,0.24,11.0,500000.0,1.1565,0.0222,-0.0002,T1-Re0.500-N9.0.txt
NACA 2424,0.02,0.4,0.24,12.0,500000.0,1.2056,0.02589,0.0045,T1-Re0.500-N9.0.txt
NACA 2424,0.02,0.4,0.24,13.0,500000.0,1.2492,0.03059,0.0084,T1-Re0.500-N9.0.txt
NACA 2424,0.02,0.4,0.24,14.0,500000.0,1.2844,0.03649,0.0114,T1-Re0.500-N9.0.txt
NACA 4412,0.04,0.4,0.12,-6.0,500000.0,-0.1754,0.01195,-0.1082,T1-Re0.500-N9.0.txt
NACA 4412,0.04,0.4,0.12,-5.0,500000.0,-0.0664,0.01071,-0.1071,T1-Re0.500-N9.0.txt
NACA 4412,0.04,0.4,0.12,-4.0,500000.0,0.0432,0.0097,-0.1062,T1-Re0.500-N9.0.txt
NACA 4412,0.04,0.4,0.12,-3.0,500000.0,0.1533,0.00897,-0.1055,T1-Re0.500-N9.0.txt
NACA 4412,0.04,0.4,0.12,-2.0,500000.0,0.2633,0.00845,-0.1048,T1-Re0.500-N9.0.txt
NACA 4412,0.04,0.4,0.12,-1.0,500000.0,0.3724,0.00805,-0.104,T1-Re0.500-N9.0.txt
NACA 4412,0.04,0.4,0.12,1.0,500000.0,0.598,0.00706,-0.1034,T1-Re0.500-N9.0.txt
NACA 4412,0.04,0.4,0.12,2.0,500000.0,0.7013,0.00761,-0.1015,T1-Re0.500-N9.0.txt
NACA 4412,0.04,0.4,0.12,3.0,500000.0,0.8063,0.00821,-0.1001,T1-Re0.500-N9.0.txt
NACA 4412,0.04,0.4,0.12,4.0,500000.0,0.9111,0.00887,-0.0987,T1-Re0.500-N9.0.txt
NACA 4412,0.04,0.4,0.12,5.0,500000.0,1.0144,0.00956,-0.0972,T1-Re0.500-N9.0.txt
NACA 4412,0.04,0.4,0.12,6.0,500000.0,1.1149,0.01034,-0.0952,T1-Re0.500-N9.0.txt
NACA 4412,0.04,0.4,0.12,7.0,500000.0,1.2092,0.01144,-0.0923,T1-Re0.500-N9.0.txt
NACA 4412,0.04,0.4,0.12,9.0,500000.0,1.3415,0.01674,-0.0782,T1-Re0.500-N9.0.txt
NACA 4412,0.04,0.4,0.12,10.0,500000.0,1.3869,0.02023,-0.0688,T1-Re0.500-N9.0.txt
NACA 4412,0.04,0.4,0.12,11.0,500000.0,1.4292,0.02419,-0.0605,T1-Re0.500-N9.0.txt
NACA 4412,0.04,0.4,0.12,12.0,500000.0,1.4601,0.02952,-0.053,T1-Re0.500-N9.0.txt
NACA 4412,0.04,0.4,0.12,13.0,500000.0,1.4822,0.03643,-0.0472,T1-Re0.500-N9.0.txt
NACA 4412,0.04,0.4,0.12,14.0,500000.0,1.488,0.04595,-0.0432,T1-Re0.500-N9.0.txt
NACA 4415,0.04,0.4,0.15,-6.0,500000.0,-0.1735,0.01145,-0.1059,T1-Re0.500-N9.0.txt
NACA 4415,0.04,0.4,0.15,-5.0,500000.0,-0.0647,0.01054,-0.1049,T1-Re0.500-N9.0.txt
NACA 4415,0.04,0.4,0.15,-4.0,500000.0,0.0453,0.00986,-0.1041,T1-Re0.500-N9.0.txt
NACA 4415,0.04,0.4,0.15,-3.0,500000.0,0.1551,0.00937,-0.1032,T1-Re0.500-N9.0.txt
NACA 4415,0.04,0.4,0.15,-2.0,500000.0,0.2642,0.00904,-0.1023,T1-Re0.500-N9.0.txt
NACA 4415,0.04,0.4,0.15,-1.0,500000.0,0.3719,0.00879,-0.1012,T1-Re0.500-N9.0.txt
NACA 4415,0.04,0.4,0.15,0.0,500000.0,0.4745,0.00822,-0.0993,T1-Re0.500-N9.0.txt
NACA 4415,0.04,0.4,0.15,1.0,500000.0,0.5695,0.00794,-0.0945,T1-Re0.500-N9.0.txt
NACA 4415,0.04,0.4,0.15,2.0,500000.0,0.7266,0.0085,-0.1039,T1-Re0.500-N9.0.txt
NACA 4415,0.04,0.4,0.15,3.0,500000.0,0.8187,0.00903,-0.0999,T1-Re0.500-N9.0.txt
NACA 4415,0.04,0.4,0.15,4.0,500000.0,0.9162,0.0096,-0.097,T1-Re0.500-N9.0.txt
NACA 4415,0.04,0.4,0.15,5.0,500000.0,1.0149,0.01024,-0.0945,T1-Re0.500-N9.0.txt
NACA 4415,0.04,0.4,0.15,6.0,500000.0,1.1108,0.01101,-0.0916,T1-Re0.500-N9.0.txt
NACA 4415,0.04,0.4,0.15,7.0,500000.0,1.2027,0.01185,-0.0881,T1-Re0.500-N9.0.txt
NACA 4415,0.04,0.4,0.15,8.0,500000.0,1.2825,0.01301,-0.0826,T1-Re0.500-N9.0.txt
NACA 4415,0.04,0.4,0.15,9.0,500000.0,1.3503,0.01482,-0.0756,T1-Re0.500-N9.0.txt
NACA 4415,0.04,0.4,0.15,10.0,500000.0,1.4051,0.01755,-0.0676,T1-Re0.500-N9.0.txt
NACA 4415,0.04,0.4,0.15,11.0,500000.0,1.4477,0.02132,-0.0594,T1-Re0.500-N9.0.txt
NACA 4415,0.04,0.4,0.15,12.0,500000.0,1.4789,0.02636,-0.0516,T1-Re0.500-N9.0.txt
NACA 4415,0.04,0.4,0.15,13.0,500000.0,1.5007,0.03285,-0.0452,T1-Re0.500-N9.0.txt
NACA 4418,0.04,0.4,0.18,-6.0,500000.0,-0.1694,0.01146,-0.1039,T1-Re0.500-N9.0.txt
NACA 4418,0.04,0.4,0.18,-5.0,500000.0,-0.0613,0.01081,-0.1027,T1-Re0.500-N9.0.txt
NACA 4418,0.04,0.4,0.18,-3.0,500000.0,0.1548,0.00996,-0.1003,T1-Re0.500-N9.0.txt
NACA 4418,0.04,0.4,0.18,-2.0,500000.0,0.2617,0.00977,-0.0989,T1-Re0.500-N9.0.txt
NACA 4418,0.04,0.4,0.18,-1.0,500000.0,0.3671,0.00961,-0.0974,T1-Re0.500-N9.0.txt
NACA 4418,0.04,0.4,0.18,0.0,500000.0,0.4695,0.00932,-0.0954,T1-Re0.500-N9.0.txt
NACA 4418,0.04,0.4,0.18,2.0,500000.0,0.6661,0.00927,-0.0885,T1-Re0.500-N9.0.txt
NACA 4418,0.04,0.4,0.18,3.0,500000.0,0.8,0.00991,-0.0926,T1-Re0.500-N9.0.txt
NACA 4418,0.04,0.4,0.18,4.0,500000.0,0.9334,0.01055,-0.0978,T1-Re0.500-N9.0.txt
NACA 4418,0.04,0.4,0.18,5.0,500000.0,1.0099,0.01112,-0.0909,T1-Re0.500-N9.0.txt
NACA 4418,0.04,0.4,0.18,6.0,500000.0,1.0919,0.0118,-0.0852,T1-Re0.500-N9.0.txt
NACA 4418,0.04,0.4,0.18,7.0,500000.0,1.1703,0.01261,-0.0792,T1-Re0.500-N9.0.txt
NACA 4418,0.04,0.4,0.18,8.0,500000.0,1.2474,0.01378,-0.0735,T1-Re0.500-N9.0.txt
NACA 4418,0.04,0.4,0.18,9.0,500000.0,1.3194,0.01541,-0.0678,T1-Re0.500-N9.0.txt
NACA 4418,0.04,0.4,0.18,10.0,500000.0,1.3822,0.01772,-0.0615,T1-Re0.500-N9.0.txt
NACA 4418,0.04,0.4,0.18,11.0,500000.0,1.435,0.02089,-0.0549,T1-Re0.500-N9.0.txt
NACA 4418,0.04,0.4,0.18,12.0,500000.0,1.4758,0.02521,-0.0483,T1-Re0.500-N9.0.txt
NACA 4418,0.04,0.4,0.18,13.0,500000.0,1.5022,0.03114,-0.0421,T1-Re0.500-N9.0.txt
NACA 4418,0.04,0.4,0.18,14.0,500000.0,1.5182,0.0388,-0.0372,T1-Re0.500-N9.0.txt
NACA 4421,0.04,0.4,0.21,-6.0,500000.0,-0.1636,0.01176,-0.1018,T1-Re0.500-N9.0.txt
NACA 4421,0.04,0.4,0.21,-5.0,500000.0,-0.0582,0.01127,-0.1002,T1-Re0.500-N9.0.txt
NACA 4421,0.04,0.4,0.21,-4.0,500000.0,0.0466,0.01091,-0.0984,T1-Re0.500-N9.0.txt
NACA 4421,0.04,0.4,0.21,-3.0,500000.0,0.151,0.01069,-0.0965,T1-Re0.500-N9.0.txt
NACA 4421,0.04,0.4,0.21,-2.0,500000.0,0.2542,0.01056,-0.0944,T1-Re0.500-N9.0.txt
NACA 4421,0.04,0.4,0.21,-1.0,500000.0,0.3564,0.0105,-0.0922,T1-Re0.500-N9.0.txt
NACA 4421,0.04,0.4,0.21,0.0,500000.0,0.4567,0.01036,-0.0898,T1-Re0.500-N9.0.txt
NACA 4421,0.04,0.4,0.21,1.0,500000.0,0.5559,0.01031,-0.0872,T1-Re0.500-N9.0.txt
NACA 4421,0.04,0.4,0.21,2.0,500000.0,0.6544,0.0104,-0.0842,T1-Re0.500-N9.0.txt
NACA 4421,0.04,0.4,0.21,3.0,500000.0,0.748,0.01065,-0.08,T1-Re0.500-N9.0.txt
NACA 4421,0.04,0.4,0.21,4.0,500000.0,0.8495,0.01127,-0.0773,T1-Re0.500-N9.0.txt
NACA 4421,0.04,0.4,0.21,5.0,500000.0,1.0095,0.01228,-0.0881,T1-Re0.500-N9.0.txt
NACA 4421,0.04,0.4,0.21,6.0,500000.0,1.0518,0.01278,-0.075,T1-Re0.500-N9.0.txt
NACA 4421,0.04,0.4,0.21,7.0,500000.0,1.1252,0.01377,-0.0687,T1-Re0.500-N9.0.txt
NACA 4421,0.04,0.4,0.21,8.0,500000.0,1.1998,0.0151,-0.0633,T1-Re0.500-N9.0.txt
NACA 4421,0.04,0.4,0.21,9.0,500000.0,1.271,0.01687,-0.0582,T1-Re0.500-N9.0.txt
NACA 4421,0.04,0.4,0.21,10.0,500000.0,1.3356,0.01922,-0.0529,T1-Re0.500-N9.0.txt
NACA 4421,0.04,0.4,0.21,11.0,500000.0,1.39,0.02242,-0.0473,T1-Re0.500-N9.0.txt
NACA 4421,0.04,0.4,0.21,12.0,500000.0,1.4354,0.02659,-0.0418,T1-Re0.500-N9.0.txt
NACA 4421,0.04,0.4,0.21,13.0,500000.0,1.4711,0.032,-0.0369,T1-Re0.500-N9.0.txt
NACA 4421,0.04,0.4,0.21,14.0,500000.0,1.4924,0.03917,-0.0324,T1-Re0.500-N9.0.txt
NACA 4424,0.04,0.4,0.24,-6.0,500000.0,-0.1558,0.01231,-0.0997,T1-Re0.500-N9.0.txt
NACA 4424,0.04,0.4,0.24,-5.0,500000.0,-0.0563,0.01192,-0.097,T1-Re0.500-N9.0.txt
NACA 4424,0.04,0.4,0.24,-4.0,500000.0,0.0433,0.01167,-0.0942,T1-Re0.500-N9.0.txt
NACA 4424,0.04,0.4,0.24,-3.0,500000.0,0.1419,0.01152,-0.0913,T1-Re0.500-N9.0.txt
NACA 4424,0.04,0.4,0.24,-2.0,500000.0,0.2397,0.01146,-0.0882,T1-Re0.500-N9.0.txt
NACA 4424,0.04,0.4,0.24,-1.0,500000.0,0.3366,0.01142,-0.0851,T1-Re0.500-N9.0.txt
NACA 4424,0.04,0.4,0.24,0.0,500000.0,0.4322,0.01139,-0.0818,T1-Re0.500-N9.0.txt
NACA 4424,0.04,0.4,0.24,1.0,500000.0,0.525,0.01139,-0.0781,T1-Re0.500-N9.0.txt
NACA 4424,0.04,0.4,0.24,2.0,500000.0,0.6146,0.01149,-0.0737,T1-Re0.500-N9.0.txt
NACA 4424,0.04,0.4,0.24,3.0,500000.0,0.7082,0.01185,-0.0702,T1-Re0.500-N9.0.txt
NACA 4424,0.04,0.4,0.24,4.0,500000.0,0.798,0.01228,-0.066,T1-Re0.500-N9.0.txt
NACA 4424,0.04,0.4,0.24,5.0,500000.0,0.8791,0.013,-0.0598,T1-Re0.500-N9.0.txt
NACA 4424,0.04,0.4,0.24,6.0,500000.0,1.0199,0.0143,-0.0672,T1-Re0.500-N9.0.txt
NACA 4424,0.04,0.4,0.24,7.0,500000.0,1.0762,0.01528,-0.0586,T1-Re0.500-N9.0.txt
NACA 4424,0.04,0.4,0.24,8.0,500000.0,1.145,0.01677,-0.0529,T1-Re0.500-N9.0.txt
NACA 4424,0.04,0.4,0.24,9.0,500000.0,1.2128,0.01879,-0.048,T1-Re0.500-N9.0.txt
NACA 4424,0.04,0.4,0.24,10.0,500000.0,1.2743,0.02144,-0.0431,T1-Re0.500-N9.0.txt
NACA 4424,0.04,0.4,0.24,11.0,500000.0,1.3284,0.02488,-0.0384,T1-Re0.500-N9.0.txt
NACA 4424,0.04,0.4,0.24,12.0,500000.0,1.3739,0.02932,-0.0338,T1-Re0.500-N9.0.txt
NACA 4424,0.04,0.4,0.24,13.0,500000.0,1.4124,0.03473,-0.0298,T1-Re0.500-N9.0.txt
NACA 4424,0.04,0.4,0.24,14.0,500000.0,1.4415,0.0414,-0.0264,T1-Re0.500-N9.0.txt
NACA 6409,0.06,0.4,0.09,-6.0,500000.0,0.0407,0.01737,-0.1548,T1-Re0.500-N9.0.txt
NACA 6409,0.06,0.4,0.09,-4.0,500000.0,0.2614,0.01094,-0.1554,T1-Re0.500-N9.0.txt
NACA 6409,0.06,0.4,0.09,-3.0,500000.0,0.3729,0.00953,-0.1552,T1-Re0.500-N9.0.txt
NACA 6409,0.06,0.4,0.09,-2.0,500000.0,0.4839,0.00876,-0.1548,T1-Re0.500-N9.0.txt
NACA 6409,0.06,0.4,0.09,-1.0,500000.0,0.594,0.00839,-0.1544,T1-Re0.500-N9.0.txt
NACA 6409,0.06,0.4,0.09,0.0,500000.0,0.7027,0.00827,-0.1538,T1-Re0.500-N9.0.txt
NACA 6409,0.06,0.4,0.09,1.0,500000.0,0.8039,0.00714,-0.1518,T1-Re0.500-N9.0.txt
NACA 6409,0.06,0.4,0.09,2.0,500000.0,0.9102,0.00777,-0.1507,T1-Re0.500-N9.0.txt
NACA 6409,0.06,0.4,0.09,3.0,500000.0,1.0162,0.00847,-0.1498,T1-Re0.500-N9.0.txt
NACA 6409,0.06,0.4,0.09,4.0,500000.0,1.1217,0.0092,-0.1489,T1-Re0.500-N9.0.txt
NACA 6409,0.06,0.4,0.09,5.0,500000.0,1.2262,0.00996,-0.1479,T1-Re0.500-N9.0.txt
NACA 6409,0.06,0.4,0.09,6.0,500000.0,1.3224,0.01079,-0.1453,T1-Re0.500-N9.0.txt
NACA 6409,0.06,0.4,0.09,7.0,500000.0,1.4146,0.0119,-0.1421,T1-Re0.500-N9.0.txt
NACA 6409,0.06,0.4,0.09,8.0,500000.0,1.4496,0.01667,-0.13,T1-Re0.500-N9.0.txt
NACA 6409,0.06,0.4,0.09,9.0,500000.0,1.4724,0.02156,-0.1165,T1-Re0.500-N9.0.txt
NACA 6409,0.06,0.4,0.09,10.0,500000.0,1.5037,0.02634,-0.1062,T1-Re0.500-N9.0.txt
NACA 6409,0.06,0.4,0.09,11.0,500000.0,1.5244,0.03265,-0.0971,T1-Re0.500-N9.0.txt
NACA 6409,0.06,0.4,0.09,12.0,500000.0,1.5277,0.04155,-0.0893,T1-Re0.500-N9.0.txt
NACA 6409,0.06,0.4,0.09,13.0,500000.0,1.5364,0.05104,-0.0843,T1-Re0.500-N9.0.txt
NACA 6409,0.06,0.4,0.09,14.0,500000.0,1.0211,0.05335,-0.0367,T1-Re0.500-N9.0.txt
NACA 6412,0.06,0.4,0.12,-6.0,500000.0,0.0462,0.01256,-0.1541,T1-Re0.500-N9.0.txt
NACA 6412,0.06,0.4,0.12,-5.0,500000.0,0.157,0.01123,-0.1538,T1-Re0.500-N9.0.txt
NACA 6412,0.06,0.4,0.12,-4.0,500000.0,0.2683,0.01021,-0.1534,T1-Re0.500-N9.0.txt
NACA 6412,0.06,0.4,0.12,-3.0,500000.0,0.3794,0.00959,-0.153,T1-Re0.500-N9.0.txt
NACA 6412,0.06,0.4,0.12,-2.0,500000.0,0.4897,0.00921,-0.1524,T1-Re0.500-N9.0.txt
NACA 6412,0.06,0.4,0.12,-1.0,500000.0,0.5985,0.00905,-0.1517,T1-Re0.500-N9.0.txt
NACA 6412,0.06,0.4,0.12,0.0,500000.0,0.7058,0.00907,-0.1507,T1-Re0.500-N9.0.txt
NACA 6412,0.06,0.4,0.12,1.0,500000.0,0.8068,0.00792,-0.1486,T1-Re0.500-N9.0.txt
NACA 6412,0.06,0.4,0.12,2.0,500000.0,0.9129,0.00855,-0.1475,T1-Re0.500-N9.0.txt
NACA 6412,0.06,0.4,0.12,3.0,500000.0,1.0186,0.00922,-0.1464,T1-Re0.500-N9.0.txt
NACA 6412,0.06,0.4,0.12,4.0,500000.0,1.1237,0.00992,-0.1453,T1-Re0.500-N9.0.txt
NACA 6412,0.06,0.4,0.12,5.0,500000.0,1.227,0.01069,-0.1441,T1-Re0.500-N9.0.txt
NACA 6412,0.06,0.4,0.12,6.0,500000.0,1.327,0.01149,-0.1423,T1-Re0.500-N9.0.txt
NACA 6412,0.06,0.4,0.12,7.0,500000.0,1.4174,0.01231,-0.1387,T1-Re0.500-N9.0.txt
NACA 6412,0.06,0.4,0.12,8.0,500000.0,1.4996,0.01332,-0.1336,T1-Re0.500-N9.0.txt
NACA 6412,0.06,0.4,0.12,9.0,500000.0,1.5647,0.01506,-0.1261,T1-Re0.500-N9.0.txt
NACA 6412,0.06,0.4,0.12,10.0,500000.0,1.5983,0.01887,-0.1148,T1-Re0.500-N9.0.txt
NACA 6412,0.06,0.4,0.12,11.0,500000.0,1.6,0.02545,-0.1017,T1-Re0.500-N9.0.txt
NACA 6412,0.06,0.4,0.12,12.0,500000.0,1.601,0.03333,-0.0917,T1-Re0.500-N9.0.txt
NACA 6412,0.06,0.4,0.12,13.0,500000.0,1.6042,0.04236,-0.0848,T1-Re0.500-N9.0.txt
NACA 6412,0.06,0.4,0.12,14.0,500000.0,1.5971,0.05385,-0.0802,T1-Re0.500-N9.0.txt
NACA 0006,0.0,0.0,0.06,-6.0,1000000.0,-0.6481,0.01329,-0.003,T1-Re1.000-N9.0.txt
NACA 0006,0.0,0.0,0.06,-5.0,1000000.0,-0.5474,0.01022,-0.001,T1-Re1.000-N9.0.txt
NACA 0006,0.0,0.0,0.06,-4.0,1000000.0,-0.4438,0.00847,0.0005,T1-Re1.000-N9.0.txt
NACA 0006,0.0,0.0,0.06,-3.0,1000000.0,-0.3407,0.00716,0.0021,T1-Re1.000-N9.0.txt
NACA 0006,0.0,0.0,0.06,-2.0,1000000.0,-0.2407,0.0053,0.0035,T1-Re1.000-N9.0.txt
NACA 0006,0.0,0.0,0.06,0.0,1000000.0,0.0,0.00334,-0.0,T1-Re1.000-N9.0.txt
NACA 0006,0.0,0.0,0.06,1.0,1000000.0,0.1282,0.00388,-0.0026,T1-Re1.000-N9.0.txt
NACA 0006,0.0,0.0,0.06,2.0,1000000.0,0.2407,0.0053,-0.0035,T1-Re1.000-N9.0.txt
NACA 0006,0.0,0.0,0.06,3.0,1000000.0,0.3407,0.00716,-0.0021,T1-Re1.000-N9.0.txt
NACA 0006,0.0,0.0,0.06,4.0,1000000.0,0.4438,0.00847,-0.0005,T1-Re1.000-N9.0.txt
NACA 0006,0.0,0.0,0.06,5.0,1000000.0,0.5474,0.01022,0.001,T1-Re1.000-N9.0.txt
NACA 0006,0.0,0.0,0.06,6.0,1000000.0,0.6481,0.01329,0.003,T1-Re1.000-N9.0.txt
NACA 0006,0.0,0.0,0.06,7.0,1000000.0,0.726,0.02847,0.0084,T1-Re1.000-N9.0.txt
NACA 0008,0.0,0.0,0.08,-6.0,1000000.0,-0.666,0.01045,0.0002,T1-Re1.000-N9.0.txt
NACA 0008,0.0,0.0,0.08,-5.0,1000000.0,-0.5672,0.00914,0.0027,T1-Re1.000-N9.0.txt
NACA 0008,0.0,0.0,0.08,-4.0,1000000.0,-0.4693,0.00804,0.0053,T1-Re1.000-N9.0.txt
NACA 0008,0.0,0.0,0.08,-3.0,1000000.0,-0.3626,0.00669,0.0056,T1-Re1.000-N9.0.txt
NACA 0008,0.0,0.0,0.08,-2.0,1000000.0,-0.2218,0.00525,-0.0017,T1-Re1.000-N9.0.txt
NACA 0008,0.0,0.0,0.08,-1.0,1000000.0,-0.0999,0.00429,-0.0038,T1-Re1.000-N9.0.txt
NACA 0008,0.0,0.0,0.08,0.0,1000000.0,-0.0,0.0039,0.0,T1-Re1.000-N9.0.txt
NACA 0008,0.0,0.0,0.08,1.0,1000000.0,0.0999,0.00429,0.0038,T1-Re1.000-N9.0.txt
NACA 0008,0.0,0.0,0.08,2.0,1000000.0,0.2218,0.00525,0.0017,T1-Re1.000-N9.0.txt
NACA 0008,0.0,0.0,0.08,3.0,1000000.0,0.3626,0.00669,-0.0056,T1-Re1.000-N9.0.txt
NACA 0008,0.0,0.0,0.08,4.0,1000000.0,0.4693,0.00804,-0.0053,T1-Re1.000-N9.0.txt
NACA 0008,0.0,0.0,0.08,5.0,1000000.0,0.5672,0.00914,-0.0027,T1-Re1.000-N9.0.txt
NACA 0008,0.0,0.0,0.08,6.0,1000000.0,0.666,0.01045,-0.0002,T1-Re1.000-N9.0.txt
NACA 0008,0.0,0.0,0.08,7.0,1000000.0,0.7648,0.01228,0.002,T1-Re1.000-N9.0.txt
NACA 0008,0.0,0.0,0.08,8.0,1000000.0,0.861,0.01481,0.0042,T1-Re1.000-N9.0.txt
NACA 0008,0.0,0.0,0.08,9.0,1000000.0,0.9571,0.01728,0.0062,T1-Re1.000-N9.0.txt
NACA 0008,0.0,0.0,0.08,10.0,1000000.0,1.0363,0.02269,0.0098,T1-Re1.000-N9.0.txt
NACA 0008,0.0,0.0,0.08,11.0,1000000.0,1.0981,0.02969,0.014,T1-Re1.000-N9.0.txt
NACA 0008,0.0,0.0,0.08,12.0,1000000.0,1.137,0.03678,0.0183,T1-Re1.000-N9.0.txt
NACA 0009,0.0,0.0,0.09,-6.0,1000000.0,-0.6788,0.01012,0.0026,T1-Re1.000-N9.0.txt
NACA 0009,0.0,0.0,0.09,-5.0,1000000.0,-0.5833,0.00902,0.0058,T1-Re1.000-N9.0.txt
NACA 0009,0.0,0.0,0.09,-4.0,1000000.0,-0.48,0.00791,0.007,T1-Re1.000-N9.0.txt
NACA 0009,0.0,0.0,0.09,-3.0,1000000.0,-0.3402,0.00645,-0.0001,T1-Re1.000-N9.0.txt
NACA 0009,0.0,0.0,0.09,-2.0,1000000.0,-0.2091,0.00529,-0.0046,T1-Re1.000-N9.0.txt
NACA 0009,0.0,0.0,0.09,0.0,1000000.0,-0.0,0.0043,0.0,T1-Re1.000-N9.0.txt
NACA 0009,0.0,0.0,0.09,2.0,1000000.0,0.2091,0.00529,0.0046,T1-Re1.000-N9.0.txt
NACA 0009,0.0,0.0,0.09,3.0,1000000.0,0.3402,0.00645,0.0001,T1-Re1.000-N9.0.txt
NACA 0009,0.0,0.0,0.09,4.0,1000000.0,0.48,0.00791,-0.007,T1-Re1.000-N9.0.txt
NACA 0009,0.0,0.0,0.09,5.0,1000000.0,0.5833,0.00902,-0.0058,T1-Re1.000-N9.0.txt
NACA 0009,0.0,0.0,0.09,6.0,1000000.0,0.6787,0.01012,-0.0026,T1-Re1.000-N9.0.txt
NACA 0009,0.0,0.0,0.09,7.0,1000000.0,0.7748,0.01151,0.0004,T1-Re1.000-N9.0.txt
NACA 0009,0.0,0.0,0.09,8.0,1000000.0,0.8719,0.01317,0.0028,T1-Re1.000-N9.0.txt
NACA 0009,0.0,0.0,0.09,9.0,1000000.0,0.966,0.0155,0.0053,T1-Re1.000-N9.0.txt
NACA 0009,0.0,0.0,0.09,10.0,1000000.0,1.0531,0.01876,0.0083,T1-Re1.000-N9.0.txt
NACA 0009,0.0,0.0,0.09,11.0,1000000.0,1.1388,0.02176,0.0111,T1-Re1.000-N9.0.txt
NACA 0009,0.0,0.0,0.09,12.0,1000000.0,1.2004,0.02704,0.0158,T1-Re1.000-N9.0.txt
NACA 0009,0.0,0.0,0.09,13.0,1000000.0,1.2175,0.03452,0.0236,T1-Re1.000-N9.0.txt
NACA 0009,0.0,0.0,0.09,14.0,1000000.0,1.1827,0.04976,0.02,T1-Re1.000-N9.0.txt
NACA 0010,0.0,0.0,0.1,-6.0,1000000.0,-0.6955,0.01003,0.0058,T1-Re1.000-N9.0.txt
NACA 0010,0.0,0.0,0.1,-5.0,1000000.0,-0.5977,0.00895,0.0082,T1-Re1.000-N9.0.txt
NACA 0010,0.0,0.0,0.1,-4.0,1000000.0,-0.458,0.00764,0.0014,T1-Re1.000-N9.0.txt
NACA 0010,0.0,0.0,0.1,-3.0,1000000.0,-0.3221,0.00633,-0.0045,T1-Re1.000-N9.0.txt
NACA 0010,0.0,0.0,0.1,-2.0,1000000.0,-0.2088,0.00541,-0.0045,T1-Re1.000-N9.0.txt
NACA 0010,0.0,0.0,0.1,-1.0,1000000.0,-0.1048,0.00486,-0.0022,T1-Re1.000-N9.0.txt
NACA 0010,0.0,0.0,0.1,0.0,1000000.0,-0.0,0.00469,0.0,T1-Re1.000-N9.0.txt
NACA 0010,0.0,0.0,0.1,1.0,1000000.0,0.1048,0.00486,0.0022,T1-Re1.000-N9.0.txt
NACA 0010,0.0,0.0,0.1,2.0,1000000.0,0.2088,0.00541,0.0045,T1-Re1.000-N9.0.txt
NACA 0010,0.0,0.0,0.1,3.0,1000000.0,0.3221,0.00633,0.0045,T1-Re1.000-N9.0.txt
NACA 0010,0.0,0.0,0.1,4.0,1000000.0,0.458,0.00764,-0.0014,T1-Re1.000-N9.0.txt
NACA 0010,0.0,0.0,0.1,5.0,1000000.0,0.5977,0.00895,-0.0082,T1-Re1.000-N9.0.txt
NACA 0010,0.0,0.0,0.1,6.0,1000000.0,0.6955,0.01003,-0.0058,T1-Re1.000-N9.0.txt
NACA 0010,0.0,0.0,0.1,7.0,1000000.0,0.7879,0.01118,-0.0021,T1-Re1.000-N9.0.txt
NACA 0010,0.0,0.0,0.1,8.0,1000000.0,0.8798,0.01275,0.0015,T1-Re1.000-N9.0.txt
NACA 0010,0.0,0.0,0.1,9.0,1000000.0,0.9728,0.01462,0.0044,T1-Re1.000-N9.0.txt
NACA 0010,0.0,0.0,0.1,10.0,1000000.0,1.0668,0.01647,0.0069,T1-Re1.000-N9.0.txt
NACA 0010,0.0,0.0,0.1,11.0,1000000.0,1.1511,0.01935,0.0103,T1-Re1.000-N9.0.txt
NACA 0010,0.0,0.0,0.1,12.0,1000000.0,1.2278,0.02255,0.0141,T1-Re1.000-N9.0.txt
NACA 0010,0.0,0.0,0.1,13.0,1000000.0,1.2806,0.02721,0.02,T1-Re1.000-N9.0.txt
NACA 0010,0.0,0.0,0.1,14.0,1000000.0,1.3006,0.03301,0.0272,T1-Re1.000-N9.0.txt
NACA 0012,0.0,0.0,0.12,-6.0,1000000.0,-0.6933,0.00978,0.004,T1-Re1.000-N9.0.txt
NACA 0012,0.0,0.0,0.12,-5.0,1000000.0,-0.5548,0.0085,-0.0024,T1-Re1.000-N9.0.txt
NACA 0012,0.0,0.0,0.12,-4.0,1000000.0,-0.4272,0.0073,-0.0061,T1-Re1.000-N9.0.txt
NACA 0012,0.0,0.0,0.12,-3.0,1000000.0,-0.3198,0.00641,-0.0048,T1-Re1.000-N9.0.txt
NACA 0012,0.0,0.0,0.12,-2.0,1000000.0,-0.2144,0.00582,-0.0029,T1-Re1.000-N9.0.txt
NACA 0012,0.0,0.0,0.12,-1.0,1000000.0,-0.1074,0.0055,-0.0014,T1-Re1.000-N9.0.txt
NACA 0012,0.0,0.0,0.12,0.0,1000000.0,-0.0,0.00541,0.0,T1-Re1.000-N9.0.txt
NACA 0012,0.0,0.0,0.12,1.0,1000000.0,0.1074,0.0055,0.0014,T1-Re1.000-N9.0.txt
NACA 0012,0.0,0.0,0.12,2.0,1000000.0,0.2144,0.00582,0.0029,T1-Re1.000-N9.0.txt
NACA 0012,0.0,0.0,0.12,3.0,1000000.0,0.3198,0.00641,0.0048,T1-Re1.000-N9.0.txt
NACA 0012,0.0,0.0,0.12,4.0,1000000.0,0.4272,0.0073,0.0061,T1-Re1.000-N9.0.txt
NACA 0012,0.0,0.0,0.12,5.0,1000000.0,0.5548,0.0085,0.0024,T1-Re1.000-N9.0.txt
NACA 0012,0.0,0.0,0.12,6.0,1000000.0,0.6933,0.00978,-0.004,T1-Re1.000-N9.0.txt
NACA 0012,0.0,0.0,0.12,7.0,1000000.0,0.8267,0.011,-0.0094,T1-Re1.000-N9.0.txt
NACA 0012,0.0,0.0,0.12,8.0,1000000.0,0.91,0.01215,-0.004,T1-Re1.000-N9.0.txt
NACA 0012,0.0,0.0,0.12,9.0,1000000.0,0.9946,0.01343,0.0009,T1-Re1.000-N9.0.txt
NACA 0012,0.0,0.0,0.12,10.0,1000000.0,1.0793,0.0151,0.0055,T1-Re1.000-N9.0.txt
NACA 0012,0.0,0.0,0.12,11.0,1000000.0,1.166,0.01691,0.0091,T1-Re1.000-N9.0.txt
NACA 0012,0.0,0.0,0.12,12.0,1000000.0,1.2459,0.01923,0.0133,T1-Re1.000-N9.0.txt
NACA 0012,0.0,0.0,0.12,13.0,1000000.0,1.3044,0.02255,0.0198,T1-Re1.000-N9.0.txt
NACA 0012,0.0,0.0,0.12,14.0,1000000.0,1.3547,0.02569,0.0264,T1-Re1.000-N9.0.txt
NACA 0015,0.0,0.0,0.15,-6.0,1000000.0,-0.6411,0.00919,-0.0085,T1-Re1.000-N9.0.txt
NACA 0015,0.0,0.0,0.15,-5.0,1000000.0,-0.5364,0.0082,-0.0068,T1-Re1.000-N9.0.txt
NACA 0015,0.0,0.0,0.15,-4.0,1000000.0,-0.4324,0.00744,-0.0048,T1-Re1.000-N9.0.txt
NACA 0015,0.0,0.0,0.15,-3.0,1000000.0,-0.3258,0.00691,-0.0033,T1-Re1.000-N9.0.txt
NACA 0015,0.0,0.0,0.15,-2.0,1000000.0,-0.2177,0.00658,-0.002,T1-Re1.000-N9.0.txt
NACA 0015,0.0,0.0,0.15,-1.0,1000000.0,-0.1091,0.00641,-0.001,T1-Re1.000-N9.0.txt
NACA 0015,0.0,0.0,0.15,0.0,1000000.0,0.0,0.00635,-0.0,T1-Re1.000-N9.0.txt
NACA 0015,0.0,0.0,0.15,1.0,1000000.0,0.1091,0.00641,0.001,T1-Re1.000-N9.0.txt
NACA 0015,0.0,0.0,0.15,2.0,1000000.0,0.2177,0.00658,0.002,T1-Re1.000-N9.0.txt
NACA 0015,0.0,0.0,0.15,3.0,1000000.0,0.3258,0.00691,0.0033,T1-Re1.000-N9.0.txt
NACA 0015,0.0,0.0,0.15,4.0,1000000.0,0.4324,0.00744,0.0048,T1-Re1.000-N9.0.txt
NACA 0015,0.0,0.0,0.15,5.0,1000000.0,0.5364,0.0082,0.0068,T1-Re1.000-N9.0.txt
NACA 0015,0.0,0.0,0.15,6.0,1000000.0,0.6412,0.00918,0.0085,T1-Re1.000-N9.0.txt
NACA 0015,0.0,0.0,0.15,7.0,1000000.0,0.7669,0.01043,0.0051,T1-Re1.000-N9.0.txt
NACA 0015,0.0,0.0,0.15,8.0,1000000.0,0.9034,0.01176,-0.0009,T1-Re1.000-N9.0.txt
NACA 0015,0.0,0.0,0.15,9.0,1000000.0,1.0377,0.01318,-0.0068,T1-Re1.000-N9.0.txt
NACA 0015,0.0,0.0,0.15,10.0,1000000.0,1.1154,0.01441,-0.0009,T1-Re1.000-N9.0.txt
NACA 0015,0.0,0.0,0.15,11.0,1000000.0,1.1763,0.01588,0.0081,T1-Re1.000-N9.0.txt
NACA 0015,0.0,0.0,0.15,12.0,1000000.0,1.243,0.01756,0.0153,T1-Re1.000-N9.0.txt
NACA 0015,0.0,0.0,0.15,13.0,1000000.0,1.2977,0.01983,0.0233,T1-Re1.000-N9.0.txt
NACA 0015,0.0,0.0,0.15,14.0,1000000.0,1.3547,0.0226,0.0289,T1-Re1.000-N9.0.txt
NACA 0018,0.0,0.0,0.18,-6.0,1000000.0,-0.6412,0.00918,-0.0081,T1-Re1.000-N9.0.txt
NACA 0018,0.0,0.0,0.18,-5.0,1000000.0,-0.5382,0.00849,-0.0061,T1-Re1.000-N9.0.txt
NACA 0018,0.0,0.0,0.18,-4.0,1000000.0,-0.4328,0.00795,-0.0044,T1-Re1.000-N9.0.txt
NACA 0018,0.0,0.0,0.18,-3.0,1000000.0,-0.3258,0.00759,-0.0031,T1-Re1.000-N9.0.txt
NACA 0018,0.0,0.0,0.18,-2.0,1000000.0,-0.2177,0.00736,-0.002,T1-Re1.000-N9.0.txt
NACA 0018,0.0,0.0,0.18,-1.0,1000000.0,-0.109,0.00723,-0.001,T1-Re1.000-N9.0.txt
NACA 0018,0.0,0.0,0.18,0.0,1000000.0,-0.0,0.00718,0.0,T1-Re1.000-N9.0.txt
NACA 0018,0.0,0.0,0.18,1.0,1000000.0,0.109,0.00723,0.001,T1-Re1.000-N9.0.txt
NACA 0018,0.0,0.0,0.18,2.0,1000000.0,0.2177,0.00736,0.002,T1-Re1.000-N9.0.txt
NACA 0018,0.0,0.0,0.18,3.0,1000000.0,0.3258,0.00759,0.0031,T1-Re1.000-N9.0.txt
NACA 0018,0.0,0.0,0.18,4.0,1000000.0,0.4328,0.00795,0.0044,T1-Re1.000-N9.0.txt
NACA 0018,0.0,0.0,0.18,6.0,1000000.0,0.6412,0.00918,0.0081,T1-Re1.000-N9.0.txt
NACA 0018,0.0,0.0,0.18,7.0,1000000.0,0.7398,0.01007,0.011,T1-Re1.000-N9.0.txt
NACA 0018,0.0,0.0,0.18,8.0,1000000.0,0.8399,0.01117,0.0133,T1-Re1.000-N9.0.txt
NACA 0018,0.0,0.0,0.18,9.0,1000000.0,0.967,0.01257,0.0091,T1-Re1.000-N9.0.txt
NACA 0018,0.0,0.0,0.18,10.0,1000000.0,1.0982,0.01414,0.0037,T1-Re1.000-N9.0.txt
NACA 0018,0.0,0.0,0.18,11.0,1000000.0,1.2079,0.01576,0.0021,T1-Re1.000-N9.0.txt
NACA 0018,0.0,0.0,0.18,12.0,1000000.0,1.2148,0.01696,0.0207,T1-Re1.000-N9.0.txt
NACA 0018,0.0,0.0,0.18,13.0,1000000.0,1.2674,0.0193,0.0282,T1-Re1.000-N9.0.txt
NACA 0018,0.0,0.0,0.18,14.0,1000000.0,1.321,0.02245,0.0335,T1-Re1.000-N9.0.txt
NACA 0021,0.0,0.0,0.21,-6.0,1000000.0,-0.6309,0.00955,-0.0096,T1-Re1.000-N9.0.txt
NACA 0021,0.0,0.0,0.21,-5.0,1000000.0,-0.5296,0.00902,-0.0074,T1-Re1.000-N9.0.txt
NACA 0021,0.0,0.0,0.21,-4.0,1000000.0,-0.4261,0.00861,-0.0055,T1-Re1.000-N9.0.txt
NACA 0021,0.0,0.0,0.21,-3.0,1000000.0,-0.321,0.00832,-0.0039,T1-Re1.000-N9.0.txt
NACA 0021,0.0,0.0,0.21,-2.0,1000000.0,-0.2145,0.00813,-0.0025,T1-Re1.000-N9.0.txt
NACA 0021,0.0,0.0,0.21,-1.0,1000000.0,-0.1075,0.00801,-0.0012,T1-Re1.000-N9.0.txt
NACA 0021,0.0,0.0,0.21,0.0,1000000.0,-0.0,0.00798,0.0,T1-Re1.000-N9.0.txt
NACA 0021,0.0,0.0,0.21,1.0,1000000.0,0.1075,0.00801,0.0012,T1-Re1.000-N9.0.txt
NACA 0021,0.0,0.0,0.21,2.0,1000000.0,0.2145,0.00813,0.0025,T1-Re1.000-N9.0.txt
NACA 0021,0.0,0.0,0.21,3.0,1000000.0,0.321,0.00832,0.0039,T1-Re1.000-N9.0.txt
NACA 0021,0.0,0.0,0.21,4.0,1000000.0,0.4262,0.00861,0.0055,T1-Re1.000-N9.0.txt
NACA 0021,0.0,0.0,0.21,5.0,1000000.0,0.5296,0.00902,0.0074,T1-Re1.000-N9.0.txt
NACA 0021,0.0,0.0,0.21,6.0,1000000.0,0.631,0.00955,0.0096,T1-Re1.000-N9.0.txt
NACA 0021,0.0,0.0,0.21,7.0,1000000.0,0.7288,0.01024,0.0124,T1-Re1.000-N9.0.txt
NACA 0021,0.0,0.0,0.21,8.0,1000000.0,0.8201,0.0111,0.0164,T1-Re1.000-N9.0.txt
NACA 0021,0.0,0.0,0.21,9.0,1000000.0,0.8989,0.01216,0.0228,T1-Re1.000-N9.0.txt
NACA 0021,0.0,0.0,0.21,10.0,1000000.0,1.003,0.01372,0.0228,T1-Re1.000-N9.0.txt
NACA 0021,0.0,0.0,0.21,11.0,1000000.0,1.1277,0.01558,0.0177,T1-Re1.000-N9.0.txt
NACA 0021,0.0,0.0,0.21,12.0,1000000.0,1.2055,0.0175,0.0206,T1-Re1.000-N9.0.txt
NACA 0021,0.0,0.0,0.21,13.0,1000000.0,1.2325,0.01979,0.0322,T1-Re1.000-N9.0.txt
NACA 0021,0.0,0.0,0.21,14.0,1000000.0,1.2805,0.02323,0.0375,T1-Re1.000-N9.0.txt
NACA 0024,0.0,0.0,0.24,-6.0,1000000.0,-0.6,0.01011,-0.0151,T1-Re1.000-N9.0.txt
NACA 0024,0.0,0.0,0.24,-5.0,1000000.0,-0.5081,0.00966,-0.0112,T1-Re1.000-N9.0.txt
NACA 0024,0.0,0.0,0.24,-4.0,1000000.0,-0.4096,0.00933,-0.0084,T1-Re1.000-N9.0.txt
NACA 0024,0.0,0.0,0.24,-3.0,1000000.0,-0.3092,0.00907,-0.006,T1-Re1.000-N9.0.txt
NACA 0024,0.0,0.0,0.24,-2.0,1000000.0,-0.2069,0.00892,-0.0039,T1-Re1.000-N9.0.txt
NACA 0024,0.0,0.0,0.24,-1.0,1000000.0,-0.1036,0.00881,-0.0019,T1-Re1.000-N9.0.txt
NACA 0024,0.0,0.0,0.24,0.0,1000000.0,-0.0,0.00877,0.0,T1-Re1.000-N9.0.txt
NACA 0024,0.0,0.0,0.24,1.0,1000000.0,0.1036,0.00881,0.0019,T1-Re1.000-N9.0.txt
NACA 0024,0.0,0.0,0.24,2.0,1000000.0,0.2069,0.00892,0.0039,T1-Re1.000-N9.0.txt
NACA 0024,0.0,0.0,0.24,3.0,1000000.0,0.3092,0.00907,0.006,T1-Re1.000-N9.0.txt
NACA 0024,0.0,0.0,0.24,4.0,1000000.0,0.4097,0.00933,0.0084,T1-Re1.000-N9.0.txt
NACA 0024,0.0,0.0,0.24,5.0,1000000.0,0.5082,0.00966,0.0111,T1-Re1.000-N9.0.txt
NACA 0024,0.0,0.0,0.24,6.0,1000000.0,0.6002,0.01011,0.015,T1-Re1.000-N9.0.txt
NACA 0024,0.0,0.0,0.24,7.0,1000000.0,0.6889,0.01068,0.0194,T1-Re1.000-N9.0.txt
NACA 0024,0.0,0.0,0.24,8.0,1000000.0,0.7779,0.01153,0.0232,T1-Re1.000-N9.0.txt
NACA 0024,0.0,0.0,0.24,9.0,1000000.0,0.8611,0.01262,0.0278,T1-Re1.000-N9.0.txt
NACA 0024,0.0,0.0,0.24,10.0,1000000.0,0.9347,0.01403,0.0338,T1-Re1.000-N9.0.txt
NACA 0024,0.0,0.0,0.24,11.0,1000000.0,1.0222,0.01598,0.0358,T1-Re1.000-N9.0.txt
NACA 0024,0.0,0.0,0.24,12.0,1000000.0,1.1379,0.01857,0.0305,T1-Re1.000-N9.0.txt
NACA 0024,0.0,0.0,0.24,13.0,1000000.0,1.2138,0.02151,0.0312,T1-Re1.000-N9.0.txt
NACA 0024,0.0,0.0,0.24,14.0,1000000.0,1.2351,0.02492,0.0406,T1-Re1.000-N9.0.txt
NACA 1408,0.01,0.4,0.08,-6.0,1000000.0,-0.5817,0.01051,-0.019,T1-Re1.000-N9.0.txt
NACA 1408,0.01,0.4,0.08,-5.0,1000000.0,-0.4793,0.00927,-0.0175,T1-Re1.000-N9.0.txt
NACA 1408,0.01,0.4,0.08,-4.0,1000000.0,-0.3396,0.00802,-0.024,T1-Re1.000-N9.0.txt
NACA 1408,0.01,0.4,0.08,-3.0,1000000.0,-0.2037,0.00682,-0.0298,T1-Re1.000-N9.0.txt
NACA 1408,0.01,0.4,0.08,-2.0,1000000.0,-0.0865,0.00558,-0.0313,T1-Re1.000-N9.0.txt
NACA 1408,0.01,0.4,0.08,-1.0,1000000.0,0.0163,0.00447,-0.0291,T1-Re1.000-N9.0.txt
NACA 1408,0.01,0.4,0.08,0.0,1000000.0,0.1152,0.00394,-0.0253,T1-Re1.000-N9.0.txt
NACA 1408,0.01,0.4,0.08,1.0,1000000.0,0.2333,0.00432,-0.0257,T1-Re1.000-N9.0.txt
NACA 1408,0.01,0.4,0.08,2.0,1000000.0,0.3649,0.00509,-0.0304,T1-Re1.000-N9.0.txt
NACA 1408,0.01,0.4,0.08,3.0,1000000.0,0.4655,0.00603,-0.0284,T1-Re1.000-N9.0.txt
NACA 1408,0.01,0.4,0.08,4.0,1000000.0,0.5631,0.00773,-0.0262,T1-Re1.000-N9.0.txt
NACA 1408,0.01,0.4,0.08,5.0,1000000.0,0.6644,0.00926,-0.0246,T1-Re1.000-N9.0.txt
NACA 1408,0.01,0.4,0.08,6.0,1000000.0,0.7675,0.01067,-0.0231,T1-Re1.000-N9.0.txt
NACA 1408,0.01,0.4,0.08,7.0,1000000.0,0.8698,0.01219,-0.0217,T1-Re1.000-N9.0.txt
NACA 1408,0.01,0.4,0.08,8.0,1000000.0,0.9674,0.01435,-0.0196,T1-Re1.000-N9.0.txt
NACA 1408,0.01,0.4,0.08,9.0,1000000.0,1.0593,0.01721,-0.017,T1-Re1.000-N9.0.txt
NACA 1408,0.01,0.4,0.08,10.0,1000000.0,1.1379,0.02189,-0.0131,T1-Re1.000-N9.0.txt
NACA 1408,0.01,0.4,0.08,11.0,1000000.0,1.2084,0.02688,-0.0086,T1-Re1.000-N9.0.txt
NACA 1408,0.01,0.4,0.08,12.0,1000000.0,1.2482,0.03373,-0.002,T1-Re1.000-N9.0.txt
NACA 1408,0.01,0.4,0.08,13.0,1000000.0,1.2442,0.04181,0.0048,T1-Re1.000-N9.0.txt
NACA 1408,0.01,0.4,0.08,14.0,1000000.0,1.1797,0.06593,-0.0084,T1-Re1.000-N9.0.txt
NACA 1410,0.01,0.4,0.1,-6.0,1000000.0,-0.5746,0.0099,-0.0215,T1-Re1.000-N9.0.txt
NACA 1410,0.01,0.4,0.1,-5.0,1000000.0,-0.4355,0.00873,-0.0278,T1-Re1.000-N9.0.txt
NACA 1410,0.01,0.4,0.1,-4.0,1000000.0,-0.3068,0.00762,-0.0317,T1-Re1.000-N9.0.txt
NACA 1410,0.01,0.4,0.1,-3.0,1000000.0,-0.1971,0.0066,-0.0311,T1-Re1.000-N9.0.txt
NACA 1410,0.01,0.4,0.1,-2.0,1000000.0,-0.0916,0.00576,-0.0295,T1-Re1.000-N9.0.txt
NACA 1410,0.01,0.4,0.1,1.0,1000000.0,0.2216,0.00481,-0.023,T1-Re1.000-N9.0.txt
NACA 1410,0.01,0.4,0.1,2.0,1000000.0,0.3367,0.00537,-0.0231,T1-Re1.000-N9.0.txt
NACA 1410,0.01,0.4,0.1,3.0,1000000.0,0.48,0.00618,-0.0302,T1-Re1.000-N9.0.txt
NACA 1410,0.01,0.4,0.1,4.0,1000000.0,0.5927,0.00729,-0.0311,T1-Re1.000-N9.0.txt
NACA 1410,0.01,0.4,0.1,5.0,1000000.0,0.6853,0.00871,-0.0278,T1-Re1.000-N9.0.txt
NACA 1410,0.01,0.4,0.1,6.0,1000000.0,0.7809,0.01006,-0.0249,T1-Re1.000-N9.0.txt
NACA 1410,0.01,0.4,0.1,7.0,1000000.0,0.8799,0.01138,-0.0227,T1-Re1.000-N9.0.txt
NACA 1410,0.01,0.4,0.1,8.0,1000000.0,0.9785,0.01287,-0.0206,T1-Re1.000-N9.0.txt
NACA 1410,0.01,0.4,0.1,9.0,1000000.0,1.0746,0.01459,-0.0184,T1-Re1.000-N9.0.txt
NACA 1410,0.01,0.4,0.1,10.0,1000000.0,1.1654,0.01673,-0.0155,T1-Re1.000-N9.0.txt
NACA 1410,0.01,0.4,0.1,11.0,1000000.0,1.2454,0.01964,-0.0115,T1-Re1.000-N9.0.txt
NACA 1410,0.01,0.4,0.1,12.0,1000000.0,1.3207,0.02243,-0.0071,T1-Re1.000-N9.0.txt
NACA 1410,0.01,0.4,0.1,13.0,1000000.0,1.3563,0.02711,0.0017,T1-Re1.000-N9.0.txt
NACA 1410,0.01,0.4,0.1,14.0,1000000.0,1.3814,0.03282,0.008,T1-Re1.000-N9.0.txt
NACA 1412,0.01,0.4,0.12,-6.0,1000000.0,-0.534,0.00946,-0.0308,T1-Re1.000-N9.0.txt
NACA 1412,0.01,0.4,0.12,-5.0,1000000.0,-0.4147,0.00839,-0.0325,T1-Re1.000-N9.0.txt
NACA 1412,0.01,0.4,0.12,-4.0,1000000.0,-0.3086,0.00747,-0.031,T1-Re1.000-N9.0.txt
NACA 1412,0.01,0.4,0.12,-3.0,1000000.0,-0.2021,0.0067,-0.0295,T1-Re1.000-N9.0.txt
NACA 1412,0.01,0.4,0.12,-2.0,1000000.0,-0.0944,0.00611,-0.0283,T1-Re1.000-N9.0.txt
NACA 1412,0.01,0.4,0.12,-1.0,1000000.0,0.0131,0.00566,-0.0272,T1-Re1.000-N9.0.txt
NACA 1412,0.01,0.4,0.12,0.0,1000000.0,0.1205,0.00546,-0.0258,T1-Re1.000-N9.0.txt
NACA 1412,0.01,0.4,0.12,1.0,1000000.0,0.2272,0.00545,-0.0242,T1-Re1.000-N9.0.txt
NACA 1412,0.01,0.4,0.12,2.0,1000000.0,0.3321,0.00571,-0.022,T1-Re1.000-N9.0.txt
NACA 1412,0.01,0.4,0.12,3.0,1000000.0,0.4423,0.00629,-0.021,T1-Re1.000-N9.0.txt
NACA 1412,0.01,0.4,0.12,4.0,1000000.0,0.5787,0.0072,-0.0265,T1-Re1.000-N9.0.txt
NACA 1412,0.01,0.4,0.12,6.0,1000000.0,0.8102,0.0097,-0.0298,T1-Re1.000-N9.0.txt
NACA 1412,0.01,0.4,0.12,7.0,1000000.0,0.8978,0.01096,-0.0253,T1-Re1.000-N9.0.txt
NACA 1412,0.01,0.4,0.12,8.0,1000000.0,0.989,0.01226,-0.0217,T1-Re1.000-N9.0.txt
NACA 1412,0.01,0.4,0.12,9.0,1000000.0,1.0821,0.0137,-0.0187,T1-Re1.000-N9.0.txt
NACA 1412,0.01,0.4,0.12,10.0,1000000.0,1.1718,0.01545,-0.0154,T1-Re1.000-N9.0.txt
NACA 1412,0.01,0.4,0.12,11.0,1000000.0,1.2565,0.01742,-0.0117,T1-Re1.000-N9.0.txt
NACA 1412,0.01,0.4,0.12,12.0,1000000.0,1.3283,0.01995,-0.0064,T1-Re1.000-N9.0.txt
NACA 1412,0.01,0.4,0.12,13.0,1000000.0,1.3872,0.02245,0.0005,T1-Re1.000-N9.0.txt
NACA 1412,0.01,0.4,0.12,14.0,1000000.0,1.4149,0.02747,0.0082,T1-Re1.000-N9.0.txt
NACA 2408,0.02,0.4,0.08,-6.0,1000000.0,-0.4578,0.0108,-0.0471,T1-Re1.000-N9.0.txt
NACA 2408,0.02,0.4,0.08,-5.0,1000000.0,-0.3197,0.00902,-0.0533,T1-Re1.000-N9.0.txt
NACA 2408,0.02,0.4,0.08,-4.0,1000000.0,-0.1912,0.00784,-0.0571,T1-Re1.000-N9.0.txt
NACA 2408,0.02,0.4,0.08,-3.0,1000000.0,-0.0789,0.00688,-0.057,T1-Re1.000-N9.0.txt
NACA 2408,0.02,0.4,0.08,-2.0,1000000.0,0.0278,0.00602,-0.0557,T1-Re1.000-N9.0.txt
NACA 2408,0.02,0.4,0.08,-1.0,1000000.0,0.134,0.00502,-0.0547,T1-Re1.000-N9.0.txt
NACA 2408,0.02,0.4,0.08,0.0,1000000.0,0.231,0.00406,-0.0507,T1-Re1.000-N9.0.txt
NACA 2408,0.02,0.4,0.08,1.0,1000000.0,0.3624,0.00441,-0.0547,T1-Re1.000-N9.0.txt
NACA 2408,0.02,0.4,0.08,2.0,1000000.0,0.4669,0.005,-0.0531,T1-Re1.000-N9.0.txt
NACA 2408,0.02,0.4,0.08,3.0,1000000.0,0.5721,0.0058,-0.0519,T1-Re1.000-N9.0.txt
NACA 2408,0.02,0.4,0.08,4.0,1000000.0,0.6751,0.0071,-0.0506,T1-Re1.000-N9.0.txt
NACA 2408,0.02,0.4,0.08,5.0,1000000.0,0.7725,0.00935,-0.0488,T1-Re1.000-N9.0.txt
NACA 2408,0.02,0.4,0.08,6.0,1000000.0,0.8747,0.01087,-0.0474,T1-Re1.000-N9.0.txt
NACA 2408,0.02,0.4,0.08,7.0,1000000.0,0.975,0.01257,-0.0456,T1-Re1.000-N9.0.txt
NACA 2408,0.02,0.4,0.08,8.0,1000000.0,1.0713,0.0146,-0.0434,T1-Re1.000-N9.0.txt
NACA 2408,0.02,0.4,0.08,9.0,1000000.0,1.1599,0.01739,-0.0402,T1-Re1.000-N9.0.txt
NACA 2408,0.02,0.4,0.08,10.0,1000000.0,1.2448,0.02023,-0.0368,T1-Re1.000-N9.0.txt
NACA 2408,0.02,0.4,0.08,11.0,1000000.0,1.306,0.0256,-0.0306,T1-Re1.000-N9.0.txt
NACA 2408,0.02,0.4,0.08,12.0,1000000.0,1.3458,0.03132,-0.0223,T1-Re1.000-N9.0.txt
NACA 2408,0.02,0.4,0.08,13.0,1000000.0,1.3476,0.03892,-0.0134,T1-Re1.000-N9.0.txt
NACA 2408,0.02,0.4,0.08,14.0,1000000.0,1.3297,0.05143,-0.0131,T1-Re1.000-N9.0.txt
NACA 2410,0.02,0.4,0.1,-6.0,1000000.0,-0.4179,0.00962,-0.0561,T1-Re1.000-N9.0.txt
NACA 2410,0.02,0.4,0.1,-5.0,1000000.0,-0.2986,0.00851,-0.0577,T1-Re1.000-N9.0.txt
NACA 2410,0.02,0.4,0.1,-4.0,1000000.0,-0.1902,0.00763,-0.0566,T1-Re1.000-N9.0.txt
NACA 2410,0.02,0.4,0.1,-3.0,1000000.0,-0.0825,0.00685,-0.0554,T1-Re1.000-N9.0.txt
NACA 2410,0.02,0.4,0.1,-2.0,1000000.0,0.0262,0.0062,-0.0546,T1-Re1.000-N9.0.txt
NACA 2410,0.02,0.4,0.1,-1.0,1000000.0,0.1339,0.0055,-0.0537,T1-Re1.000-N9.0.txt
NACA 2410,0.02,0.4,0.1,1.0,1000000.0,0.3426,0.00489,-0.0492,T1-Re1.000-N9.0.txt
NACA 2410,0.02,0.4,0.1,2.0,1000000.0,0.4888,0.00545,-0.0568,T1-Re1.000-N9.0.txt
NACA 2410,0.02,0.4,0.1,3.0,1000000.0,0.5896,0.00602,-0.0545,T1-Re1.000-N9.0.txt
NACA 2410,0.02,0.4,0.1,4.0,1000000.0,0.6909,0.0068,-0.0524,T1-Re1.000-N9.0.txt
NACA 2410,0.02,0.4,0.1,5.0,1000000.0,0.7889,0.00827,-0.0502,T1-Re1.000-N9.0.txt
NACA 2410,0.02,0.4,0.1,6.0,1000000.0,0.8851,0.01012,-0.0479,T1-Re1.000-N9.0.txt
NACA 2410,0.02,0.4,0.1,7.0,1000000.0,0.9838,0.01167,-0.0459,T1-Re1.000-N9.0.txt
NACA 2410,0.02,0.4,0.1,8.0,1000000.0,1.0812,0.01323,-0.0438,T1-Re1.000-N9.0.txt
NACA 2410,0.02,0.4,0.1,9.0,1000000.0,1.1748,0.01502,-0.0412,T1-Re1.000-N9.0.txt
NACA 2410,0.02,0.4,0.1,10.0,1000000.0,1.2607,0.01728,-0.0377,T1-Re1.000-N9.0.txt
NACA 2410,0.02,0.4,0.1,11.0,1000000.0,1.3426,0.01947,-0.0337,T1-Re1.000-N9.0.txt
NACA 2410,0.02,0.4,0.1,12.0,1000000.0,1.3983,0.02286,-0.0262,T1-Re1.000-N9.0.txt
NACA 2410,0.02,0.4,0.1,13.0,1000000.0,1.4415,0.0266,-0.0184,T1-Re1.000-N9.0.txt
NACA 2410,0.02,0.4,0.1,14.0,1000000.0,1.4477,0.03417,-0.011,T1-Re1.000-N9.0.txt
NACA 2412,0.02,0.4,0.12,-6.0,1000000.0,-0.4086,0.00923,-0.0576,T1-Re1.000-N9.0.txt
NACA 2412,0.02,0.4,0.12,-5.0,1000000.0,-0.3015,0.00836,-0.0563,T1-Re1.000-N9.0.txt
NACA 2412,0.02,0.4,0.12,-4.0,1000000.0,-0.1932,0.00761,-0.0552,T1-Re1.000-N9.0.txt
NACA 2412,0.02,0.4,0.12,-3.0,1000000.0,-0.0839,0.00699,-0.0544,T1-Re1.000-N9.0.txt
NACA 2412,0.02,0.4,0.12,-2.0,1000000.0,0.0257,0.00651,-0.0537,T1-Re1.000-N9.0.txt
NACA 2412,0.02,0.4,0.12,-1.0,1000000.0,0.1341,0.00602,-0.0529,T1-Re1.000-N9.0.txt
NACA 2412,0.02,0.4,0.12,0.0,1000000.0,0.2411,0.00563,-0.0517,T1-Re1.000-N9.0.txt
NACA 2412,0.02,0.4,0.12,1.0,1000000.0,0.3456,0.00549,-0.0495,T1-Re1.000-N9.0.txt
NACA 2412,0.02,0.4,0.12,2.0,1000000.0,0.4526,0.00578,-0.0476,T1-Re1.000-N9.0.txt
NACA 2412,0.02,0.4,0.12,3.0,1000000.0,0.5941,0.00638,-0.054,T1-Re1.000-N9.0.txt
NACA 2412,0.02,0.4,0.12,4.0,1000000.0,0.7172,0.00702,-0.0567,T1-Re1.000-N9.0.txt
NACA 2412,0.02,0.4,0.12,5.0,1000000.0,0.8103,0.00795,-0.0531,T1-Re1.000-N9.0.txt
NACA 2412,0.02,0.4,0.12,8.0,1000000.0,1.0874,0.01256,-0.0435,T1-Re1.000-N9.0.txt
NACA 2412,0.02,0.4,0.12,9.0,1000000.0,1.1792,0.01416,-0.0405,T1-Re1.000-N9.0.txt
NACA 2412,0.02,0.4,0.12,10.0,1000000.0,1.2661,0.01593,-0.0369,T1-Re1.000-N9.0.txt
NACA 2412,0.02,0.4,0.12,11.0,1000000.0,1.3453,0.0179,-0.0323,T1-Re1.000-N9.0.txt
NACA 2412,0.02,0.4,0.12,12.0,1000000.0,1.4055,0.02033,-0.0251,T1-Re1.000-N9.0.txt
NACA 2412,0.02,0.4,0.12,13.0,1000000.0,1.4504,0.02394,-0.0174,T1-Re1.000-N9.0.txt
NACA 2412,0.02,0.4,0.12,14.0,1000000.0,1.4942,0.02817,-0.0118,T1-Re1.000-N9.0.txt
NACA 2414,0.02,0.4,0.14,-6.0,1000000.0,-0.4116,0.00912,-0.0562,T1-Re1.000-N9.0.txt
NACA 2414,0.02,0.4,0.14,-5.0,1000000.0,-0.3035,0.00836,-0.0551,T1-Re1.000-N9.0.txt
NACA 2414,0.02,0.4,0.14,-4.0,1000000.0,-0.1943,0.00773,-0.0543,T1-Re1.000-N9.0.txt
NACA 2414,0.02,0.4,0.14,-3.0,1000000.0,-0.0845,0.00724,-0.0535,T1-Re1.000-N9.0.txt
NACA 2414,0.02,0.4,0.14,-2.0,1000000.0,0.0253,0.00688,-0.0528,T1-Re1.000-N9.0.txt
NACA 2414,0.02,0.4,0.14,-1.0,1000000.0,0.1341,0.00654,-0.052,T1-Re1.000-N9.0.txt
NACA 2414,0.02,0.4,0.14,0.0,1000000.0,0.242,0.00627,-0.051,T1-Re1.000-N9.0.txt
NACA 2414,0.02,0.4,0.14,1.0,1000000.0,0.3495,0.00618,-0.0497,T1-Re1.000-N9.0.txt
NACA 2414,0.02,0.4,0.14,2.0,1000000.0,0.4548,0.00625,-0.0477,T1-Re1.000-N9.0.txt
NACA 2414,0.02,0.4,0.14,3.0,1000000.0,0.5611,0.00663,-0.0457,T1-Re1.000-N9.0.txt
NACA 2414,0.02,0.4,0.14,4.0,1000000.0,0.695,0.00729,-0.0503,T1-Re1.000-N9.0.txt
NACA 2414,0.02,0.4,0.14,5.0,1000000.0,0.8451,0.00819,-0.0591,T1-Re1.000-N9.0.txt
NACA 2414,0.02,0.4,0.14,6.0,1000000.0,0.9275,0.00916,-0.0534,T1-Re1.000-N9.0.txt
NACA 2414,0.02,0.4,0.14,7.0,1000000.0,1.0095,0.01046,-0.0479,T1-Re1.000-N9.0.txt
NACA 2414,0.02,0.4,0.14,8.0,1000000.0,1.095,0.01195,-0.0434,T1-Re1.000-N9.0.txt
NACA 2414,0.02,0.4,0.14,9.0,1000000.0,1.1806,0.01355,-0.0392,T1-Re1.000-N9.0.txt
NACA 2414,0.02,0.4,0.14,10.0,1000000.0,1.2618,0.01526,-0.0346,T1-Re1.000-N9.0.txt
NACA 2414,0.02,0.4,0.14,11.0,1000000.0,1.3304,0.01713,-0.028,T1-Re1.000-N9.0.txt
NACA 2414,0.02,0.4,0.14,12.0,1000000.0,1.3935,0.01946,-0.0216,T1-Re1.000-N9.0.txt
NACA 2414,0.02,0.4,0.14,13.0,1000000.0,1.4474,0.0226,-0.0154,T1-Re1.000-N9.0.txt
NACA 2414,0.02,0.4,0.14,14.0,1000000.0,1.4922,0.02679,-0.01,T1-Re1.000-N9.0.txt
NACA 2415,0.02,0.4,0.15,-6.0,1000000.0,-0.4122,0.00911,-0.0557,T1-Re1.000-N9.0.txt
NACA 2415,0.02,0.4,0.15,-5.0,1000000.0,-0.3037,0.00841,-0.0547,T1-Re1.000-N9.0.txt
NACA 2415,0.02,0.4,0.15,-4.0,1000000.0,-0.1944,0.00782,-0.0538,T1-Re1.000-N9.0.txt
NACA 2415,0.02,0.4,0.15,-3.0,1000000.0,-0.0846,0.00739,-0.0531,T1-Re1.000-N9.0.txt
NACA 2415,0.02,0.4,0.15,-2.0,1000000.0,0.0251,0.00709,-0.0524,T1-Re1.000-N9.0.txt
NACA 2415,0.02,0.4,0.15,-1.0,1000000.0,0.1339,0.00679,-0.0515,T1-Re1.000-N9.0.txt
NACA 2415,0.02,0.4,0.15,0.0,1000000.0,0.2421,0.00656,-0.0505,T1-Re1.000-N9.0.txt
NACA 2415,0.02,0.4,0.15,1.0,1000000.0,0.3502,0.0065,-0.0494,T1-Re1.000-N9.0.txt
NACA 2415,0.02,0.4,0.15,3.0,1000000.0,0.5612,0.00681,-0.0455,T1-Re1.000-N9.0.txt
NACA 2415,0.02,0.4,0.15,4.0,1000000.0,0.6754,0.00736,-0.0454,T1-Re1.000-N9.0.txt
NACA 2415,0.02,0.4,0.15,5.0,1000000.0,0.8203,0.00823,-0.0528,T1-Re1.000-N9.0.txt
NACA 2415,0.02,0.4,0.15,6.0,1000000.0,0.9463,0.00926,-0.0566,T1-Re1.000-N9.0.txt
NACA 2415,0.02,0.4,0.15,7.0,1000000.0,1.0216,0.01037,-0.0497,T1-Re1.000-N9.0.txt
NACA 2415,0.02,0.4,0.15,8.0,1000000.0,1.0997,0.01172,-0.0436,T1-Re1.000-N9.0.txt
NACA 2415,0.02,0.4,0.15,9.0,1000000.0,1.1809,0.01325,-0.0385,T1-Re1.000-N9.0.txt
NACA 2415,0.02,0.4,0.15,10.0,1000000.0,1.2553,0.01494,-0.0325,T1-Re1.000-N9.0.txt
NACA 2415,0.02,0.4,0.15,11.0,1000000.0,1.3227,0.01685,-0.026,T1-Re1.000-N9.0.txt
NACA 2415,0.02,0.4,0.15,12.0,1000000.0,1.3852,0.01926,-0.0198,T1-Re1.000-N9.0.txt
NACA 2415,0.02,0.4,0.15,13.0,1000000.0,1.4387,0.02249,-0.0138,T1-Re1.000-N9.0.txt
NACA 2415,0.02,0.4,0.15,14.0,1000000.0,1.4827,0.02683,-0.0086,T1-Re1.000-N9.0.txt
NACA 2418,0.02,0.4,0.18,-6.0,1000000.0,-0.4104,0.00923,-0.0547,T1-Re1.000-N9.0.txt
NACA 2418,0.02,0.4,0.18,-5.0,1000000.0,-0.3025,0.00867,-0.0536,T1-Re1.000-N9.0.txt
NACA 2418,0.02,0.4,0.18,-4.0,1000000.0,-0.1939,0.00825,-0.0526,T1-Re1.000-N9.0.txt
NACA 2418,0.02,0.4,0.18,-3.0,1000000.0,-0.0849,0.00794,-0.0517,T1-Re1.000-N9.0.txt
NACA 2418,0.02,0.4,0.18,-2.0,1000000.0,0.0241,0.00773,-0.0508,T1-Re1.000-N9.0.txt
NACA 2418,0.02,0.4,0.18,-1.0,1000000.0,0.1324,0.00755,-0.0498,T1-Re1.000-N9.0.txt
NACA 2418,0.02,0.4,0.18,0.0,1000000.0,0.2405,0.00739,-0.0488,T1-Re1.000-N9.0.txt
NACA 2418,0.02,0.4,0.18,1.0,1000000.0,0.3488,0.00736,-0.0477,T1-Re1.000-N9.0.txt
NACA 2418,0.02,0.4,0.18,2.0,1000000.0,0.4567,0.00743,-0.0466,T1-Re1.000-N9.0.txt
NACA 2418,0.02,0.4,0.18,5.0,1000000.0,0.767,0.00842,-0.04,T1-Re1.000-N9.0.txt
NACA 2418,0.02,0.4,0.18,6.0,1000000.0,0.8846,0.00932,-0.0412,T1-Re1.000-N9.0.txt
NACA 2418,0.02,0.4,0.18,7.0,1000000.0,1.0273,0.01055,-0.0487,T1-Re1.000-N9.0.txt
NACA 2418,0.02,0.4,0.18,8.0,1000000.0,1.1238,0.01169,-0.0468,T1-Re1.000-N9.0.txt
NACA 2418,0.02,0.4,0.18,9.0,1000000.0,1.1662,0.01275,-0.0337,T1-Re1.000-N9.0.txt
NACA 2418,0.02,0.4,0.18,10.0,1000000.0,1.2316,0.01439,-0.0263,T1-Re1.000-N9.0.txt
NACA 2418,0.02,0.4,0.18,11.0,1000000.0,1.2972,0.01648,-0.0202,T1-Re1.000-N9.0.txt
NACA 2418,0.02,0.4,0.18,12.0,1000000.0,1.3577,0.01913,-0.0144,T1-Re1.000-N9.0.txt
NACA 2418,0.02,0.4,0.18,13.0,1000000.0,1.4112,0.02254,-0.0091,T1-Re1.000-N9.0.txt
NACA 2418,0.02,0.4,0.18,14.0,1000000.0,1.4541,0.02714,-0.0044,T1-Re1.000-N9.0.txt
NACA 2421,0.02,0.4,0.21,-6.0,1000000.0,-0.4038,0.00957,-0.0544,T1-Re1.000-N9.0.txt
NACA 2421,0.02,0.4,0.21,-5.0,1000000.0,-0.2982,0.00913,-0.0529,T1-Re1.000-N9.0.txt
NACA 2421,0.02,0.4,0.21,-4.0,1000000.0,-0.192,0.00879,-0.0514,T1-Re1.000-N9.0.txt
NACA 2421,0.02,0.4,0.21,-3.0,1000000.0,-0.085,0.00856,-0.0501,T1-Re1.000-N9.0.txt
NACA 2421,0.02,0.4,0.21,-2.0,1000000.0,0.0218,0.00841,-0.0488,T1-Re1.000-N9.0.txt
NACA 2421,0.02,0.4,0.21,-1.0,1000000.0,0.1284,0.00829,-0.0474,T1-Re1.000-N9.0.txt
NACA 2421,0.02,0.4,0.21,0.0,1000000.0,0.235,0.00819,-0.0461,T1-Re1.000-N9.0.txt
NACA 2421,0.02,0.4,0.21,1.0,1000000.0,0.3413,0.00818,-0.0447,T1-Re1.000-N9.0.txt
NACA 2421,0.02,0.4,0.21,2.0,1000000.0,0.4475,0.00824,-0.0433,T1-Re1.000-N9.0.txt
NACA 2421,0.02,0.4,0.21,3.0,1000000.0,0.5523,0.0084,-0.0417,T1-Re1.000-N9.0.txt
NACA 2421,0.02,0.4,0.21,4.0,1000000.0,0.6546,0.00866,-0.0396,T1-Re1.000-N9.0.txt
NACA 2421,0.02,0.4,0.21,5.0,1000000.0,0.7537,0.00901,-0.0368,T1-Re1.000-N9.0.txt
NACA 2421,0.02,0.4,0.21,6.0,1000000.0,0.8407,0.0096,-0.0316,T1-Re1.000-N9.0.txt
NACA 2421,0.02,0.4,0.21,7.0,1000000.0,0.9311,0.01057,-0.0273,T1-Re1.000-N9.0.txt
NACA 2421,0.02,0.4,0.21,8.0,1000000.0,1.0637,0.01198,-0.0331,T1-Re1.000-N9.0.txt
NACA 2421,0.02,0.4,0.21,9.0,1000000.0,1.1452,0.01323,-0.029,T1-Re1.000-N9.0.txt
NACA 2421,0.02,0.4,0.21,10.0,1000000.0,1.1987,0.01475,-0.0199,T1-Re1.000-N9.0.txt
NACA 2421,0.02,0.4,0.21,11.0,1000000.0,1.2624,0.01693,-0.0141,T1-Re1.000-N9.0.txt
NACA 2421,0.02,0.4,0.21,12.0,1000000.0,1.3216,0.01977,-0.0089,T1-Re1.000-N9.0.txt
NACA 2421,0.02,0.4,0.21,13.0,1000000.0,1.3742,0.0234,-0.0042,T1-Re1.000-N9.0.txt
NACA 2421,0.02,0.4,0.21,14.0,1000000.0,1.4164,0.0282,0.0001,T1-Re1.000-N9.0.txt
NACA 2424,0.02,0.4,0.24,-6.0,1000000.0,-0.3908,0.01006,-0.0549,T1-Re1.000-N9.0.txt
NACA 2424,0.02,0.4,0.24,-5.0,1000000.0,-0.2901,0.00968,-0.0526,T1-Re1.000-N9.0.txt
NACA 2424,0.02,0.4,0.24,-4.0,1000000.0,-0.1877,0.00944,-0.0504,T1-Re1.000-N9.0.txt
NACA 2424,0.02,0.4,0.24,-3.0,1000000.0,-0.0852,0.00925,-0.0483,T1-Re1.000-N9.0.txt
NACA 2424,0.02,0.4,0.24,-2.0,1000000.0,0.018,0.00912,-0.0463,T1-Re1.000-N9.0.txt
NACA 2424,0.02,0.4,0.24,-1.0,1000000.0,0.1209,0.00904,-0.0442,T1-Re1.000-N9.0.txt
NACA 2424,0.02,0.4,0.24,0.0,1000000.0,0.2232,0.00897,-0.0421,T1-Re1.000-N9.0.txt
NACA 2424,0.02,0.4,0.24,1.0,1000000.0,0.3247,0.00896,-0.0399,T1-Re1.000-N9.0.txt
NACA 2424,0.02,0.4,0.24,2.0,1000000.0,0.4252,0.00905,-0.0374,T1-Re1.000-N9.0.txt
NACA 2424,0.02,0.4,0.24,3.0,1000000.0,0.5214,0.0092,-0.0342,T1-Re1.000-N9.0.txt
NACA 2424,0.02,0.4,0.24,4.0,1000000.0,0.6137,0.00946,-0.0303,T1-Re1.000-N9.0.txt
NACA 2424,0.02,0.4,0.24,5.0,1000000.0,0.7094,0.00991,-0.0273,T1-Re1.000-N9.0.txt
NACA 2424,0.02,0.4,0.24,6.0,1000000.0,0.802,0.01053,-0.024,T1-Re1.000-N9.0.txt
NACA 2424,0.02,0.4,0.24,7.0,1000000.0,0.8883,0.01136,-0.0197,T1-Re1.000-N9.0.txt
NACA 2424,0.02,0.4,0.24,8.0,1000000.0,0.9648,0.01255,-0.0136,T1-Re1.000-N9.0.txt
NACA 2424,0.02,0.4,0.24,10.0,1000000.0,1.1624,0.01617,-0.0147,T1-Re1.000-N9.0.txt
NACA 2424,0.02,0.4,0.24,11.0,1000000.0,1.2132,0.01844,-0.0073,T1-Re1.000-N9.0.txt
NACA 2424,0.02,0.4,0.24,12.0,1000000.0,1.2703,0.02146,-0.0025,T1-Re1.000-N9.0.txt
NACA 2424,0.02,0.4,0.24,13.0,1000000.0,1.3231,0.02529,0.0014,T1-Re1.000-N9.0.txt
NACA 2424,0.02,0.4,0.24,14.0,1000000.0,1.367,0.03021,0.0049,T1-Re1.000-N9.0.txt
NACA 4412,0.04,0.4,0.12,-6.0,1000000.0,-0.1842,0.00911,-0.105,T1-Re1.000-N9.0.txt
NACA 4412,0.04,0.4,0.12,-5.0,1000000.0,-0.0729,0.00839,-0.1046,T1-Re1.000-N9.0.txt
NACA 4412,0.04,0.4,0.12,-4.0,1000000.0,0.0387,0.00781,-0.1043,T1-Re1.000-N9.0.txt
NACA 4412,0.04,0.4,0.12,-3.0,1000000.0,0.1504,0.0074,-0.104,T1-Re1.000-N9.0.txt
NACA 4412,0.04,0.4,0.12,-2.0,1000000.0,0.2615,0.00712,-0.1036,T1-Re1.000-N9.0.txt
NACA 4412,0.04,0.4,0.12,-1.0,1000000.0,0.372,0.00697,-0.1032,T1-Re1.000-N9.0.txt
NACA 4412,0.04,0.4,0.12,0.0,1000000.0,0.4814,0.00672,-0.1028,T1-Re1.000-N9.0.txt
NACA 4412,0.04,0.4,0.12,1.0,1000000.0,0.58,0.00589,-0.0998,T1-Re1.000-N9.0.txt
NACA 4412,0.04,0.4,0.12,2.0,1000000.0,0.7049,0.00623,-0.1024,T1-Re1.000-N9.0.txt
NACA 4412,0.04,0.4,0.12,3.0,1000000.0,0.8119,0.00672,-0.1014,T1-Re1.000-N9.0.txt
NACA 4412,0.04,0.4,0.12,4.0,1000000.0,0.9193,0.00724,-0.1006,T1-Re1.000-N9.0.txt
NACA 4412,0.04,0.4,0.12,5.0,1000000.0,1.025,0.00787,-0.0995,T1-Re1.000-N9.0.txt
NACA 4412,0.04,0.4,0.12,6.0,1000000.0,1.1271,0.00874,-0.098,T1-Re1.000-N9.0.txt
NACA 4412,0.04,0.4,0.12,7.0,1000000.0,1.219,0.0103,-0.0948,T1-Re1.000-N9.0.txt
NACA 4412,0.04,0.4,0.12,8.0,1000000.0,1.2974,0.01266,-0.0897,T1-Re1.000-N9.0.txt
NACA 4412,0.04,0.4,0.12,9.0,1000000.0,1.3684,0.01503,-0.0835,T1-Re1.000-N9.0.txt
NACA 4412,0.04,0.4,0.12,10.0,1000000.0,1.4303,0.01732,-0.0758,T1-Re1.000-N9.0.txt
NACA 4412,0.04,0.4,0.12,11.0,1000000.0,1.4886,0.01995,-0.0686,T1-Re1.000-N9.0.txt
NACA 4412,0.04,0.4,0.12,12.0,1000000.0,1.5392,0.0233,-0.0615,T1-Re1.000-N9.0.txt
NACA 4412,0.04,0.4,0.12,13.0,1000000.0,1.5796,0.02781,-0.055,T1-Re1.000-N9.0.txt
NACA 4412,0.04,0.4,0.12,14.0,1000000.0,1.6087,0.03387,-0.0494,T1-Re1.000-N9.0.txt
NACA 4415,0.04,0.4,0.15,-6.0,1000000.0,-0.1814,0.00909,-0.1034,T1-Re1.000-N9.0.txt
NACA 4415,0.04,0.4,0.15,-5.0,1000000.0,-0.0701,0.00853,-0.103,T1-Re1.000-N9.0.txt
NACA 4415,0.04,0.4,0.15,-4.0,1000000.0,0.0411,0.00811,-0.1025,T1-Re1.000-N9.0.txt
NACA 4415,0.04,0.4,0.15,-3.0,1000000.0,0.1521,0.00782,-0.102,T1-Re1.000-N9.0.txt
NACA 4415,0.04,0.4,0.15,-2.0,1000000.0,0.2627,0.00765,-0.1015,T1-Re1.000-N9.0.txt
NACA 4415,0.04,0.4,0.15,-1.0,1000000.0,0.3727,0.00757,-0.1009,T1-Re1.000-N9.0.txt
NACA 4415,0.04,0.4,0.15,0.0,1000000.0,0.4816,0.00747,-0.1002,T1-Re1.000-N9.0.txt
NACA 4415,0.04,0.4,0.15,1.0,1000000.0,0.5876,0.00707,-0.0991,T1-Re1.000-N9.0.txt
NACA 4415,0.04,0.4,0.15,2.0,1000000.0,0.6861,0.00686,-0.0956,T1-Re1.000-N9.0.txt
NACA 4415,0.04,0.4,0.15,3.0,1000000.0,0.8305,0.00734,-0.1025,T1-Re1.000-N9.0.txt
NACA 4415,0.04,0.4,0.15,4.0,1000000.0,0.9273,0.00779,-0.0994,T1-Re1.000-N9.0.txt
NACA 4415,0.04,0.4,0.15,5.0,1000000.0,1.028,0.00834,-0.0972,T1-Re1.000-N9.0.txt
NACA 4415,0.04,0.4,0.15,6.0,1000000.0,1.128,0.00901,-0.0951,T1-Re1.000-N9.0.txt
NACA 4415,0.04,0.4,0.15,7.0,1000000.0,1.222,0.00998,-0.0921,T1-Re1.000-N9.0.txt
NACA 4415,0.04,0.4,0.15,8.0,1000000.0,1.3045,0.01134,-0.0871,T1-Re1.000-N9.0.txt
NACA 4415,0.04,0.4,0.15,9.0,1000000.0,1.3729,0.01323,-0.0801,T1-Re1.000-N9.0.txt
NACA 4415,0.04,0.4,0.15,10.0,1000000.0,1.4327,0.01568,-0.0725,T1-Re1.000-N9.0.txt
NACA 4415,0.04,0.4,0.15,11.0,1000000.0,1.4847,0.01873,-0.0649,T1-Re1.000-N9.0.txt
NACA 4415,0.04,0.4,0.15,12.0,1000000.0,1.5303,0.02249,-0.0578,T1-Re1.000-N9.0.txt
NACA 4415,0.04,0.4,0.15,13.0,1000000.0,1.5697,0.02715,-0.0515,T1-Re1.000-N9.0.txt
NACA 4415,0.04,0.4,0.15,14.0,1000000.0,1.5989,0.03319,-0.0461,T1-Re1.000-N9.0.txt
NACA 4418,0.04,0.4,0.18,-6.0,1000000.0,-0.1785,0.00928,-0.1015,T1-Re1.000-N9.0.txt
NACA 4418,0.04,0.4,0.18,-5.0,1000000.0,-0.0684,0.00884,-0.1008,T1-Re1.000-N9.0.txt
NACA 4418,0.04,0.4,0.18,-4.0,1000000.0,0.0414,0.00852,-0.1,T1-Re1.000-N9.0.txt
NACA 4418,0.04,0.4,0.18,-3.0,1000000.0,0.1508,0.00832,-0.0991,T1-Re1.000-N9.0.txt
NACA 4418,0.04,0.4,0.18,-2.0,1000000.0,0.26,0.00823,-0.0982,T1-Re1.000-N9.0.txt
NACA 4418,0.04,0.4,0.18,-1.0,1000000.0,0.3686,0.0082,-0.0973,T1-Re1.000-N9.0.txt
NACA 4418,0.04,0.4,0.18,0.0,1000000.0,0.4764,0.00817,-0.0963,T1-Re1.000-N9.0.txt
NACA 4418,0.04,0.4,0.18,1.0,1000000.0,0.5822,0.00796,-0.0951,T1-Re1.000-N9.0.txt
NACA 4418,0.04,0.4,0.18,2.0,1000000.0,0.6873,0.0079,-0.0936,T1-Re1.000-N9.0.txt
NACA 4418,0.04,0.4,0.18,3.0,1000000.0,0.7865,0.00793,-0.0905,T1-Re1.000-N9.0.txt
NACA 4418,0.04,0.4,0.18,4.0,1000000.0,0.9069,0.00845,-0.092,T1-Re1.000-N9.0.txt
NACA 4418,0.04,0.4,0.18,5.0,1000000.0,1.0268,0.00904,-0.0943,T1-Re1.000-N9.0.txt
NACA 4418,0.04,0.4,0.18,6.0,1000000.0,1.1081,0.00959,-0.0883,T1-Re1.000-N9.0.txt
NACA 4418,0.04,0.4,0.18,7.0,1000000.0,1.1923,0.01042,-0.0833,T1-Re1.000-N9.0.txt
NACA 4418,0.04,0.4,0.18,8.0,1000000.0,1.2746,0.0116,-0.0786,T1-Re1.000-N9.0.txt
NACA 4418,0.04,0.4,0.18,9.0,1000000.0,1.3502,0.01321,-0.0732,T1-Re1.000-N9.0.txt
NACA 4418,0.04,0.4,0.18,10.0,1000000.0,1.4186,0.01529,-0.0675,T1-Re1.000-N9.0.txt
NACA 4418,0.04,0.4,0.18,11.0,1000000.0,1.4755,0.01815,-0.0609,T1-Re1.000-N9.0.txt
NACA 4418,0.04,0.4,0.18,12.0,1000000.0,1.5239,0.0218,-0.0545,T1-Re1.000-N9.0.txt
NACA 4418,0.04,0.4,0.18,13.0,1000000.0,1.5615,0.02657,-0.0483,T1-Re1.000-N9.0.txt
NACA 4421,0.04,0.4,0.21,-6.0,1000000.0,-0.1759,0.0096,-0.0991,T1-Re1.000-N9.0.txt
NACA 4421,0.04,0.4,0.21,-5.0,1000000.0,-0.0686,0.00925,-0.0978,T1-Re1.000-N9.0.txt
NACA 4421,0.04,0.4,0.21,-4.0,1000000.0,0.0385,0.00903,-0.0965,T1-Re1.000-N9.0.txt
NACA 4421,0.04,0.4,0.21,-3.0,1000000.0,0.1451,0.00889,-0.095,T1-Re1.000-N9.0.txt
NACA 4421,0.04,0.4,0.21,-2.0,1000000.0,0.2514,0.00885,-0.0936,T1-Re1.000-N9.0.txt
NACA 4421,0.04,0.4,0.21,-1.0,1000000.0,0.3566,0.00886,-0.0919,T1-Re1.000-N9.0.txt
NACA 4421,0.04,0.4,0.21,0.0,1000000.0,0.4611,0.00889,-0.0903,T1-Re1.000-N9.0.txt
NACA 4421,0.04,0.4,0.21,1.0,1000000.0,0.5641,0.0088,-0.0884,T1-Re1.000-N9.0.txt
NACA 4421,0.04,0.4,0.21,2.0,1000000.0,0.6662,0.00879,-0.0865,T1-Re1.000-N9.0.txt
NACA 4421,0.04,0.4,0.21,3.0,1000000.0,0.7606,0.00894,-0.0829,T1-Re1.000-N9.0.txt
NACA 4421,0.04,0.4,0.21,4.0,1000000.0,0.8575,0.00912,-0.0798,T1-Re1.000-N9.0.txt
NACA 4421,0.04,0.4,0.21,5.0,1000000.0,0.9525,0.00969,-0.0761,T1-Re1.000-N9.0.txt
NACA 4421,0.04,0.4,0.21,6.0,1000000.0,1.0669,0.01049,-0.0777,T1-Re1.000-N9.0.txt
NACA 4421,0.04,0.4,0.21,8.0,1000000.0,1.2304,0.01266,-0.0686,T1-Re1.000-N9.0.txt
NACA 4421,0.04,0.4,0.21,9.0,1000000.0,1.3082,0.01427,-0.0642,T1-Re1.000-N9.0.txt
NACA 4421,0.04,0.4,0.21,10.0,1000000.0,1.3771,0.01646,-0.0593,T1-Re1.000-N9.0.txt
NACA 4421,0.04,0.4,0.21,11.0,1000000.0,1.4402,0.01917,-0.0543,T1-Re1.000-N9.0.txt
NACA 4421,0.04,0.4,0.21,12.0,1000000.0,1.491,0.02285,-0.0488,T1-Re1.000-N9.0.txt
NACA 4421,0.04,0.4,0.21,13.0,1000000.0,1.5341,0.02746,-0.0437,T1-Re1.000-N9.0.txt
NACA 4421,0.04,0.4,0.21,14.0,1000000.0,1.566,0.03344,-0.039,T1-Re1.000-N9.0.txt
NACA 4424,0.04,0.4,0.24,-5.0,1000000.0,-0.0715,0.0098,-0.0938,T1-Re1.000-N9.0.txt
NACA 4424,0.04,0.4,0.24,-4.0,1000000.0,0.0309,0.00963,-0.0916,T1-Re1.000-N9.0.txt
NACA 4424,0.04,0.4,0.24,-3.0,1000000.0,0.1317,0.00953,-0.0891,T1-Re1.000-N9.0.txt
NACA 4424,0.04,0.4,0.24,-2.0,1000000.0,0.2325,0.00949,-0.0865,T1-Re1.000-N9.0.txt
NACA 4424,0.04,0.4,0.24,-1.0,1000000.0,0.3315,0.00951,-0.0837,T1-Re1.000-N9.0.txt
NACA 4424,0.04,0.4,0.24,0.0,1000000.0,0.4243,0.00955,-0.0797,T1-Re1.000-N9.0.txt
NACA 4424,0.04,0.4,0.24,1.0,1000000.0,0.5183,0.0096,-0.0761,T1-Re1.000-N9.0.txt
NACA 4424,0.04,0.4,0.24,2.0,1000000.0,0.6174,0.00975,-0.0738,T1-Re1.000-N9.0.txt
NACA 4424,0.04,0.4,0.24,3.0,1000000.0,0.7178,0.01002,-0.0719,T1-Re1.000-N9.0.txt
NACA 4424,0.04,0.4,0.24,4.0,1000000.0,0.8145,0.01046,-0.0694,T1-Re1.000-N9.0.txt
NACA 4424,0.04,0.4,0.24,5.0,1000000.0,0.9108,0.01091,-0.067,T1-Re1.000-N9.0.txt
NACA 4424,0.04,0.4,0.24,6.0,1000000.0,0.9906,0.01166,-0.0612,T1-Re1.000-N9.0.txt
NACA 4424,0.04,0.4,0.24,7.0,1000000.0,1.1002,0.01281,-0.0626,T1-Re1.000-N9.0.txt
NACA 4424,0.04,0.4,0.24,8.0,1000000.0,1.1769,0.01422,-0.0581,T1-Re1.000-N9.0.txt
NACA 4424,0.04,0.4,0.24,9.0,1000000.0,1.2512,0.0161,-0.054,T1-Re1.000-N9.0.txt
NACA 4424,0.04,0.4,0.24,10.0,1000000.0,1.3198,0.01849,-0.0498,T1-Re1.000-N9.0.txt
NACA 4424,0.04,0.4,0.24,11.0,1000000.0,1.3813,0.02155,-0.0455,T1-Re1.000-N9.0.txt
NACA 4424,0.04,0.4,0.24,12.0,1000000.0,1.4341,0.02545,-0.0412,T1-Re1.000-N9.0.txt
NACA 4424,0.04,0.4,0.24,13.0,1000000.0,1.4797,0.03021,-0.0371,T1-Re1.000-N9.0.txt
NACA 4424,0.04,0.4,0.24,14.0,1000000.0,1.5148,0.03612,-0.0333,T1-Re1.000-N9.0.txt
NACA 6409,0.06,0.4,0.09,-6.0,1000000.0,0.0368,0.01067,-0.154,T1-Re1.000-N9.0.txt
NACA 6409,0.06,0.4,0.09,-5.0,1000000.0,0.1487,0.00909,-0.1543,T1-Re1.000-N9.0.txt
NACA 6409,0.06,0.4,0.09,-4.0,1000000.0,0.261,0.0081,-0.1544,T1-Re1.000-N9.0.txt
NACA 6409,0.06,0.4,0.09,-3.0,1000000.0,0.3732,0.00749,-0.1544,T1-Re1.000-N9.0.txt
NACA 6409,0.06,0.4,0.09,-2.0,1000000.0,0.4846,0.00717,-0.1542,T1-Re1.000-N9.0.txt
NACA 6409,0.06,0.4,0.09,-1.0,1000000.0,0.5951,0.00705,-0.154,T1-Re1.000-N9.0.txt
NACA 6409,0.06,0.4,0.09,0.0,1000000.0,0.7046,0.00709,-0.1537,T1-Re1.000-N9.0.txt
NACA 6409,0.06,0.4,0.09,1.0,1000000.0,0.8133,0.00715,-0.1534,T1-Re1.000-N9.0.txt
NACA 6409,0.06,0.4,0.09,3.0,1000000.0,1.0247,0.00696,-0.1516,T1-Re1.000-N9.0.txt
NACA 6409,0.06,0.4,0.09,4.0,1000000.0,1.1322,0.00751,-0.1511,T1-Re1.000-N9.0.txt
NACA 6409,0.06,0.4,0.09,5.0,1000000.0,1.2368,0.00817,-0.1501,T1-Re1.000-N9.0.txt
NACA 6409,0.06,0.4,0.09,6.0,1000000.0,1.3377,0.00902,-0.1486,T1-Re1.000-N9.0.txt
NACA 6409,0.06,0.4,0.09,7.0,1000000.0,1.4146,0.01163,-0.1432,T1-Re1.000-N9.0.txt
NACA 6409,0.06,0.4,0.09,8.0,1000000.0,1.4623,0.01587,-0.1331,T1-Re1.000-N9.0.txt
NACA 6409,0.06,0.4,0.09,9.0,1000000.0,1.5199,0.01836,-0.1244,T1-Re1.000-N9.0.txt
NACA 6409,0.06,0.4,0.09,10.0,1000000.0,1.5718,0.02133,-0.1159,T1-Re1.000-N9.0.txt
NACA 6409,0.06,0.4,0.09,11.0,1000000.0,1.6137,0.02528,-0.1073,T1-Re1.000-N9.0.txt
NACA 6409,0.06,0.4,0.09,12.0,1000000.0,1.6377,0.03116,-0.0986,T1-Re1.000-N9.0.txt
NACA 6409,0.06,0.4,0.09,13.0,1000000.0,1.6584,0.0382,-0.0919,T1-Re1.000-N9.0.txt
NACA 6409,0.06,0.4,0.09,14.0,1000000.0,1.6444,0.04988,-0.0859,T1-Re1.000-N9.0.txt
NACA 6412,0.06,0.4,0.12,-6.0,1000000.0,0.0434,0.00929,-0.1529,T1-Re1.000-N9.0.txt
NACA 6412,0.06,0.4,0.12,-5.0,1000000.0,0.156,0.00862,-0.1529,T1-Re1.000-N9.0.txt
NACA 6412,0.06,0.4,0.12,-4.0,1000000.0,0.2682,0.00809,-0.1528,T1-Re1.000-N9.0.txt
NACA 6412,0.06,0.4,0.12,-3.0,1000000.0,0.38,0.00778,-0.1525,T1-Re1.000-N9.0.txt
NACA 6412,0.06,0.4,0.12,-2.0,1000000.0,0.4909,0.00764,-0.1522,T1-Re1.000-N9.0.txt
NACA 6412,0.06,0.4,0.12,-1.0,1000000.0,0.6007,0.00764,-0.1517,T1-Re1.000-N9.0.txt
NACA 6412,0.06,0.4,0.12,0.0,1000000.0,0.7096,0.00776,-0.1512,T1-Re1.000-N9.0.txt
NACA 6412,0.06,0.4,0.12,1.0,1000000.0,0.8181,0.00788,-0.1507,T1-Re1.000-N9.0.txt
NACA 6412,0.06,0.4,0.12,3.0,1000000.0,1.0287,0.00757,-0.1485,T1-Re1.000-N9.0.txt
NACA 6412,0.06,0.4,0.12,4.0,1000000.0,1.136,0.00807,-0.1479,T1-Re1.000-N9.0.txt
NACA 6412,0.06,0.4,0.12,5.0,1000000.0,1.2405,0.00868,-0.1468,T1-Re1.000-N9.0.txt
NACA 6412,0.06,0.4,0.12,6.0,1000000.0,1.3423,0.00931,-0.1453,T1-Re1.000-N9.0.txt
NACA 6412,0.06,0.4,0.12,7.0,1000000.0,1.4389,0.01013,-0.143,T1-Re1.000-N9.0.txt
NACA 6412,0.06,0.4,0.12,8.0,1000000.0,1.5193,0.0115,-0.1378,T1-Re1.000-N9.0.txt
NACA 6412,0.06,0.4,0.12,9.0,1000000.0,1.5723,0.01421,-0.1283,T1-Re1.000-N9.0.txt
NACA 6412,0.06,0.4,0.12,10.0,1000000.0,1.5994,0.01851,-0.116,T1-Re1.000-N9.0.txt
NACA 6412,0.06,0.4,0.12,11.0,1000000.0,1.627,0.02329,-0.1057,T1-Re1.000-N9.0.txt
NACA 6412,0.06,0.4,0.12,12.0,1000000.0,1.658,0.02848,-0.0977,T1-Re1.000-N9.0.txt
NACA 6412,0.06,0.4,0.12,13.0,1000000.0,1.683,0.03486,-0.091,T1-Re1.000-N9.0.txt
NACA 6412,0.06,0.4,0.12,14.0,1000000.0,1.6988,0.04295,-0.0855,T1-Re1.000-N9.0.txt
NACA 0006,0.0,0.0,0.06,-6.0,2000000.0,-0.6567,0.00965,-0.0012,T1-Re2.000-N9.0.txt
NACA 0006,0.0,0.0,0.06,-5.0,2000000.0,-0.5518,0.00805,-0.0001,T1-Re2.000-N9.0.txt
NACA 0006,0.0,0.0,0.06,-4.0,2000000.0,-0.4462,0.00702,0.0011,T1-Re2.000-N9.0.txt
NACA 0006,0.0,0.0,0.06,-3.0,2000000.0,-0.3427,0.00621,0.0027,T1-Re2.000-N9.0.txt
NACA 0006,0.0,0.0,0.06,-2.0,2000000.0,-0.2202,0.00491,-0.0005,T1-Re2.000-N9.0.txt
NACA 0006,0.0,0.0,0.06,-1.0,2000000.0,-0.0999,0.00367,-0.0029,T1-Re2.000-N9.0.txt
NACA 0006,0.0,0.0,0.06,0.0,2000000.0,-0.0,0.00324,0.0,T1-Re2.000-N9.0.txt
NACA 0006,0.0,0.0,0.06,1.0,2000000.0,0.0999,0.00367,0.0029,T1-Re2.000-N9.0.txt
NACA 0006,0.0,0.0,0.06,2.0,2000000.0,0.2202,0.00491,0.0005,T1-Re2.000-N9.0.txt
NACA 0006,0.0,0.0,0.06,3.0,2000000.0,0.3427,0.00621,-0.0027,T1-Re2.000-N9.0.txt
NACA 0006,0.0,0.0,0.06,4.0,2000000.0,0.4462,0.00702,-0.0011,T1-Re2.000-N9.0.txt
NACA 0006,0.0,0.0,0.06,5.0,2000000.0,0.5518,0.00805,0.0001,T1-Re2.000-N9.0.txt
NACA 0006,0.0,0.0,0.06,7.0,2000000.0,0.7585,0.01222,0.0026,T1-Re2.000-N9.0.txt
NACA 0006,0.0,0.0,0.06,8.0,2000000.0,0.8559,0.01606,0.0044,T1-Re2.000-N9.0.txt
NACA 0006,0.0,0.0,0.06,9.0,2000000.0,0.9457,0.02122,0.0063,T1-Re2.000-N9.0.txt
NACA 0008,0.0,0.0,0.08,-6.0,2000000.0,-0.6734,0.00862,0.0017,T1-Re2.000-N9.0.txt
NACA 0008,0.0,0.0,0.08,-5.0,2000000.0,-0.5742,0.00773,0.0042,T1-Re2.000-N9.0.txt
NACA 0008,0.0,0.0,0.08,-4.0,2000000.0,-0.4526,0.00686,0.0017,T1-Re2.000-N9.0.txt
NACA 0008,0.0,0.0,0.08,-3.0,2000000.0,-0.3211,0.0058,-0.0031,T1-Re2.000-N9.0.txt
NACA 0008,0.0,0.0,0.08,-2.0,2000000.0,-0.2109,0.00477,-0.0029,T1-Re2.000-N9.0.txt
NACA 0008,0.0,0.0,0.08,-1.0,2000000.0,-0.1069,0.00419,-0.0011,T1-Re2.000-N9.0.txt
NACA 0008,0.0,0.0,0.08,0.0,2000000.0,0.0,0.00402,-0.0,T1-Re2.000-N9.0.txt
NACA 0008,0.0,0.0,0.08,1.0,2000000.0,0.1069,0.00419,0.0011,T1-Re2.000-N9.0.txt
NACA 0008,0.0,0.0,0.08,2.0,2000000.0,0.2109,0.00477,0.0029,T1-Re2.000-N9.0.txt
NACA 0008,0.0,0.0,0.08,3.0,2000000.0,0.3211,0.0058,0.0031,T1-Re2.000-N9.0.txt
NACA 0008,0.0,0.0,0.08,4.0,2000000.0,0.4526,0.00686,-0.0017,T1-Re2.000-N9.0.txt
NACA 0008,0.0,0.0,0.08,5.0,2000000.0,0.5741,0.00773,-0.0042,T1-Re2.000-N9.0.txt
NACA 0008,0.0,0.0,0.08,6.0,2000000.0,0.6734,0.00862,-0.0017,T1-Re2.000-N9.0.txt
NACA 0008,0.0,0.0,0.08,7.0,2000000.0,0.7748,0.00972,0.0002,T1-Re2.000-N9.0.txt
NACA 0008,0.0,0.0,0.08,8.0,2000000.0,0.8767,0.01118,0.0018,T1-Re2.000-N9.0.txt
NACA 0008,0.0,0.0,0.08,9.0,2000000.0,0.9786,0.01266,0.003,T1-Re2.000-N9.0.txt
NACA 0008,0.0,0.0,0.08,10.0,2000000.0,1.0733,0.01534,0.0051,T1-Re2.000-N9.0.txt
NACA 0008,0.0,0.0,0.08,11.0,2000000.0,1.1662,0.01792,0.0071,T1-Re2.000-N9.0.txt
NACA 0008,0.0,0.0,0.08,12.0,2000000.0,1.2552,0.02057,0.0092,T1-Re2.000-N9.0.txt
NACA 0008,0.0,0.0,0.08,13.0,2000000.0,1.3062,0.02747,0.0143,T1-Re2.000-N9.0.txt
NACA 0008,0.0,0.0,0.08,14.0,2000000.0,1.3352,0.03379,0.0206,T1-Re2.000-N9.0.txt
NACA 0009,0.0,0.0,0.09,-6.0,2000000.0,-0.689,0.00853,0.0047,T1-Re2.000-N9.0.txt
NACA 0009,0.0,0.0,0.09,-5.0,2000000.0,-0.5685,0.00764,0.0024,T1-Re2.000-N9.0.txt
NACA 0009,0.0,0.0,0.09,-4.0,2000000.0,-0.4357,0.00669,-0.0026,T1-Re2.000-N9.0.txt
NACA 0009,0.0,0.0,0.09,-3.0,2000000.0,-0.3189,0.00568,-0.0039,T1-Re2.000-N9.0.txt
NACA 0009,0.0,0.0,0.09,-2.0,2000000.0,-0.2151,0.00489,-0.002,T1-Re2.000-N9.0.txt
NACA 0009,0.0,0.0,0.09,-1.0,2000000.0,-0.1084,0.00447,-0.0008,T1-Re2.000-N9.0.txt
NACA 0009,0.0,0.0,0.09,0.0,2000000.0,0.0,0.00435,-0.0,T1-Re2.000-N9.0.txt
NACA 0009,0.0,0.0,0.09,1.0,2000000.0,0.1084,0.00447,0.0008,T1-Re2.000-N9.0.txt
NACA 0009,0.0,0.0,0.09,2.0,2000000.0,0.2151,0.00489,0.002,T1-Re2.000-N9.0.txt
NACA 0009,0.0,0.0,0.09,3.0,2000000.0,0.3189,0.00568,0.0039,T1-Re2.000-N9.0.txt
NACA 0009,0.0,0.0,0.09,4.0,2000000.0,0.4357,0.00669,0.0026,T1-Re2.000-N9.0.txt
NACA 0009,0.0,0.0,0.09,5.0,2000000.0,0.5686,0.00764,-0.0024,T1-Re2.000-N9.0.txt
NACA 0009,0.0,0.0,0.09,6.0,2000000.0,0.689,0.00853,-0.0047,T1-Re2.000-N9.0.txt
NACA 0009,0.0,0.0,0.09,7.0,2000000.0,0.7858,0.00944,-0.0018,T1-Re2.000-N9.0.txt
NACA 0009,0.0,0.0,0.09,8.0,2000000.0,0.8848,0.01057,0.0006,T1-Re2.000-N9.0.txt
NACA 0009,0.0,0.0,0.09,9.0,2000000.0,0.985,0.01198,0.0023,T1-Re2.000-N9.0.txt
NACA 0009,0.0,0.0,0.09,10.0,2000000.0,1.0824,0.01386,0.0042,T1-Re2.000-N9.0.txt
NACA 0009,0.0,0.0,0.09,11.0,2000000.0,1.1792,0.01565,0.006,T1-Re2.000-N9.0.txt
NACA 0009,0.0,0.0,0.09,12.0,2000000.0,1.2658,0.01854,0.0087,T1-Re2.000-N9.0.txt
NACA 0009,0.0,0.0,0.09,13.0,2000000.0,1.3437,0.02189,0.0122,T1-Re2.000-N9.0.txt
NACA 0009,0.0,0.0,0.09,14.0,2000000.0,1.4086,0.02573,0.0166,T1-Re2.000-N9.0.txt
NACA 0010,0.0,0.0,0.1,-6.0,2000000.0,-0.6843,0.00842,0.0031,T1-Re2.000-N9.0.txt
NACA 0010,0.0,0.0,0.1,-5.0,2000000.0,-0.5511,0.0075,-0.0019,T1-Re2.000-N9.0.txt
NACA 0010,0.0,0.0,0.1,-4.0,2000000.0,-0.4288,0.00654,-0.0044,T1-Re2.000-N9.0.txt
NACA 0010,0.0,0.0,0.1,-3.0,2000000.0,-0.3237,0.00568,-0.0028,T1-Re2.000-N9.0.txt
NACA 0010,0.0,0.0,0.1,-2.0,2000000.0,-0.2177,0.00506,-0.0014,T1-Re2.000-N9.0.txt
NACA 0010,0.0,0.0,0.1,-1.0,2000000.0,-0.1094,0.00473,-0.0006,T1-Re2.000-N9.0.txt
NACA 0010,0.0,0.0,0.1,0.0,2000000.0,0.0,0.00464,-0.0,T1-Re2.000-N9.0.txt
NACA 0010,0.0,0.0,0.1,1.0,2000000.0,0.1094,0.00473,0.0006,T1-Re2.000-N9.0.txt
NACA 0010,0.0,0.0,0.1,2.0,2000000.0,0.2177,0.00506,0.0014,T1-Re2.000-N9.0.txt
NACA 0010,0.0,0.0,0.1,3.0,2000000.0,0.3237,0.00568,0.0028,T1-Re2.000-N9.0.txt
NACA 0010,0.0,0.0,0.1,4.0,2000000.0,0.4288,0.00654,0.0044,T1-Re2.000-N9.0.txt
NACA 0010,0.0,0.0,0.1,5.0,2000000.0,0.5511,0.0075,0.0019,T1-Re2.000-N9.0.txt
NACA 0010,0.0,0.0,0.1,6.0,2000000.0,0.6844,0.00842,-0.0031,T1-Re2.000-N9.0.txt
NACA 0010,0.0,0.0,0.1,7.0,2000000.0,0.8019,0.0094,-0.0049,T1-Re2.000-N9.0.txt
NACA 0010,0.0,0.0,0.1,8.0,2000000.0,0.8957,0.01039,-0.0014,T1-Re2.000-N9.0.txt
NACA 0010,0.0,0.0,0.1,9.0,2000000.0,0.9918,0.0116,0.0014,T1-Re2.000-N9.0.txt
NACA 0010,0.0,0.0,0.1,10.0,2000000.0,1.0889,0.01312,0.0036,T1-Re2.000-N9.0.txt
NACA 0010,0.0,0.0,0.1,11.0,2000000.0,1.1857,0.0147,0.0055,T1-Re2.000-N9.0.txt
NACA 0010,0.0,0.0,0.1,12.0,2000000.0,1.2748,0.01703,0.0082,T1-Re2.000-N9.0.txt
NACA 0010,0.0,0.0,0.1,13.0,2000000.0,1.3607,0.01931,0.0111,T1-Re2.000-N9.0.txt
NACA 0010,0.0,0.0,0.1,14.0,2000000.0,1.4369,0.02201,0.0149,T1-Re2.000-N9.0.txt
NACA 0012,0.0,0.0,0.12,-6.0,2000000.0,-0.6526,0.00817,-0.0048,T1-Re2.000-N9.0.txt
NACA 0012,0.0,0.0,0.12,-5.0,2000000.0,-0.5412,0.00727,-0.0047,T1-Re2.000-N9.0.txt
NACA 0012,0.0,0.0,0.12,-4.0,2000000.0,-0.4367,0.00648,-0.0029,T1-Re2.000-N9.0.txt
NACA 0012,0.0,0.0,0.12,-3.0,2000000.0,-0.3298,0.00585,-0.0017,T1-Re2.000-N9.0.txt
NACA 0012,0.0,0.0,0.12,-2.0,2000000.0,-0.2209,0.00545,-0.0009,T1-Re2.000-N9.0.txt
NACA 0012,0.0,0.0,0.12,-1.0,2000000.0,-0.1108,0.00523,-0.0004,T1-Re2.000-N9.0.txt
NACA 0012,0.0,0.0,0.12,0.0,2000000.0,0.0,0.00516,-0.0,T1-Re2.000-N9.0.txt
NACA 0012,0.0,0.0,0.12,1.0,2000000.0,0.1108,0.00523,0.0004,T1-Re2.000-N9.0.txt
NACA 0012,0.0,0.0,0.12,2.0,2000000.0,0.2209,0.00545,0.0009,T1-Re2.000-N9.0.txt
NACA 0012,0.0,0.0,0.12,3.0,2000000.0,0.3298,0.00585,0.0017,T1-Re2.000-N9.0.txt
NACA 0012,0.0,0.0,0.12,4.0,2000000.0,0.4367,0.00648,0.0029,T1-Re2.000-N9.0.txt
NACA 0012,0.0,0.0,0.12,5.0,2000000.0,0.5412,0.00727,0.0047,T1-Re2.000-N9.0.txt
NACA 0012,0.0,0.0,0.12,6.0,2000000.0,0.6526,0.00817,0.0048,T1-Re2.000-N9.0.txt
NACA 0012,0.0,0.0,0.12,7.0,2000000.0,0.7823,0.00916,0.0005,T1-Re2.000-N9.0.txt
NACA 0012,0.0,0.0,0.12,8.0,2000000.0,0.9136,0.0102,-0.0043,T1-Re2.000-N9.0.txt
NACA 0012,0.0,0.0,0.12,9.0,2000000.0,1.0182,0.01127,-0.0034,T1-Re2.000-N9.0.txt
NACA 0012,0.0,0.0,0.12,10.0,2000000.0,1.1048,0.01241,0.0012,T1-Re2.000-N9.0.txt
NACA 0012,0.0,0.0,0.12,11.0,2000000.0,1.1941,0.01385,0.0049,T1-Re2.000-N9.0.txt
NACA 0012,0.0,0.0,0.12,12.0,2000000.0,1.2863,0.01528,0.0077,T1-Re2.000-N9.0.txt
NACA 0012,0.0,0.0,0.12,13.0,2000000.0,1.3712,0.01724,0.0111,T1-Re2.000-N9.0.txt
NACA 0012,0.0,0.0,0.12,14.0,2000000.0,1.4503,0.01927,0.0151,T1-Re2.000-N9.0.txt
NACA 0015,0.0,0.0,0.15,-6.0,2000000.0,-0.6564,0.008,-0.0043,T1-Re2.000-N9.0.txt
NACA 0015,0.0,0.0,0.15,-5.0,2000000.0,-0.5508,0.00728,-0.0029,T1-Re2.000-N9.0.txt
NACA 0015,0.0,0.0,0.15,-4.0,2000000.0,-0.443,0.00672,-0.0018,T1-Re2.000-N9.0.txt
NACA 0015,0.0,0.0,0.15,-3.0,2000000.0,-0.3338,0.00631,-0.0011,T1-Re2.000-N9.0.txt
NACA 0015,0.0,0.0,0.15,-2.0,2000000.0,-0.2233,0.00605,-0.0006,T1-Re2.000-N9.0.txt
NACA 0015,0.0,0.0,0.15,-1.0,2000000.0,-0.1119,0.00589,-0.0002,T1-Re2.000-N9.0.txt
NACA 0015,0.0,0.0,0.15,0.0,2000000.0,-0.0,0.00585,0.0,T1-Re2.000-N9.0.txt
NACA 0015,0.0,0.0,0.15,1.0,2000000.0,0.1119,0.00589,0.0002,T1-Re2.000-N9.0.txt
NACA 0015,0.0,0.0,0.15,2.0,2000000.0,0.2233,0.00605,0.0006,T1-Re2.000-N9.0.txt
NACA 0015,0.0,0.0,0.15,3.0,2000000.0,0.3339,0.00631,0.0011,T1-Re2.000-N9.0.txt
NACA 0015,0.0,0.0,0.15,4.0,2000000.0,0.443,0.00672,0.0018,T1-Re2.000-N9.0.txt
NACA 0015,0.0,0.0,0.15,5.0,2000000.0,0.5508,0.00728,0.0029,T1-Re2.000-N9.0.txt
NACA 0015,0.0,0.0,0.15,6.0,2000000.0,0.6564,0.008,0.0043,T1-Re2.000-N9.0.txt
NACA 0015,0.0,0.0,0.15,7.0,2000000.0,0.7591,0.00882,0.0064,T1-Re2.000-N9.0.txt
NACA 0015,0.0,0.0,0.15,8.0,2000000.0,0.8654,0.00976,0.0074,T1-Re2.000-N9.0.txt
NACA 0015,0.0,0.0,0.15,9.0,2000000.0,0.9914,0.01089,0.0038,T1-Re2.000-N9.0.txt
NACA 0015,0.0,0.0,0.15,10.0,2000000.0,1.1194,0.01213,-0.0006,T1-Re2.000-N9.0.txt
NACA 0015,0.0,0.0,0.15,11.0,2000000.0,1.2238,0.01336,-0.0003,T1-Re2.000-N9.0.txt
NACA 0015,0.0,0.0,0.15,12.0,2000000.0,1.2908,0.01455,0.0078,T1-Re2.000-N9.0.txt
NACA 0015,0.0,0.0,0.15,13.0,2000000.0,1.3652,0.01604,0.0136,T1-Re2.000-N9.0.txt
NACA 0015,0.0,0.0,0.15,14.0,2000000.0,1.4258,0.01803,0.0209,T1-Re2.000-N9.0.txt
NACA 0018,0.0,0.0,0.18,-6.0,2000000.0,-0.6588,0.0081,-0.0039,T1-Re2.000-N9.0.txt
NACA 0018,0.0,0.0,0.18,-5.0,2000000.0,-0.5523,0.00756,-0.0027,T1-Re2.000-N9.0.txt
NACA 0018,0.0,0.0,0.18,-4.0,2000000.0,-0.444,0.00714,-0.0018,T1-Re2.000-N9.0.txt
NACA 0018,0.0,0.0,0.18,-3.0,2000000.0,-0.3343,0.00684,-0.0011,T1-Re2.000-N9.0.txt
NACA 0018,0.0,0.0,0.18,-2.0,2000000.0,-0.2235,0.00663,-0.0007,T1-Re2.000-N9.0.txt
NACA 0018,0.0,0.0,0.18,-1.0,2000000.0,-0.112,0.00651,-0.0003,T1-Re2.000-N9.0.txt
NACA 0018,0.0,0.0,0.18,0.0,2000000.0,-0.0,0.00646,0.0,T1-Re2.000-N9.0.txt
NACA 0018,0.0,0.0,0.18,1.0,2000000.0,0.112,0.00651,0.0003,T1-Re2.000-N9.0.txt
NACA 0018,0.0,0.0,0.18,2.0,2000000.0,0.2235,0.00663,0.0007,T1-Re2.000-N9.0.txt
NACA 0018,0.0,0.0,0.18,3.0,2000000.0,0.3343,0.00684,0.0011,T1-Re2.000-N9.0.txt
NACA 0018,0.0,0.0,0.18,4.0,2000000.0,0.444,0.00714,0.0018,T1-Re2.000-N9.0.txt
NACA 0018,0.0,0.0,0.18,5.0,2000000.0,0.5524,0.00756,0.0027,T1-Re2.000-N9.0.txt
NACA 0018,0.0,0.0,0.18,6.0,2000000.0,0.6589,0.0081,0.0039,T1-Re2.000-N9.0.txt
NACA 0018,0.0,0.0,0.18,7.0,2000000.0,0.7631,0.00879,0.0055,T1-Re2.000-N9.0.txt
NACA 0018,0.0,0.0,0.18,8.0,2000000.0,0.8642,0.00959,0.0077,T1-Re2.000-N9.0.txt
NACA 0018,0.0,0.0,0.18,9.0,2000000.0,0.9592,0.01053,0.0109,T1-Re2.000-N9.0.txt
NACA 0018,0.0,0.0,0.18,10.0,2000000.0,1.0609,0.01163,0.0124,T1-Re2.000-N9.0.txt
NACA 0018,0.0,0.0,0.18,11.0,2000000.0,1.1839,0.01301,0.0087,T1-Re2.000-N9.0.txt
NACA 0018,0.0,0.0,0.18,12.0,2000000.0,1.2972,0.01459,0.0065,T1-Re2.000-N9.0.txt
NACA 0018,0.0,0.0,0.18,13.0,2000000.0,1.326,0.01586,0.0208,T1-Re2.000-N9.0.txt
NACA 0018,0.0,0.0,0.18,14.0,2000000.0,1.389,0.01796,0.0266,T1-Re2.000-N9.0.txt
NACA 0021,0.0,0.0,0.21,-6.0,2000000.0,-0.6521,0.00842,-0.0052,T1-Re2.000-N9.0.txt
NACA 0021,0.0,0.0,0.21,-5.0,2000000.0,-0.5471,0.00799,-0.0037,T1-Re2.000-N9.0.txt
NACA 0021,0.0,0.0,0.21,-4.0,2000000.0,-0.4399,0.00764,-0.0026,T1-Re2.000-N9.0.txt
NACA 0021,0.0,0.0,0.21,-3.0,2000000.0,-0.3313,0.00738,-0.0018,T1-Re2.000-N9.0.txt
NACA 0021,0.0,0.0,0.21,-2.0,2000000.0,-0.2214,0.00721,-0.0011,T1-Re2.000-N9.0.txt
NACA 0021,0.0,0.0,0.21,-1.0,2000000.0,-0.1109,0.00712,-0.0005,T1-Re2.000-N9.0.txt
NACA 0021,0.0,0.0,0.21,0.0,2000000.0,-0.0,0.00706,0.0,T1-Re2.000-N9.0.txt
NACA 0021,0.0,0.0,0.21,1.0,2000000.0,0.1109,0.00712,0.0005,T1-Re2.000-N9.0.txt
NACA 0021,0.0,0.0,0.21,2.0,2000000.0,0.2214,0.00721,0.0011,T1-Re2.000-N9.0.txt
NACA 0021,0.0,0.0,0.21,3.0,2000000.0,0.3313,0.00738,0.0018,T1-Re2.000-N9.0.txt
NACA 0021,0.0,0.0,0.21,4.0,2000000.0,0.4399,0.00764,0.0026,T1-Re2.000-N9.0.txt
NACA 0021,0.0,0.0,0.21,5.0,2000000.0,0.5471,0.00799,0.0037,T1-Re2.000-N9.0.txt
NACA 0021,0.0,0.0,0.21,6.0,2000000.0,0.6522,0.00842,0.0052,T1-Re2.000-N9.0.txt
NACA 0021,0.0,0.0,0.21,7.0,2000000.0,0.7549,0.00897,0.007,T1-Re2.000-N9.0.txt
NACA 0021,0.0,0.0,0.21,8.0,2000000.0,0.854,0.00966,0.0093,T1-Re2.000-N9.0.txt
NACA 0021,0.0,0.0,0.21,9.0,2000000.0,0.9466,0.01046,0.0129,T1-Re2.000-N9.0.txt
NACA 0021,0.0,0.0,0.21,10.0,2000000.0,1.0268,0.01145,0.0186,T1-Re2.000-N9.0.txt
NACA 0021,0.0,0.0,0.21,11.0,2000000.0,1.1073,0.01273,0.0237,T1-Re2.000-N9.0.txt
NACA 0021,0.0,0.0,0.21,12.0,2000000.0,1.219,0.01444,0.0212,T1-Re2.000-N9.0.txt
NACA 0021,0.0,0.0,0.21,13.0,2000000.0,1.2989,0.01639,0.0238,T1-Re2.000-N9.0.txt
NACA 0021,0.0,0.0,0.21,14.0,2000000.0,1.3482,0.01867,0.0313,T1-Re2.000-N9.0.txt
NACA 0024,0.0,0.0,0.24,-6.0,2000000.0,-0.6317,0.00888,-0.0088,T1-Re2.000-N9.0.txt
NACA 0024,0.0,0.0,0.24,-5.0,2000000.0,-0.5311,0.0085,-0.0066,T1-Re2.000-N9.0.txt
NACA 0024,0.0,0.0,0.24,-4.0,2000000.0,-0.428,0.00818,-0.0048,T1-Re2.000-N9.0.txt
NACA 0024,0.0,0.0,0.24,-2.0,2000000.0,-0.2159,0.0078,-0.0021,T1-Re2.000-N9.0.txt
NACA 0024,0.0,0.0,0.24,-1.0,2000000.0,-0.1081,0.00771,-0.001,T1-Re2.000-N9.0.txt
NACA 0024,0.0,0.0,0.24,0.0,2000000.0,-0.0,0.0077,0.0,T1-Re2.000-N9.0.txt
NACA 0024,0.0,0.0,0.24,1.0,2000000.0,0.1081,0.00771,0.001,T1-Re2.000-N9.0.txt
NACA 0024,0.0,0.0,0.24,2.0,2000000.0,0.2159,0.0078,0.0021,T1-Re2.000-N9.0.txt
NACA 0024,0.0,0.0,0.24,4.0,2000000.0,0.428,0.00818,0.0048,T1-Re2.000-N9.0.txt
NACA 0024,0.0,0.0,0.24,5.0,2000000.0,0.5311,0.0085,0.0066,T1-Re2.000-N9.0.txt
NACA 0024,0.0,0.0,0.24,6.0,2000000.0,0.6318,0.00888,0.0088,T1-Re2.000-N9.0.txt
NACA 0024,0.0,0.0,0.24,7.0,2000000.0,0.7246,0.00932,0.0125,T1-Re2.000-N9.0.txt
NACA 0024,0.0,0.0,0.24,8.0,2000000.0,0.8158,0.00996,0.0162,T1-Re2.000-N9.0.txt
NACA 0024,0.0,0.0,0.24,9.0,2000000.0,0.9062,0.0108,0.0196,T1-Re2.000-N9.0.txt
NACA 0024,0.0,0.0,0.24,10.0,2000000.0,0.9923,0.01184,0.0234,T1-Re2.000-N9.0.txt
NACA 0024,0.0,0.0,0.24,11.0,2000000.0,1.0705,0.01318,0.0281,T1-Re2.000-N9.0.txt
NACA 0024,0.0,0.0,0.24,12.0,2000000.0,1.138,0.01496,0.0341,T1-Re2.000-N9.0.txt
NACA 0024,0.0,0.0,0.24,13.0,2000000.0,1.2376,0.01729,0.0322,T1-Re2.000-N9.0.txt
NACA 0024,0.0,0.0,0.24,14.0,2000000.0,1.3119,0.02024,0.0333,T1-Re2.000-N9.0.txt
NACA 1408,0.01,0.4,0.08,-5.0,2000000.0,-0.4329,0.00741,-0.0277,T1-Re2.000-N9.0.txt
NACA 1408,0.01,0.4,0.08,-4.0,2000000.0,-0.3101,0.0066,-0.0302,T1-Re2.000-N9.0.txt
NACA 1408,0.01,0.4,0.08,-3.0,2000000.0,-0.2018,0.00588,-0.0292,T1-Re2.000-N9.0.txt
NACA 1408,0.01,0.4,0.08,-2.0,2000000.0,-0.0953,0.00516,-0.028,T1-Re2.000-N9.0.txt
NACA 1408,0.01,0.4,0.08,-1.0,2000000.0,0.0124,0.00457,-0.0272,T1-Re2.000-N9.0.txt
NACA 1408,0.01,0.4,0.08,0.0,2000000.0,0.1201,0.00411,-0.0265,T1-Re2.000-N9.0.txt
NACA 1408,0.01,0.4,0.08,1.0,2000000.0,0.2251,0.004,-0.0249,T1-Re2.000-N9.0.txt
NACA 1408,0.01,0.4,0.08,2.0,2000000.0,0.3348,0.00451,-0.0241,T1-Re2.000-N9.0.txt
NACA 1408,0.01,0.4,0.08,3.0,2000000.0,0.4658,0.00566,-0.0291,T1-Re2.000-N9.0.txt
NACA 1408,0.01,0.4,0.08,4.0,2000000.0,0.565,0.00696,-0.0269,T1-Re2.000-N9.0.txt
NACA 1408,0.01,0.4,0.08,5.0,2000000.0,0.6692,0.00793,-0.0256,T1-Re2.000-N9.0.txt
NACA 1408,0.01,0.4,0.08,6.0,2000000.0,0.7752,0.00888,-0.0246,T1-Re2.000-N9.0.txt
NACA 1408,0.01,0.4,0.08,7.0,2000000.0,0.8801,0.01004,-0.0236,T1-Re2.000-N9.0.txt
NACA 1408,0.01,0.4,0.08,8.0,2000000.0,0.9834,0.01137,-0.0224,T1-Re2.000-N9.0.txt
NACA 1408,0.01,0.4,0.08,9.0,2000000.0,1.084,0.01298,-0.021,T1-Re2.000-N9.0.txt
NACA 1408,0.01,0.4,0.08,10.0,2000000.0,1.1766,0.0156,-0.0186,T1-Re2.000-N9.0.txt
NACA 1408,0.01,0.4,0.08,11.0,2000000.0,1.2682,0.01793,-0.0163,T1-Re2.000-N9.0.txt
NACA 1408,0.01,0.4,0.08,12.0,2000000.0,1.3532,0.02063,-0.0134,T1-Re2.000-N9.0.txt
NACA 1408,0.01,0.4,0.08,13.0,2000000.0,1.4152,0.02526,-0.0082,T1-Re2.000-N9.0.txt
NACA 1408,0.01,0.4,0.08,14.0,2000000.0,1.4329,0.03166,0.0011,T1-Re2.000-N9.0.txt
NACA 1410,0.01,0.4,0.1,-6.0,2000000.0,-0.5345,0.00802,-0.0302,T1-Re2.000-N9.0.txt
NACA 1410,0.01,0.4,0.1,-5.0,2000000.0,-0.4219,0.00725,-0.0302,T1-Re2.000-N9.0.txt
NACA 1410,0.01,0.4,0.1,-4.0,2000000.0,-0.3149,0.00656,-0.0289,T1-Re2.000-N9.0.txt
NACA 1410,0.01,0.4,0.1,-3.0,2000000.0,-0.2068,0.00593,-0.0279,T1-Re2.000-N9.0.txt
NACA 1410,0.01,0.4,0.1,-2.0,2000000.0,-0.0977,0.0054,-0.0273,T1-Re2.000-N9.0.txt
NACA 1410,0.01,0.4,0.1,-1.0,2000000.0,0.0118,0.00501,-0.0268,T1-Re2.000-N9.0.txt
NACA 1410,0.01,0.4,0.1,0.0,2000000.0,0.1213,0.00472,-0.0264,T1-Re2.000-N9.0.txt
NACA 1410,0.01,0.4,0.1,1.0,2000000.0,0.2304,0.00464,-0.0257,T1-Re2.000-N9.0.txt
NACA 1410,0.01,0.4,0.1,2.0,2000000.0,0.3368,0.00478,-0.0242,T1-Re2.000-N9.0.txt
NACA 1410,0.01,0.4,0.1,3.0,2000000.0,0.4426,0.0054,-0.0226,T1-Re2.000-N9.0.txt
NACA 1410,0.01,0.4,0.1,4.0,2000000.0,0.5711,0.00656,-0.0268,T1-Re2.000-N9.0.txt
NACA 1410,0.01,0.4,0.1,5.0,2000000.0,0.6925,0.00774,-0.0295,T1-Re2.000-N9.0.txt
NACA 1410,0.01,0.4,0.1,6.0,2000000.0,0.7894,0.00868,-0.0266,T1-Re2.000-N9.0.txt
NACA 1410,0.01,0.4,0.1,7.0,2000000.0,0.8902,0.00965,-0.0246,T1-Re2.000-N9.0.txt
NACA 1410,0.01,0.4,0.1,8.0,2000000.0,0.9925,0.01071,-0.0231,T1-Re2.000-N9.0.txt
NACA 1410,0.01,0.4,0.1,9.0,2000000.0,1.0936,0.01195,-0.0215,T1-Re2.000-N9.0.txt
NACA 1410,0.01,0.4,0.1,10.0,2000000.0,1.1921,0.01337,-0.0198,T1-Re2.000-N9.0.txt
NACA 1410,0.01,0.4,0.1,11.0,2000000.0,1.2851,0.01523,-0.0173,T1-Re2.000-N9.0.txt
NACA 1410,0.01,0.4,0.1,12.0,2000000.0,1.3755,0.01704,-0.0147,T1-Re2.000-N9.0.txt
NACA 1410,0.01,0.4,0.1,13.0,2000000.0,1.4508,0.01988,-0.0103,T1-Re2.000-N9.0.txt
NACA 1410,0.01,0.4,0.1,14.0,2000000.0,1.5183,0.02247,-0.005,T1-Re2.000-N9.0.txt
NACA 1412,0.01,0.4,0.12,-6.0,2000000.0,-0.5352,0.00792,-0.0299,T1-Re2.000-N9.0.txt
NACA 1412,0.01,0.4,0.12,-5.0,2000000.0,-0.4278,0.00723,-0.0287,T1-Re2.000-N9.0.txt
NACA 1412,0.01,0.4,0.12,-4.0,2000000.0,-0.3189,0.00662,-0.0279,T1-Re2.000-N9.0.txt
NACA 1412,0.01,0.4,0.12,-3.0,2000000.0,-0.2092,0.00609,-0.0273,T1-Re2.000-N9.0.txt
NACA 1412,0.01,0.4,0.12,-2.0,2000000.0,-0.0989,0.00571,-0.0268,T1-Re2.000-N9.0.txt
NACA 1412,0.01,0.4,0.12,-1.0,2000000.0,0.0117,0.00543,-0.0265,T1-Re2.000-N9.0.txt
NACA 1412,0.01,0.4,0.12,0.0,2000000.0,0.1223,0.00523,-0.0261,T1-Re2.000-N9.0.txt
NACA 1412,0.01,0.4,0.12,1.0,2000000.0,0.233,0.00518,-0.0258,T1-Re2.000-N9.0.txt
NACA 1412,0.01,0.4,0.12,2.0,2000000.0,0.3428,0.00526,-0.0251,T1-Re2.000-N9.0.txt
NACA 1412,0.01,0.4,0.12,3.0,2000000.0,0.4499,0.00558,-0.0238,T1-Re2.000-N9.0.txt
NACA 1412,0.01,0.4,0.12,4.0,2000000.0,0.5532,0.00628,-0.0216,T1-Re2.000-N9.0.txt
NACA 1412,0.01,0.4,0.12,5.0,2000000.0,0.6722,0.00735,-0.0235,T1-Re2.000-N9.0.txt
NACA 1412,0.01,0.4,0.12,6.0,2000000.0,0.806,0.00852,-0.0289,T1-Re2.000-N9.0.txt
NACA 1412,0.01,0.4,0.12,7.0,2000000.0,0.9132,0.00952,-0.0285,T1-Re2.000-N9.0.txt
NACA 1412,0.01,0.4,0.12,8.0,2000000.0,1.0048,0.0105,-0.0246,T1-Re2.000-N9.0.txt
NACA 1412,0.01,0.4,0.12,9.0,2000000.0,1.1005,0.01161,-0.0218,T1-Re2.000-N9.0.txt
NACA 1412,0.01,0.4,0.12,10.0,2000000.0,1.1972,0.01283,-0.0195,T1-Re2.000-N9.0.txt
NACA 1412,0.01,0.4,0.12,11.0,2000000.0,1.291,0.01424,-0.017,T1-Re2.000-N9.0.txt
NACA 1412,0.01,0.4,0.12,12.0,2000000.0,1.3787,0.01595,-0.0138,T1-Re2.000-N9.0.txt
NACA 1412,0.01,0.4,0.12,13.0,2000000.0,1.4595,0.01782,-0.0097,T1-Re2.000-N9.0.txt
NACA 1412,0.01,0.4,0.12,14.0,2000000.0,1.5203,0.02016,-0.0029,T1-Re2.000-N9.0.txt
NACA 2408,0.02,0.4,0.08,-6.0,2000000.0,-0.418,0.00817,-0.0558,T1-Re2.000-N9.0.txt
NACA 2408,0.02,0.4,0.08,-5.0,2000000.0,-0.3058,0.00716,-0.0558,T1-Re2.000-N9.0.txt
NACA 2408,0.02,0.4,0.08,-4.0,2000000.0,-0.1979,0.00649,-0.0547,T1-Re2.000-N9.0.txt
NACA 2408,0.02,0.4,0.08,-3.0,2000000.0,-0.0887,0.00595,-0.0539,T1-Re2.000-N9.0.txt
NACA 2408,0.02,0.4,0.08,-2.0,2000000.0,0.0212,0.00545,-0.0534,T1-Re2.000-N9.0.txt
NACA 2408,0.02,0.4,0.08,-1.0,2000000.0,0.1312,0.00503,-0.0532,T1-Re2.000-N9.0.txt
NACA 2408,0.02,0.4,0.08,0.0,2000000.0,0.2399,0.00441,-0.0529,T1-Re2.000-N9.0.txt
NACA 2408,0.02,0.4,0.08,1.0,2000000.0,0.3412,0.00394,-0.0504,T1-Re2.000-N9.0.txt
NACA 2408,0.02,0.4,0.08,2.0,2000000.0,0.4657,0.00447,-0.0533,T1-Re2.000-N9.0.txt
NACA 2408,0.02,0.4,0.08,3.0,2000000.0,0.572,0.00526,-0.0523,T1-Re2.000-N9.0.txt
NACA 2408,0.02,0.4,0.08,4.0,2000000.0,0.6742,0.00684,-0.0511,T1-Re2.000-N9.0.txt
NACA 2408,0.02,0.4,0.08,5.0,2000000.0,0.7782,0.00822,-0.05,T1-Re2.000-N9.0.txt
NACA 2408,0.02,0.4,0.08,6.0,2000000.0,0.884,0.00926,-0.0492,T1-Re2.000-N9.0.txt
NACA 2408,0.02,0.4,0.08,7.0,2000000.0,0.9885,0.01038,-0.0482,T1-Re2.000-N9.0.txt
NACA 2408,0.02,0.4,0.08,8.0,2000000.0,1.0905,0.01173,-0.0468,T1-Re2.000-N9.0.txt
NACA 2408,0.02,0.4,0.08,9.0,2000000.0,1.1885,0.01343,-0.045,T1-Re2.000-N9.0.txt
NACA 2408,0.02,0.4,0.08,10.0,2000000.0,1.2831,0.01529,-0.0429,T1-Re2.000-N9.0.txt
NACA 2408,0.02,0.4,0.08,11.0,2000000.0,1.3669,0.01816,-0.0393,T1-Re2.000-N9.0.txt
NACA 2408,0.02,0.4,0.08,12.0,2000000.0,1.4456,0.02099,-0.0353,T1-Re2.000-N9.0.txt
NACA 2408,0.02,0.4,0.08,13.0,2000000.0,1.5155,0.02393,-0.0304,T1-Re2.000-N9.0.txt
NACA 2408,0.02,0.4,0.08,14.0,2000000.0,1.5052,0.03172,-0.0173,T1-Re2.000-N9.0.txt
NACA 2410,0.02,0.4,0.1,-6.0,2000000.0,-0.419,0.00779,-0.0552,T1-Re2.000-N9.0.txt
NACA 2410,0.02,0.4,0.1,-5.0,2000000.0,-0.3102,0.00712,-0.0543,T1-Re2.000-N9.0.txt
NACA 2410,0.02,0.4,0.1,-4.0,2000000.0,-0.2,0.00656,-0.0537,T1-Re2.000-N9.0.txt
NACA 2410,0.02,0.4,0.1,-3.0,2000000.0,-0.0893,0.00609,-0.0533,T1-Re2.000-N9.0.txt
NACA 2410,0.02,0.4,0.1,-2.0,2000000.0,0.0216,0.00569,-0.053,T1-Re2.000-N9.0.txt
NACA 2410,0.02,0.4,0.1,-1.0,2000000.0,0.1326,0.00538,-0.0528,T1-Re2.000-N9.0.txt
NACA 2410,0.02,0.4,0.1,0.0,2000000.0,0.2424,0.00496,-0.0526,T1-Re2.000-N9.0.txt
NACA 2410,0.02,0.4,0.1,1.0,2000000.0,0.351,0.00467,-0.052,T1-Re2.000-N9.0.txt
NACA 2410,0.02,0.4,0.1,2.0,2000000.0,0.4534,0.00469,-0.0493,T1-Re2.000-N9.0.txt
NACA 2410,0.02,0.4,0.1,4.0,2000000.0,0.6918,0.00629,-0.0532,T1-Re2.000-N9.0.txt
NACA 2410,0.02,0.4,0.1,5.0,2000000.0,0.7905,0.00769,-0.051,T1-Re2.000-N9.0.txt
NACA 2410,0.02,0.4,0.1,6.0,2000000.0,0.8924,0.00895,-0.0494,T1-Re2.000-N9.0.txt
NACA 2410,0.02,0.4,0.1,7.0,2000000.0,0.9956,0.01006,-0.0481,T1-Re2.000-N9.0.txt
NACA 2410,0.02,0.4,0.1,8.0,2000000.0,1.0975,0.01121,-0.0467,T1-Re2.000-N9.0.txt
NACA 2410,0.02,0.4,0.1,9.0,2000000.0,1.1969,0.01251,-0.045,T1-Re2.000-N9.0.txt
NACA 2410,0.02,0.4,0.1,10.0,2000000.0,1.2926,0.014,-0.0429,T1-Re2.000-N9.0.txt
NACA 2410,0.02,0.4,0.1,11.0,2000000.0,1.3831,0.01574,-0.0401,T1-Re2.000-N9.0.txt
NACA 2410,0.02,0.4,0.1,12.0,2000000.0,1.4669,0.01772,-0.0364,T1-Re2.000-N9.0.txt
NACA 2410,0.02,0.4,0.1,13.0,2000000.0,1.5391,0.02004,-0.0313,T1-Re2.000-N9.0.txt
NACA 2410,0.02,0.4,0.1,14.0,2000000.0,1.5808,0.02346,-0.0222,T1-Re2.000-N9.0.txt
NACA 2412,0.02,0.4,0.12,-6.0,2000000.0,-0.4224,0.00777,-0.054,T1-Re2.000-N9.0.txt
NACA 2412,0.02,0.4,0.12,-5.0,2000000.0,-0.3118,0.00718,-0.0535,T1-Re2.000-N9.0.txt
NACA 2412,0.02,0.4,0.12,-4.0,2000000.0,-0.2007,0.00668,-0.0531,T1-Re2.000-N9.0.txt
NACA 2412,0.02,0.4,0.12,-3.0,2000000.0,-0.0894,0.00627,-0.0528,T1-Re2.000-N9.0.txt
NACA 2412,0.02,0.4,0.12,-2.0,2000000.0,0.0221,0.00596,-0.0525,T1-Re2.000-N9.0.txt
NACA 2412,0.02,0.4,0.12,-1.0,2000000.0,0.1337,0.00574,-0.0524,T1-Re2.000-N9.0.txt
NACA 2412,0.02,0.4,0.12,0.0,2000000.0,0.2443,0.00545,-0.0522,T1-Re2.000-N9.0.txt
NACA 2412,0.02,0.4,0.12,1.0,2000000.0,0.3548,0.00526,-0.0518,T1-Re2.000-N9.0.txt
NACA 2412,0.02,0.4,0.12,2.0,2000000.0,0.4634,0.00519,-0.0509,T1-Re2.000-N9.0.txt
NACA 2412,0.02,0.4,0.12,3.0,2000000.0,0.5672,0.00542,-0.0486,T1-Re2.000-N9.0.txt
NACA 2412,0.02,0.4,0.12,4.0,2000000.0,0.6919,0.00619,-0.0515,T1-Re2.000-N9.0.txt
NACA 2412,0.02,0.4,0.12,5.0,2000000.0,0.8161,0.00732,-0.0549,T1-Re2.000-N9.0.txt
NACA 2412,0.02,0.4,0.12,6.0,2000000.0,0.9073,0.00854,-0.051,T1-Re2.000-N9.0.txt
NACA 2412,0.02,0.4,0.12,7.0,2000000.0,1.0042,0.00974,-0.0484,T1-Re2.000-N9.0.txt
NACA 2412,0.02,0.4,0.12,8.0,2000000.0,1.103,0.01091,-0.0464,T1-Re2.000-N9.0.txt
NACA 2412,0.02,0.4,0.12,9.0,2000000.0,1.2005,0.01215,-0.0442,T1-Re2.000-N9.0.txt
NACA 2412,0.02,0.4,0.12,10.0,2000000.0,1.2952,0.01345,-0.0418,T1-Re2.000-N9.0.txt
NACA 2412,0.02,0.4,0.12,11.0,2000000.0,1.384,0.015,-0.0386,T1-Re2.000-N9.0.txt
NACA 2412,0.02,0.4,0.12,12.0,2000000.0,1.4664,0.01666,-0.0345,T1-Re2.000-N9.0.txt
NACA 2412,0.02,0.4,0.12,13.0,2000000.0,1.5304,0.01871,-0.0276,T1-Re2.000-N9.0.txt
NACA 2412,0.02,0.4,0.12,14.0,2000000.0,1.584,0.02153,-0.0207,T1-Re2.000-N9.0.txt
NACA 2414,0.02,0.4,0.14,-6.0,2000000.0,-0.4232,0.00783,-0.0533,T1-Re2.000-N9.0.txt
NACA 2414,0.02,0.4,0.14,-5.0,2000000.0,-0.3124,0.00729,-0.0528,T1-Re2.000-N9.0.txt
NACA 2414,0.02,0.4,0.14,-4.0,2000000.0,-0.201,0.00685,-0.0525,T1-Re2.000-N9.0.txt
NACA 2414,0.02,0.4,0.14,-3.0,2000000.0,-0.0893,0.00651,-0.0522,T1-Re2.000-N9.0.txt
NACA 2414,0.02,0.4,0.14,-2.0,2000000.0,0.0225,0.00626,-0.052,T1-Re2.000-N9.0.txt
NACA 2414,0.02,0.4,0.14,0.0,2000000.0,0.2457,0.00589,-0.0516,T1-Re2.000-N9.0.txt
NACA 2414,0.02,0.4,0.14,1.0,2000000.0,0.3569,0.00576,-0.0513,T1-Re2.000-N9.0.txt
NACA 2414,0.02,0.4,0.14,2.0,2000000.0,0.4679,0.00572,-0.0509,T1-Re2.000-N9.0.txt
NACA 2414,0.02,0.4,0.14,3.0,2000000.0,0.5764,0.00582,-0.0499,T1-Re2.000-N9.0.txt
NACA 2414,0.02,0.4,0.14,4.0,2000000.0,0.6796,0.00625,-0.0476,T1-Re2.000-N9.0.txt
NACA 2414,0.02,0.4,0.14,5.0,2000000.0,0.7944,0.0071,-0.0483,T1-Re2.000-N9.0.txt
NACA 2414,0.02,0.4,0.14,6.0,2000000.0,0.9326,0.0083,-0.0548,T1-Re2.000-N9.0.txt
NACA 2414,0.02,0.4,0.14,7.0,2000000.0,1.0229,0.00944,-0.0509,T1-Re2.000-N9.0.txt
NACA 2414,0.02,0.4,0.14,8.0,2000000.0,1.1104,0.0106,-0.0464,T1-Re2.000-N9.0.txt
NACA 2414,0.02,0.4,0.14,9.0,2000000.0,1.2022,0.01185,-0.0431,T1-Re2.000-N9.0.txt
NACA 2414,0.02,0.4,0.14,10.0,2000000.0,1.2927,0.01314,-0.0399,T1-Re2.000-N9.0.txt
NACA 2414,0.02,0.4,0.14,11.0,2000000.0,1.3763,0.01459,-0.0356,T1-Re2.000-N9.0.txt
NACA 2414,0.02,0.4,0.14,12.0,2000000.0,1.4473,0.01623,-0.0295,T1-Re2.000-N9.0.txt
NACA 2414,0.02,0.4,0.14,13.0,2000000.0,1.5124,0.01835,-0.0234,T1-Re2.000-N9.0.txt
NACA 2414,0.02,0.4,0.14,14.0,2000000.0,1.5681,0.02125,-0.0174,T1-Re2.000-N9.0.txt
NACA 2415,0.02,0.4,0.15,-5.0,2000000.0,-0.3124,0.00736,-0.0525,T1-Re2.000-N9.0.txt
NACA 2415,0.02,0.4,0.15,-4.0,2000000.0,-0.2011,0.00695,-0.0521,T1-Re2.000-N9.0.txt
NACA 2415,0.02,0.4,0.15,-3.0,2000000.0,-0.0894,0.00664,-0.0518,T1-Re2.000-N9.0.txt
NACA 2415,0.02,0.4,0.15,-2.0,2000000.0,0.0225,0.00643,-0.0516,T1-Re2.000-N9.0.txt
NACA 2415,0.02,0.4,0.15,-1.0,2000000.0,0.1347,0.00628,-0.0514,T1-Re2.000-N9.0.txt
NACA 2415,0.02,0.4,0.15,0.0,2000000.0,0.2462,0.0061,-0.0512,T1-Re2.000-N9.0.txt
NACA 2415,0.02,0.4,0.15,1.0,2000000.0,0.3576,0.00597,-0.051,T1-Re2.000-N9.0.txt
NACA 2415,0.02,0.4,0.15,2.0,2000000.0,0.4688,0.00597,-0.0506,T1-Re2.000-N9.0.txt
NACA 2415,0.02,0.4,0.15,3.0,2000000.0,0.5786,0.00606,-0.0499,T1-Re2.000-N9.0.txt
NACA 2415,0.02,0.4,0.15,4.0,2000000.0,0.6842,0.00638,-0.0483,T1-Re2.000-N9.0.txt
NACA 2415,0.02,0.4,0.15,5.0,2000000.0,0.7863,0.00706,-0.0459,T1-Re2.000-N9.0.txt
NACA 2415,0.02,0.4,0.15,6.0,2000000.0,0.9138,0.00813,-0.0498,T1-Re2.000-N9.0.txt
NACA 2415,0.02,0.4,0.15,7.0,2000000.0,1.0404,0.00939,-0.0539,T1-Re2.000-N9.0.txt
NACA 2415,0.02,0.4,0.15,8.0,2000000.0,1.1173,0.01047,-0.0472,T1-Re2.000-N9.0.txt
NACA 2415,0.02,0.4,0.15,9.0,2000000.0,1.2029,0.01169,-0.0426,T1-Re2.000-N9.0.txt
NACA 2415,0.02,0.4,0.15,10.0,2000000.0,1.2891,0.01301,-0.0385,T1-Re2.000-N9.0.txt
NACA 2415,0.02,0.4,0.15,12.0,2000000.0,1.4366,0.01616,-0.027,T1-Re2.000-N9.0.txt
NACA 2415,0.02,0.4,0.15,13.0,2000000.0,1.5016,0.01837,-0.0213,T1-Re2.000-N9.0.txt
NACA 2415,0.02,0.4,0.15,14.0,2000000.0,1.5594,0.02124,-0.0158,T1-Re2.000-N9.0.txt
NACA 2418,0.02,0.4,0.18,-6.0,2000000.0,-0.4221,0.00806,-0.0521,T1-Re2.000-N9.0.txt
NACA 2418,0.02,0.4,0.18,-5.0,2000000.0,-0.3117,0.00765,-0.0516,T1-Re2.000-N9.0.txt
NACA 2418,0.02,0.4,0.18,-4.0,2000000.0,-0.2009,0.00731,-0.0511,T1-Re2.000-N9.0.txt
NACA 2418,0.02,0.4,0.18,-3.0,2000000.0,-0.0895,0.00708,-0.0507,T1-Re2.000-N9.0.txt
NACA 2418,0.02,0.4,0.18,-2.0,2000000.0,0.0222,0.00691,-0.0503,T1-Re2.000-N9.0.txt
NACA 2418,0.02,0.4,0.18,-1.0,2000000.0,0.1344,0.00681,-0.0501,T1-Re2.000-N9.0.txt
NACA 2418,0.02,0.4,0.18,0.0,2000000.0,0.2462,0.0067,-0.0498,T1-Re2.000-N9.0.txt
NACA 2418,0.02,0.4,0.18,1.0,2000000.0,0.3574,0.00661,-0.0494,T1-Re2.000-N9.0.txt
NACA 2418,0.02,0.4,0.18,2.0,2000000.0,0.4687,0.00664,-0.0491,T1-Re2.000-N9.0.txt
NACA 2418,0.02,0.4,0.18,3.0,2000000.0,0.5793,0.00675,-0.0486,T1-Re2.000-N9.0.txt
NACA 2418,0.02,0.4,0.18,4.0,2000000.0,0.6871,0.007,-0.0476,T1-Re2.000-N9.0.txt
NACA 2418,0.02,0.4,0.18,5.0,2000000.0,0.7916,0.00741,-0.046,T1-Re2.000-N9.0.txt
NACA 2418,0.02,0.4,0.18,7.0,2000000.0,0.9888,0.00896,-0.0405,T1-Re2.000-N9.0.txt
NACA 2418,0.02,0.4,0.18,8.0,2000000.0,1.1155,0.01021,-0.0447,T1-Re2.000-N9.0.txt
NACA 2418,0.02,0.4,0.18,9.0,2000000.0,1.207,0.01139,-0.0417,T1-Re2.000-N9.0.txt
NACA 2418,0.02,0.4,0.18,10.0,2000000.0,1.2647,0.01258,-0.032,T1-Re2.000-N9.0.txt
NACA 2418,0.02,0.4,0.18,11.0,2000000.0,1.3358,0.01425,-0.026,T1-Re2.000-N9.0.txt
NACA 2418,0.02,0.4,0.18,12.0,2000000.0,1.4047,0.01626,-0.0206,T1-Re2.000-N9.0.txt
NACA 2418,0.02,0.4,0.18,13.0,2000000.0,1.4673,0.01882,-0.0154,T1-Re2.000-N9.0.txt
NACA 2418,0.02,0.4,0.18,14.0,2000000.0,1.5238,0.02206,-0.0106,T1-Re2.000-N9.0.txt
NACA 2421,0.02,0.4,0.21,-6.0,2000000.0,-0.418,0.00836,-0.0515,T1-Re2.000-N9.0.txt
NACA 2421,0.02,0.4,0.21,-5.0,2000000.0,-0.3095,0.00801,-0.0506,T1-Re2.000-N9.0.txt
NACA 2421,0.02,0.4,0.21,-4.0,2000000.0,-0.1999,0.00774,-0.0498,T1-Re2.000-N9.0.txt
NACA 2421,0.02,0.4,0.21,-2.0,2000000.0,0.0208,0.00743,-0.0486,T1-Re2.000-N9.0.txt
NACA 2421,0.02,0.4,0.21,-1.0,2000000.0,0.1319,0.00735,-0.0481,T1-Re2.000-N9.0.txt
NACA 2421,0.02,0.4,0.21,0.0,2000000.0,0.2427,0.00728,-0.0476,T1-Re2.000-N9.0.txt
NACA 2421,0.02,0.4,0.21,1.0,2000000.0,0.3528,0.00722,-0.047,T1-Re2.000-N9.0.txt
NACA 2421,0.02,0.4,0.21,2.0,2000000.0,0.4624,0.00725,-0.0463,T1-Re2.000-N9.0.txt
NACA 2421,0.02,0.4,0.21,3.0,2000000.0,0.5708,0.0074,-0.0454,T1-Re2.000-N9.0.txt
NACA 2421,0.02,0.4,0.21,4.0,2000000.0,0.6775,0.00764,-0.0443,T1-Re2.000-N9.0.txt
NACA 2421,0.02,0.4,0.21,5.0,2000000.0,0.7804,0.00801,-0.0425,T1-Re2.000-N9.0.txt
NACA 2421,0.02,0.4,0.21,6.0,2000000.0,0.8791,0.00849,-0.04,T1-Re2.000-N9.0.txt
NACA 2421,0.02,0.4,0.21,7.0,2000000.0,0.9672,0.0091,-0.0353,T1-Re2.000-N9.0.txt
NACA 2421,0.02,0.4,0.21,8.0,2000000.0,1.0479,0.01003,-0.0293,T1-Re2.000-N9.0.txt
NACA 2421,0.02,0.4,0.21,9.0,2000000.0,1.1598,0.01138,-0.0309,T1-Re2.000-N9.0.txt
NACA 2421,0.02,0.4,0.21,10.0,2000000.0,1.2364,0.01277,-0.026,T1-Re2.000-N9.0.txt
NACA 2421,0.02,0.4,0.21,11.0,2000000.0,1.3044,0.0145,-0.02,T1-Re2.000-N9.0.txt
NACA 2421,0.02,0.4,0.21,12.0,2000000.0,1.3711,0.01674,-0.015,T1-Re2.000-N9.0.txt
NACA 2421,0.02,0.4,0.21,13.0,2000000.0,1.4316,0.01962,-0.0103,T1-Re2.000-N9.0.txt
NACA 2421,0.02,0.4,0.21,14.0,2000000.0,1.4849,0.02325,-0.0059,T1-Re2.000-N9.0.txt
NACA 2424,0.02,0.4,0.24,-6.0,2000000.0,-0.4097,0.00875,-0.0513,T1-Re2.000-N9.0.txt
NACA 2424,0.02,0.4,0.24,-5.0,2000000.0,-0.3045,0.00845,-0.0498,T1-Re2.000-N9.0.txt
NACA 2424,0.02,0.4,0.24,-4.0,2000000.0,-0.1977,0.00825,-0.0485,T1-Re2.000-N9.0.txt
NACA 2424,0.02,0.4,0.24,-3.0,2000000.0,-0.0903,0.00807,-0.0473,T1-Re2.000-N9.0.txt
NACA 2424,0.02,0.4,0.24,-2.0,2000000.0,0.0178,0.00797,-0.0463,T1-Re2.000-N9.0.txt
NACA 2424,0.02,0.4,0.24,-1.0,2000000.0,0.126,0.0079,-0.0453,T1-Re2.000-N9.0.txt
NACA 2424,0.02,0.4,0.24,0.0,2000000.0,0.2337,0.00786,-0.0442,T1-Re2.000-N9.0.txt
NACA 2424,0.02,0.4,0.24,1.0,2000000.0,0.3403,0.00784,-0.0429,T1-Re2.000-N9.0.txt
NACA 2424,0.02,0.4,0.24,2.0,2000000.0,0.4453,0.00788,-0.0414,T1-Re2.000-N9.0.txt
NACA 2424,0.02,0.4,0.24,3.0,2000000.0,0.5487,0.00803,-0.0396,T1-Re2.000-N9.0.txt
NACA 2424,0.02,0.4,0.24,4.0,2000000.0,0.6441,0.00825,-0.0362,T1-Re2.000-N9.0.txt
NACA 2424,0.02,0.4,0.24,5.0,2000000.0,0.74,0.00865,-0.0332,T1-Re2.000-N9.0.txt
NACA 2424,0.02,0.4,0.24,6.0,2000000.0,0.8366,0.00919,-0.0306,T1-Re2.000-N9.0.txt
NACA 2424,0.02,0.4,0.24,7.0,2000000.0,0.9297,0.00989,-0.0277,T1-Re2.000-N9.0.txt
NACA 2424,0.02,0.4,0.24,8.0,2000000.0,1.0175,0.01078,-0.024,T1-Re2.000-N9.0.txt
NACA 2424,0.02,0.4,0.24,10.0,2000000.0,1.1865,0.0136,-0.017,T1-Re2.000-N9.0.txt
NACA 2424,0.02,0.4,0.24,11.0,2000000.0,1.2642,0.01554,-0.014,T1-Re2.000-N9.0.txt
NACA 2424,0.02,0.4,0.24,12.0,2000000.0,1.3266,0.01799,-0.009,T1-Re2.000-N9.0.txt
NACA 2424,0.02,0.4,0.24,13.0,2000000.0,1.3869,0.02103,-0.0049,T1-Re2.000-N9.0.txt
NACA 2424,0.02,0.4,0.24,14.0,2000000.0,1.4384,0.02505,-0.0011,T1-Re2.000-N9.0.txt
NACA 4412,0.04,0.4,0.12,-6.0,2000000.0,-0.1907,0.00761,-0.1034,T1-Re2.000-N9.0.txt
NACA 4412,0.04,0.4,0.12,-5.0,2000000.0,-0.078,0.00713,-0.1033,T1-Re2.000-N9.0.txt
NACA 4412,0.04,0.4,0.12,-4.0,2000000.0,0.0349,0.00677,-0.1033,T1-Re2.000-N9.0.txt
NACA 4412,0.04,0.4,0.12,-3.0,2000000.0,0.1478,0.00651,-0.1032,T1-Re2.000-N9.0.txt
NACA 4412,0.04,0.4,0.12,-2.0,2000000.0,0.2604,0.00635,-0.1032,T1-Re2.000-N9.0.txt
NACA 4412,0.04,0.4,0.12,-1.0,2000000.0,0.3728,0.00628,-0.1032,T1-Re2.000-N9.0.txt
NACA 4412,0.04,0.4,0.12,0.0,2000000.0,0.4849,0.00626,-0.1033,T1-Re2.000-N9.0.txt
NACA 4412,0.04,0.4,0.12,1.0,2000000.0,0.5959,0.00595,-0.1033,T1-Re2.000-N9.0.txt
NACA 4412,0.04,0.4,0.12,2.0,2000000.0,0.6984,0.00537,-0.1012,T1-Re2.000-N9.0.txt
NACA 4412,0.04,0.4,0.12,3.0,2000000.0,0.82,0.00568,-0.1033,T1-Re2.000-N9.0.txt
NACA 4412,0.04,0.4,0.12,4.0,2000000.0,0.9289,0.00616,-0.1028,T1-Re2.000-N9.0.txt
NACA 4412,0.04,0.4,0.12,5.0,2000000.0,1.0345,0.0069,-0.1017,T1-Re2.000-N9.0.txt
NACA 4412,0.04,0.4,0.12,6.0,2000000.0,1.1337,0.00809,-0.0998,T1-Re2.000-N9.0.txt
NACA 4412,0.04,0.4,0.12,7.0,2000000.0,1.2243,0.00986,-0.0965,T1-Re2.000-N9.0.txt
NACA 4412,0.04,0.4,0.12,8.0,2000000.0,1.311,0.01172,-0.0926,T1-Re2.000-N9.0.txt
NACA 4412,0.04,0.4,0.12,9.0,2000000.0,1.3962,0.01336,-0.0886,T1-Re2.000-N9.0.txt
NACA 4412,0.04,0.4,0.12,10.0,2000000.0,1.4726,0.01497,-0.083,T1-Re2.000-N9.0.txt
NACA 4412,0.04,0.4,0.12,11.0,2000000.0,1.5399,0.01686,-0.0764,T1-Re2.000-N9.0.txt
NACA 4412,0.04,0.4,0.12,12.0,2000000.0,1.6014,0.01918,-0.0697,T1-Re2.000-N9.0.txt
NACA 4412,0.04,0.4,0.12,13.0,2000000.0,1.6541,0.02228,-0.0631,T1-Re2.000-N9.0.txt
NACA 4412,0.04,0.4,0.12,14.0,2000000.0,1.6943,0.02664,-0.0564,T1-Re2.000-N9.0.txt
NACA 4415,0.04,0.4,0.15,-5.0,2000000.0,-0.0751,0.00736,-0.1018,T1-Re2.000-N9.0.txt
NACA 4415,0.04,0.4,0.15,-4.0,2000000.0,0.0378,0.00709,-0.1017,T1-Re2.000-N9.0.txt
NACA 4415,0.04,0.4,0.15,-2.0,2000000.0,0.2631,0.0068,-0.1015,T1-Re2.000-N9.0.txt
NACA 4415,0.04,0.4,0.15,-1.0,2000000.0,0.3754,0.00677,-0.1014,T1-Re2.000-N9.0.txt
NACA 4415,0.04,0.4,0.15,1.0,2000000.0,0.5995,0.00664,-0.1013,T1-Re2.000-N9.0.txt
NACA 4415,0.04,0.4,0.15,2.0,2000000.0,0.7094,0.00636,-0.101,T1-Re2.000-N9.0.txt
NACA 4415,0.04,0.4,0.15,3.0,2000000.0,0.813,0.00617,-0.0989,T1-Re2.000-N9.0.txt
NACA 4415,0.04,0.4,0.15,4.0,2000000.0,0.9445,0.00657,-0.1032,T1-Re2.000-N9.0.txt
NACA 4415,0.04,0.4,0.15,5.0,2000000.0,1.0442,0.00712,-0.1007,T1-Re2.000-N9.0.txt
NACA 4415,0.04,0.4,0.15,6.0,2000000.0,1.143,0.00793,-0.0984,T1-Re2.000-N9.0.txt
NACA 4415,0.04,0.4,0.15,7.0,2000000.0,1.2367,0.00905,-0.0954,T1-Re2.000-N9.0.txt
NACA 4415,0.04,0.4,0.15,8.0,2000000.0,1.3223,0.01048,-0.0911,T1-Re2.000-N9.0.txt
NACA 4415,0.04,0.4,0.15,9.0,2000000.0,1.3928,0.0122,-0.0842,T1-Re2.000-N9.0.txt
NACA 4415,0.04,0.4,0.15,10.0,2000000.0,1.4586,0.01422,-0.0771,T1-Re2.000-N9.0.txt
NACA 4415,0.04,0.4,0.15,11.0,2000000.0,1.5218,0.01649,-0.0705,T1-Re2.000-N9.0.txt
NACA 4415,0.04,0.4,0.15,12.0,2000000.0,1.5785,0.01931,-0.0639,T1-Re2.000-N9.0.txt
NACA 4415,0.04,0.4,0.15,13.0,2000000.0,1.629,0.02281,-0.0578,T1-Re2.000-N9.0.txt
NACA 4415,0.04,0.4,0.15,14.0,2000000.0,1.6733,0.02715,-0.0523,T1-Re2.000-N9.0.txt
NACA 4418,0.04,0.4,0.18,-6.0,2000000.0,-0.1857,0.00799,-0.1001,T1-Re2.000-N9.0.txt
NACA 4418,0.04,0.4,0.18,-5.0,2000000.0,-0.0739,0.00768,-0.0997,T1-Re2.000-N9.0.txt
NACA 4418,0.04,0.4,0.18,-4.0,2000000.0,0.0384,0.00746,-0.0994,T1-Re2.000-N9.0.txt
NACA 4418,0.04,0.4,0.18,-3.0,2000000.0,0.1504,0.00733,-0.099,T1-Re2.000-N9.0.txt
NACA 4418,0.04,0.4,0.18,-2.0,2000000.0,0.2623,0.00726,-0.0987,T1-Re2.000-N9.0.txt
NACA 4418,0.04,0.4,0.18,-1.0,2000000.0,0.3743,0.00724,-0.0984,T1-Re2.000-N9.0.txt
NACA 4418,0.04,0.4,0.18,0.0,2000000.0,0.486,0.00726,-0.0982,T1-Re2.000-N9.0.txt
NACA 4418,0.04,0.4,0.18,1.0,2000000.0,0.5972,0.00724,-0.0979,T1-Re2.000-N9.0.txt
NACA 4418,0.04,0.4,0.18,2.0,2000000.0,0.7064,0.00707,-0.0974,T1-Re2.000-N9.0.txt
NACA 4418,0.04,0.4,0.18,3.0,2000000.0,0.8146,0.00709,-0.0967,T1-Re2.000-N9.0.txt
NACA 4418,0.04,0.4,0.18,4.0,2000000.0,0.9194,0.00711,-0.0951,T1-Re2.000-N9.0.txt
NACA 4418,0.04,0.4,0.18,5.0,2000000.0,1.024,0.00754,-0.0934,T1-Re2.000-N9.0.txt
NACA 4418,0.04,0.4,0.18,6.0,2000000.0,1.1395,0.00827,-0.0948,T1-Re2.000-N9.0.txt
NACA 4418,0.04,0.4,0.18,7.0,2000000.0,1.2199,0.00911,-0.0889,T1-Re2.000-N9.0.txt
NACA 4418,0.04,0.4,0.18,8.0,2000000.0,1.3012,0.01028,-0.0837,T1-Re2.000-N9.0.txt
NACA 4418,0.04,0.4,0.18,9.0,2000000.0,1.3786,0.01175,-0.0784,T1-Re2.000-N9.0.txt
NACA 4418,0.04,0.4,0.18,10.0,2000000.0,1.4481,0.01368,-0.0725,T1-Re2.000-N9.0.txt
NACA 4418,0.04,0.4,0.18,11.0,2000000.0,1.5096,0.01614,-0.0661,T1-Re2.000-N9.0.txt
NACA 4418,0.04,0.4,0.18,12.0,2000000.0,1.5637,0.01924,-0.0597,T1-Re2.000-N9.0.txt
NACA 4418,0.04,0.4,0.18,13.0,2000000.0,1.6115,0.02304,-0.0538,T1-Re2.000-N9.0.txt
NACA 4418,0.04,0.4,0.18,14.0,2000000.0,1.6506,0.02788,-0.0483,T1-Re2.000-N9.0.txt
NACA 4421,0.04,0.4,0.21,-6.0,2000000.0,-0.1845,0.0083,-0.0975,T1-Re2.000-N9.0.txt
NACA 4421,0.04,0.4,0.21,-5.0,2000000.0,-0.0743,0.00805,-0.0967,T1-Re2.000-N9.0.txt
NACA 4421,0.04,0.4,0.21,-4.0,2000000.0,0.0359,0.00788,-0.096,T1-Re2.000-N9.0.txt
NACA 4421,0.04,0.4,0.21,-3.0,2000000.0,0.1462,0.00777,-0.0953,T1-Re2.000-N9.0.txt
NACA 4421,0.04,0.4,0.21,-2.0,2000000.0,0.256,0.00774,-0.0945,T1-Re2.000-N9.0.txt
NACA 4421,0.04,0.4,0.21,-1.0,2000000.0,0.3662,0.00774,-0.0939,T1-Re2.000-N9.0.txt
NACA 4421,0.04,0.4,0.21,0.0,2000000.0,0.4754,0.00778,-0.0931,T1-Re2.000-N9.0.txt
NACA 4421,0.04,0.4,0.21,1.0,2000000.0,0.5846,0.00779,-0.0924,T1-Re2.000-N9.0.txt
NACA 4421,0.04,0.4,0.21,2.0,2000000.0,0.6901,0.00776,-0.0911,T1-Re2.000-N9.0.txt
NACA 4421,0.04,0.4,0.21,4.0,2000000.0,0.8921,0.00797,-0.0868,T1-Re2.000-N9.0.txt
NACA 4421,0.04,0.4,0.21,5.0,2000000.0,0.9915,0.00827,-0.0845,T1-Re2.000-N9.0.txt
NACA 4421,0.04,0.4,0.21,6.0,2000000.0,1.0777,0.0088,-0.0794,T1-Re2.000-N9.0.txt
NACA 4421,0.04,0.4,0.21,7.0,2000000.0,1.1831,0.00972,-0.0792,T1-Re2.000-N9.0.txt
NACA 4421,0.04,0.4,0.21,8.0,2000000.0,1.2664,0.01087,-0.0749,T1-Re2.000-N9.0.txt
NACA 4421,0.04,0.4,0.21,9.0,2000000.0,1.3452,0.01237,-0.0705,T1-Re2.000-N9.0.txt
NACA 4421,0.04,0.4,0.21,10.0,2000000.0,1.4183,0.01425,-0.0657,T1-Re2.000-N9.0.txt
NACA 4421,0.04,0.4,0.21,11.0,2000000.0,1.4836,0.01667,-0.0604,T1-Re2.000-N9.0.txt
NACA 4421,0.04,0.4,0.21,12.0,2000000.0,1.5398,0.01979,-0.0549,T1-Re2.000-N9.0.txt
NACA 4421,0.04,0.4,0.21,13.0,2000000.0,1.5874,0.02381,-0.0495,T1-Re2.000-N9.0.txt
NACA 4421,0.04,0.4,0.21,14.0,2000000.0,1.6268,0.02882,-0.0445,T1-Re2.000-N9.0.txt
NACA 4424,0.04,0.4,0.24,-6.0,2000000.0,-0.1846,0.0087,-0.0942,T1-Re2.000-N9.0.txt
NACA 4424,0.04,0.4,0.24,-5.0,2000000.0,-0.0778,0.00848,-0.0928,T1-Re2.000-N9.0.txt
NACA 4424,0.04,0.4,0.24,-4.0,2000000.0,0.0287,0.00834,-0.0913,T1-Re2.000-N9.0.txt
NACA 4424,0.04,0.4,0.24,-3.0,2000000.0,0.1352,0.00826,-0.0898,T1-Re2.000-N9.0.txt
NACA 4424,0.04,0.4,0.24,-2.0,2000000.0,0.241,0.00822,-0.0883,T1-Re2.000-N9.0.txt
NACA 4424,0.04,0.4,0.24,-1.0,2000000.0,0.346,0.00823,-0.0866,T1-Re2.000-N9.0.txt
NACA 4424,0.04,0.4,0.24,0.0,2000000.0,0.446,0.00828,-0.0839,T1-Re2.000-N9.0.txt
NACA 4424,0.04,0.4,0.24,1.0,2000000.0,0.5435,0.00832,-0.0808,T1-Re2.000-N9.0.txt
NACA 4424,0.04,0.4,0.24,2.0,2000000.0,0.6456,0.00844,-0.079,T1-Re2.000-N9.0.txt
NACA 4424,0.04,0.4,0.24,3.0,2000000.0,0.7483,0.00863,-0.0775,T1-Re2.000-N9.0.txt
NACA 4424,0.04,0.4,0.24,4.0,2000000.0,0.8511,0.00893,-0.0761,T1-Re2.000-N9.0.txt
NACA 4424,0.04,0.4,0.24,5.0,2000000.0,0.9494,0.00945,-0.0741,T1-Re2.000-N9.0.txt
NACA 4424,0.04,0.4,0.24,8.0,2000000.0,1.2198,0.01206,-0.0651,T1-Re2.000-N9.0.txt
NACA 4424,0.04,0.4,0.24,9.0,2000000.0,1.298,0.01369,-0.0612,T1-Re2.000-N9.0.txt
NACA 4424,0.04,0.4,0.24,10.0,2000000.0,1.3709,0.01574,-0.0571,T1-Re2.000-N9.0.txt
NACA 4424,0.04,0.4,0.24,11.0,2000000.0,1.4371,0.01832,-0.0528,T1-Re2.000-N9.0.txt
NACA 4424,0.04,0.4,0.24,12.0,2000000.0,1.4956,0.02162,-0.0484,T1-Re2.000-N9.0.txt
NACA 4424,0.04,0.4,0.24,13.0,2000000.0,1.5448,0.02579,-0.0439,T1-Re2.000-N9.0.txt
NACA 4424,0.04,0.4,0.24,14.0,2000000.0,1.5861,0.03091,-0.0397,T1-Re2.000-N9.0.txt
NACA 6409,0.06,0.4,0.09,-6.0,2000000.0,0.0341,0.00795,-0.1535,T1-Re2.000-N9.0.txt
NACA 6409,0.06,0.4,0.09,-5.0,2000000.0,0.1473,0.00717,-0.1538,T1-Re2.000-N9.0.txt
NACA 6409,0.06,0.4,0.09,-4.0,2000000.0,0.2604,0.00672,-0.154,T1-Re2.000-N9.0.txt
NACA 6409,0.06,0.4,0.09,-3.0,2000000.0,0.3732,0.0064,-0.1542,T1-Re2.000-N9.0.txt
NACA 6409,0.06,0.4,0.09,-2.0,2000000.0,0.4854,0.00627,-0.1543,T1-Re2.000-N9.0.txt
NACA 6409,0.06,0.4,0.09,-1.0,2000000.0,0.5969,0.00627,-0.1543,T1-Re2.000-N9.0.txt
NACA 6409,0.06,0.4,0.09,0.0,2000000.0,0.708,0.00636,-0.1544,T1-Re2.000-N9.0.txt
NACA 6409,0.06,0.4,0.09,1.0,2000000.0,0.8188,0.00648,-0.1545,T1-Re2.000-N9.0.txt
NACA 6409,0.06,0.4,0.09,3.0,2000000.0,1.0353,0.00591,-0.154,T1-Re2.000-N9.0.txt
NACA 6409,0.06,0.4,0.09,4.0,2000000.0,1.1448,0.00633,-0.1539,T1-Re2.000-N9.0.txt
NACA 6409,0.06,0.4,0.09,5.0,2000000.0,1.2495,0.00706,-0.153,T1-Re2.000-N9.0.txt
NACA 6409,0.06,0.4,0.09,6.0,2000000.0,1.3432,0.00861,-0.1504,T1-Re2.000-N9.0.txt
NACA 6409,0.06,0.4,0.09,7.0,2000000.0,1.411,0.01208,-0.1434,T1-Re2.000-N9.0.txt
NACA 6409,0.06,0.4,0.09,8.0,2000000.0,1.491,0.0141,-0.1385,T1-Re2.000-N9.0.txt
NACA 6409,0.06,0.4,0.09,9.0,2000000.0,1.5661,0.01578,-0.1327,T1-Re2.000-N9.0.txt
NACA 6409,0.06,0.4,0.09,10.0,2000000.0,1.6279,0.01786,-0.1249,T1-Re2.000-N9.0.txt
NACA 6409,0.06,0.4,0.09,11.0,2000000.0,1.6794,0.02071,-0.1165,T1-Re2.000-N9.0.txt
NACA 6409,0.06,0.4,0.09,12.0,2000000.0,1.7291,0.02398,-0.1091,T1-Re2.000-N9.0.txt
NACA 6409,0.06,0.4,0.09,13.0,2000000.0,1.7561,0.02937,-0.1005,T1-Re2.000-N9.0.txt
NACA 6409,0.06,0.4,0.09,14.0,2000000.0,1.7844,0.03539,-0.0941,T1-Re2.000-N9.0.txt
NACA 6412,0.06,0.4,0.12,-6.0,2000000.0,0.0408,0.0076,-0.1523,T1-Re2.000-N9.0.txt
NACA 6412,0.06,0.4,0.12,-5.0,2000000.0,0.1545,0.00718,-0.1525,T1-Re2.000-N9.0.txt
NACA 6412,0.06,0.4,0.12,-4.0,2000000.0,0.2678,0.00691,-0.1526,T1-Re2.000-N9.0.txt
NACA 6412,0.06,0.4,0.12,-3.0,2000000.0,0.3806,0.00677,-0.1526,T1-Re2.000-N9.0.txt
NACA 6412,0.06,0.4,0.12,-2.0,2000000.0,0.4929,0.00673,-0.1526,T1-Re2.000-N9.0.txt
NACA 6412,0.06,0.4,0.12,-1.0,2000000.0,0.6047,0.00679,-0.1525,T1-Re2.000-N9.0.txt
NACA 6412,0.06,0.4,0.12,0.0,2000000.0,0.7161,0.00689,-0.1525,T1-Re2.000-N9.0.txt
NACA 6412,0.06,0.4,0.12,1.0,2000000.0,0.8275,0.007,-0.1526,T1-Re2.000-N9.0.txt
NACA 6412,0.06,0.4,0.12,2.0,2000000.0,0.9384,0.00684,-0.1529,T1-Re2.000-N9.0.txt
NACA 6412,0.06,0.4,0.12,4.0,2000000.0,1.1532,0.00678,-0.1515,T1-Re2.000-N9.0.txt
NACA 6412,0.06,0.4,0.12,5.0,2000000.0,1.2609,0.00725,-0.1511,T1-Re2.000-N9.0.txt
NACA 6412,0.06,0.4,0.12,6.0,2000000.0,1.363,0.00798,-0.1497,T1-Re2.000-N9.0.txt
NACA 6412,0.06,0.4,0.12,7.0,2000000.0,1.4559,0.00916,-0.1468,T1-Re2.000-N9.0.txt
NACA 6412,0.06,0.4,0.12,8.0,2000000.0,1.5279,0.01121,-0.1402,T1-Re2.000-N9.0.txt
NACA 6412,0.06,0.4,0.12,9.0,2000000.0,1.5736,0.01414,-0.1293,T1-Re2.000-N9.0.txt
NACA 6412,0.06,0.4,0.12,10.0,2000000.0,1.621,0.01717,-0.1198,T1-Re2.000-N9.0.txt
NACA 6412,0.06,0.4,0.12,12.0,2000000.0,1.7172,0.02405,-0.1046,T1-Re2.000-N9.0.txt
NACA 6412,0.06,0.4,0.12,13.0,2000000.0,1.7557,0.02874,-0.0978,T1-Re2.000-N9.0.txt
NACA 6412,0.06,0.4,0.12,14.0,2000000.0,1.7853,0.03473,-0.0917,T1-Re2.000-N9.0.txt
