naca,camber,camber_position,thickness,alpha_deg,reynolds,split,true_cl,pred_cl,residual_cl,true_cd,pred_cd,residual_cd,true_cm,pred_cm,residual_cm
NACA 0006,0.0,0.0,0.06,-6.0,500000.0,train,-0.6388,-0.6554779666666665,0.016677966666666433,0.02046,0.01388948794973547,0.006570512050264529,-0.0057,-0.0020262669312169344,-0.003673733068783066
NACA 0006,0.0,0.0,0.06,-5.0,500000.0,train,-0.5412,-0.5560762174603174,0.01487621746031742,0.01369,0.010930095238095247,0.0027599047619047534,-0.0027,0.00033047777777777743,-0.0030304777777777777
NACA 0006,0.0,0.0,0.06,-4.0,500000.0,train,-0.4408,-0.4592730961279462,0.018473096127946176,0.01057,0.009213771266233777,0.0013562287337662224,-0.0004,0.002844823965848966,-0.0032448239658489663
NACA 0006,0.0,0.0,0.06,-3.0,500000.0,train,-0.3405,-0.36086418677248655,0.020364186772486526,0.00812,0.007560482169312163,0.0005595178306878378,0.0015,0.00473576772486773,-0.00323576772486773
NACA 0006,0.0,0.0,0.06,-2.0,500000.0,train,-0.2451,-0.24918686388888872,0.004086863888888709,0.00559,0.005931893492063494,-0.0003418934920634935,0.0036,0.003988328174603174,-0.0003883281746031742
NACA 0006,0.0,0.0,0.06,-1.0,500000.0,train,-0.1481,-0.12801499682539672,-0.020085003174603294,0.00473,0.004962929047619043,-0.00023292904761904303,0.0082,0.002695237301587301,0.005504762698412699
NACA 0006,0.0,0.0,0.06,0.0,500000.0,train,0.0,0.0,0.0,0.00477,0.004490698664021168,0.0002793013359788316,-0.0,0.0,-0.0
NACA 0006,0.0,0.0,0.06,1.0,500000.0,train,0.1481,0.12968929404761895,0.018410705952381062,0.00473,0.004709124563492062,2.0875436507937495e-05,-0.0082,-0.003123719312169309,-0.0050762806878306916
NACA 0006,0.0,0.0,0.06,2.0,500000.0,train,0.2451,0.24942804285714265,-0.004328042857142639,0.00559,0.005923315502645506,-0.0003333155026455058,-0.0036,-0.004011873544973548,0.00041187354497354816
NACA 0006,0.0,0.0,0.06,3.0,500000.0,train,0.3404,0.36145902291967275,-0.021059022919672765,0.00812,0.007568579203944203,0.0005514207960557972,-0.0015,-0.00483831654641655,0.0033383165464165496
NACA 0006,0.0,0.0,0.06,4.0,500000.0,train,0.4408,0.4604319984126986,-0.01963199841269858,0.01057,0.009251504338624343,0.0013184956613756568,0.0004,-0.0029913043650793628,0.003391304365079363
NACA 0006,0.0,0.0,0.06,5.0,500000.0,train,0.5412,0.5583407682539682,-0.017140768253968153,0.01369,0.010927946904761907,0.002762053095238094,0.0027,-0.000682519841269841,0.003382519841269841
NACA 0006,0.0,0.0,0.06,6.0,500000.0,train,0.6371,0.6545185018518512,-0.01741850185185123,0.02395,0.015423993730158738,0.008526006269841261,0.0071,0.002516702777777777,0.004583297222222223
NACA 0008,0.0,0.0,0.08,-5.0,500000.0,train,-0.5601,-0.5722093785714287,0.012109378571428686,0.01118,0.010377780912698422,0.000802219087301579,0.001,0.003269887698412699,-0.002269887698412699
NACA 0008,0.0,0.0,0.08,-4.0,500000.0,train,-0.4641,-0.4689473826358829,0.004847382635882913,0.00937,0.009037476504329003,0.0003325234956709968,0.0038,0.004467980711880712,-0.0006679807118807122
NACA 0008,0.0,0.0,0.08,-3.0,500000.0,train,-0.3692,-0.36422102248677224,-0.004978977513227734,0.00744,0.007523431455026447,-8.343145502644634e-05,0.0062,0.005178386772486776,0.0010216132275132237
NACA 0008,0.0,0.0,0.08,-2.0,500000.0,train,-0.2706,-0.24811526587301566,-0.022484734126984346,0.00615,0.006113078095238096,3.692190476190394e-05,0.0082,0.0035248674603174618,0.0046751325396825385
NACA 0008,0.0,0.0,0.08,-1.0,500000.0,train,-0.1417,-0.1255468396825396,-0.01615316031746039,0.00536,0.005131362777777772,0.00022863722222222788,0.0048,0.001954234126984126,0.0028457658730158737
NACA 0008,0.0,0.0,0.08,0.0,500000.0,train,-0.0,0.0,-0.0,0.00521,0.004757429537037043,0.00045257046296295726,0.0,0.0,0.0
NACA 0008,0.0,0.0,0.08,1.0,500000.0,train,0.1417,0.12338884563492059,0.018311154365079407,0.00536,0.005106493888888886,0.00025350611111111393,-0.0048,-0.0013549244708994713,-0.0034450755291005283
NACA 0008,0.0,0.0,0.08,2.0,500000.0,train,0.2706,0.24851737857142836,0.022082621428571647,0.00615,0.006020438915343918,0.00012956108465608188,-0.0082,-0.0036542044973545,-0.004545795502645501
NACA 0008,0.0,0.0,0.08,3.0,500000.0,train,0.3692,0.3641780559884559,0.005021944011544099,0.00744,0.007510734481721981,-7.073448172198026e-05,-0.0062,-0.005199136387686391,-0.001000863612313609
NACA 0008,0.0,0.0,0.08,4.0,500000.0,train,0.4641,0.4685430853174603,-0.0044430853174602936,0.00937,0.009038627261904762,0.0003313727380952376,-0.0038,-0.004359633333333337,0.0005596333333333374
NACA 0008,0.0,0.0,0.08,5.0,500000.0,train,0.5601,0.5713257341269837,-0.011225734126983689,0.01118,0.010517642857142849,0.000662357142857152,-0.001,-0.003041932539682542,0.002041932539682542
NACA 0008,0.0,0.0,0.08,6.0,500000.0,train,0.6554,0.6634782867724867,-0.008078286772486676,0.01347,0.013091007460317468,0.0003789925396825312,0.0018,0.000617014682539682,0.001182985317460318
NACA 0008,0.0,0.0,0.08,7.0,500000.0,train,0.7511,0.7616696108465604,-0.010569610846560384,0.01625,0.015028185965608471,0.0012218140343915294,0.0046,0.0026632161375661372,0.0019367838624338627
NACA 0008,0.0,0.0,0.08,8.0,500000.0,train,0.8414,0.8563185486772494,-0.0149185486772494,0.02125,0.017119541058201047,0.004130458941798955,0.0078,0.005256616402116401,0.0025433835978835983
NACA 0008,0.0,0.0,0.08,9.0,500000.0,train,0.9165,0.9407730902116404,-0.02427309021164037,0.02883,0.02258000293650797,0.006249997063492031,0.0116,0.008844899999999996,0.0027551000000000034
NACA 0008,0.0,0.0,0.08,10.0,500000.0,train,0.908,0.9948252464285721,-0.08682524642857203,0.04822,0.03160108166666666,0.016618918333333337,0.0175,0.012360984391534385,0.005139015608465617
NACA 0009,0.0,0.0,0.09,-6.0,500000.0,train,-0.6677,-0.680237712830687,0.012537712830687053,0.01249,0.011453785621693125,0.0010362143783068743,0.0003,0.0024060584656084676,-0.0021060584656084676
NACA 0009,0.0,0.0,0.09,-5.0,500000.0,train,-0.5742,-0.58152582962963,0.00732582962962991,0.01077,0.010147322288359802,0.0006226777116401985,0.0036,0.004924670105820106,-0.0013246701058201062
NACA 0009,0.0,0.0,0.09,-4.0,500000.0,train,-0.4815,-0.47837111041366065,-0.003128889586339334,0.00906,0.00886831822390573,0.00019168177609426955,0.0068,0.005855284018759016,0.0009447159812409839
NACA 0009,0.0,0.0,0.09,-3.0,500000.0,train,-0.3865,-0.3651343996031744,-0.021365600396825613,0.00756,0.007536589365079358,2.3410634920641854e-05,0.0092,0.004834272619047624,0.004365727380952376
NACA 0009,0.0,0.0,0.09,-2.0,500000.0,train,-0.2608,-0.23922245515873017,-0.021577544841269808,0.00646,0.0063648140873015895,9.518591269841014e-05,0.0054,0.0013615087301587295,0.004038491269841271
NACA 0009,0.0,0.0,0.09,-1.0,500000.0,train,-0.1142,-0.113058273148148,-0.0011417268518520013,0.0056,0.00584197648148148,-0.0002419764814814802,-0.0016,-0.0011424480158730161,-0.00045755198412698395
NACA 0009,0.0,0.0,0.09,0.0,500000.0,train,0.0,0.0,0.0,0.0053,0.00506159204304955,0.0002384079569504498,-0.0,0.0,-0.0
NACA 0009,0.0,0.0,0.09,1.0,500000.0,train,0.1142,0.11199344629629629,0.0022065537037037064,0.0056,0.005761478862433857,-0.00016147886243385746,0.0016,0.0014519656084656088,0.0001480343915343913
NACA 0009,0.0,0.0,0.09,2.0,500000.0,train,0.2609,0.23723766666666654,0.02366233333333348,0.00646,0.006405685859788359,5.431414021164066e-05,-0.0054,-0.0009457501322751318,-0.004454249867724868
NACA 0009,0.0,0.0,0.09,3.0,500000.0,train,0.3864,0.3648876317821068,0.021512368217893207,0.00756,0.007525998635161136,3.400136483886363e-05,-0.0092,-0.004819861519961523,-0.004380138480038476
NACA 0009,0.0,0.0,0.09,4.0,500000.0,train,0.4814,0.4777784117724871,0.0036215882275129063,0.00906,0.008829883518518518,0.00023011648148148212,-0.0068,-0.005697163359788359,-0.001102836640211641
NACA 0009,0.0,0.0,0.09,5.0,500000.0,train,0.5742,0.5812188198412701,-0.007018819841270063,0.01077,0.010268808968253974,0.0005011910317460257,-0.0036,-0.004785038095238095,0.0011850380952380954
NACA 0009,0.0,0.0,0.09,6.0,500000.0,train,0.6677,0.6790532123015873,-0.011353212301587368,0.01249,0.011792587103174622,0.0006974128968253775,-0.0003,-0.0021858177248677254,0.0018858177248677254
NACA 0009,0.0,0.0,0.09,7.0,500000.0,train,0.7606,0.7733484769841265,-0.0127484769841264,0.01467,0.013497011269841274,0.0011729887301587267,0.003,0.0007858464285714285,0.0022141535714285715
NACA 0009,0.0,0.0,0.09,8.0,500000.0,train,0.8503,0.8610860031144782,-0.010786003114478304,0.01788,0.016455202508417498,0.0014247974915825024,0.0063,0.004617658501683504,0.001682341498316496
NACA 0009,0.0,0.0,0.09,9.0,500000.0,train,0.939,0.9475585035714283,-0.0085585035714284,0.02151,0.02080608710317465,0.0007039128968253511,0.0093,0.008077774999999995,0.0012222250000000039
NACA 0009,0.0,0.0,0.09,10.0,500000.0,train,1.0113,1.0123583452380964,-0.0010583452380963365,0.0282,0.02774121079365079,0.00045878920634920967,0.0138,0.011951309391534378,0.0018486906084656217
NACA 0009,0.0,0.0,0.09,11.0,500000.0,train,1.0556,1.0359562701058207,0.019643729894179396,0.0367,0.05287270900793654,-0.016172709007936534,0.019,0.00978424206349207,0.00921575793650793
NACA 0009,0.0,0.0,0.09,12.0,500000.0,train,1.005,1.0302459828042325,-0.025245982804232625,0.0514,0.06268317997354492,-0.011283179973544916,0.0241,0.009084543253968251,0.015015456746031748
NACA 0010,0.0,0.0,0.1,-6.0,500000.0,train,-0.6822,-0.6889056363756605,0.006705636375660462,0.01207,0.011274026455026459,0.0007959735449735422,0.0029,0.0037958402116402114,-0.0008958402116402116
NACA 0010,0.0,0.0,0.1,-5.0,500000.0,train,-0.5922,-0.5935847415343919,0.0013847415343919423,0.0105,0.01002657412698414,0.00047342587301586053,0.0068,0.006824482804232807,-2.4482804232807236e-05
NACA 0010,0.0,0.0,0.1,-4.0,500000.0,train,-0.5013,-0.47636864242424226,-0.024931357575757707,0.009,0.008824643779461282,0.00017535622053871727,0.0102,0.004973007166907167,0.005226992833092834
NACA 0010,0.0,0.0,0.1,-3.0,500000.0,train,-0.3833,-0.35417732976190475,-0.029122670238095227,0.00773,0.007615619047619047,0.00011438095238095261,0.0077,0.0021151226190476193,0.005584877380952381
NACA 0010,0.0,0.0,0.1,-2.0,500000.0,train,-0.2322,-0.2240301412698412,-0.008169858730158797,0.00664,0.006706394232804234,-6.639423280423423e-05,-0.0011,-0.0019305825396825412,0.0008305825396825411
NACA 0010,0.0,0.0,0.1,-1.0,500000.0,train,-0.1032,-0.10789250224867718,0.004692502248677177,0.00582,0.006189068227513225,-0.00036906822751322545,-0.0039,-0.0022217691798941813,-0.0016782308201058185
NACA 0010,0.0,0.0,0.1,0.0,500000.0,train,0.0,0.0,0.0,0.00551,0.005291301249398754,0.0002186987506012459,-0.0,0.0,-0.0
NACA 0010,0.0,0.0,0.1,1.0,500000.0,train,0.1032,0.10785623796296297,-0.004656237962962967,0.00582,0.006138299100529096,-0.0003182991005290965,0.0039,0.00227949126984127,0.00162050873015873
NACA 0010,0.0,0.0,0.1,2.0,500000.0,train,0.2321,0.22413919166666674,0.007960808333333264,0.00664,0.0067075044047619015,-6.750440476190143e-05,0.0011,0.0019370857142857138,-0.0008370857142857137
NACA 0010,0.0,0.0,0.1,3.0,500000.0,train,0.3833,0.35241511471861475,0.03088488528138522,0.00773,0.007623312788600292,0.00010668721139970791,-0.0077,-0.0017821572871572888,-0.0059178427128427115
NACA 0010,0.0,0.0,0.1,4.0,500000.0,train,0.5013,0.47641054907407415,0.024889450925925816,0.009,0.008778050780423282,0.00022194921957671698,-0.0102,-0.005024778835978833,-0.005175221164021168
NACA 0010,0.0,0.0,0.1,5.0,500000.0,train,0.5921,0.5918589301587299,0.00024106984127003628,0.0105,0.010112396746031746,0.00038760325396825467,-0.0068,-0.0064464380952380974,-0.0003535619047619022
NACA 0010,0.0,0.0,0.1,6.0,500000.0,train,0.6822,0.6876404481481476,-0.005440448148147592,0.01207,0.011402905542328054,0.0006670944576719472,-0.0029,-0.003553226455026457,0.0006532264550264573
NACA 0010,0.0,0.0,0.1,7.0,500000.0,train,0.7718,0.7885998898629146,-0.016799889862914585,0.01388,0.012836979974747477,0.0010430200252525227,0.0011,-0.0018280752164502164,0.0029280752164502167
NACA 0010,0.0,0.0,0.1,8.0,500000.0,train,0.8597,0.8713824270562772,-0.0116824270562772,0.0163,0.015393103672438662,0.0009068963275613365,0.005,0.002993894083694085,0.002006105916305915
NACA 0010,0.0,0.0,0.1,9.0,500000.0,train,0.9469,0.9570838738095236,-0.01018387380952368,0.01916,0.019009438095238133,0.00015056190476186657,0.0085,0.006748747619047618,0.0017512523809523825
NACA 0010,0.0,0.0,0.1,10.0,500000.0,train,1.0281,1.0325179410052916,-0.004417941005291581,0.02302,0.023016024801587293,3.975198412706216e-06,0.0123,0.010802328306878302,0.001497671693121698
NACA 0010,0.0,0.0,0.1,11.0,500000.0,train,1.1009,1.0963979847883603,0.004502015211639732,0.02737,0.03277078583333332,-0.005400785833333324,0.0164,0.01818696825396824,-0.0017869682539682387
NACA 0010,0.0,0.0,0.1,12.0,500000.0,train,1.1369,1.1077259728835978,0.029174027116402268,0.0351,0.041612381124338585,-0.006512381124338586,0.0234,0.021225261904761906,0.002174738095238094
NACA 0010,0.0,0.0,0.1,13.0,500000.0,train,1.11,1.1038855482804237,0.006114451719576364,0.04611,0.050102472433862316,-0.003992472433862318,0.0297,0.021437671825396812,0.008262328174603189
NACA 0010,0.0,0.0,0.1,14.0,500000.0,train,1.0085,1.1050205228835992,-0.09652052288359925,0.07723,0.053986868029100424,0.02324313197089957,0.0095,0.020537961904761884,-0.011037961904761884
NACA 0012,0.0,0.0,0.12,-6.0,500000.0,train,-0.7221,-0.6929915068783066,-0.02910849312169339,0.01171,0.010989014378306872,0.0007209856216931279,0.0101,0.0038244333333333318,0.006275566666666668
NACA 0012,0.0,0.0,0.12,-5.0,500000.0,train,-0.6269,-0.5830050744708999,-0.043894925529100126,0.0104,0.009806999761904772,0.0005930002380952273,0.0124,0.003915531613756615,0.008484468386243385
NACA 0012,0.0,0.0,0.12,-4.0,500000.0,train,-0.4782,-0.45920552962962935,-0.018994470370370664,0.00901,0.00874323439153439,0.0002667656084656099,0.0036,0.0007230884920634918,0.002876911507936508
NACA 0012,0.0,0.0,0.12,-3.0,500000.0,train,-0.33,-0.3283405793650791,-0.0016594206349209162,0.00785,0.007759963148148157,9.003685185184247e-05,-0.0046,-0.003777421693121695,-0.0008225783068783049
NACA 0012,0.0,0.0,0.12,-2.0,500000.0,train,-0.2083,-0.2159624182539684,0.007662418253968378,0.00696,0.007225445899470899,-0.00026544589947089924,-0.006,-0.0035203976190476207,-0.0024796023809523795
NACA 0012,0.0,0.0,0.12,-1.0,500000.0,train,-0.1035,-0.10697451018518514,0.003474510185185145,0.00638,0.00653592731481481,-0.0001559273148148098,-0.0032,-0.0022624088624338644,-0.0009375911375661358
NACA 0012,0.0,0.0,0.12,0.0,500000.0,train,0.0,0.0,0.0,0.00617,0.005673908987493994,0.0004960910125060064,-0.0,0.0,-0.0
NACA 0012,0.0,0.0,0.12,1.0,500000.0,train,0.1035,0.10650088187830692,-0.003000881878306924,0.00638,0.006488444841269837,-0.00010844484126983685,0.0032,0.0024058023809523815,0.0007941976190476187
NACA 0012,0.0,0.0,0.12,2.0,500000.0,train,0.2083,0.2153485523809526,-0.0070485523809525885,0.00696,0.0073377349603174595,-0.00037773496031745946,0.006,0.0036477936507936506,0.0023522063492063495
NACA 0012,0.0,0.0,0.12,3.0,500000.0,train,0.33,0.3269715457671956,0.0030284542328044006,0.00785,0.0078102819708994855,3.9718029100513884e-05,0.0046,0.004021711111111116,0.0005782888888888841
NACA 0012,0.0,0.0,0.12,4.0,500000.0,train,0.4782,0.45977426177248704,0.018425738227512978,0.00901,0.008603710621693128,0.0004062893783068726,-0.0036,-0.0010481272486772479,-0.002551872751322752
NACA 0012,0.0,0.0,0.12,5.0,500000.0,train,0.6269,0.5816965301587306,0.04520346984126944,0.0104,0.009831700436507934,0.000568299563492065,-0.0124,-0.003556892460317458,-0.008843107539682541
NACA 0012,0.0,0.0,0.12,6.0,500000.0,train,0.722,0.693845601058201,0.02815439894179894,0.01171,0.011063492566137574,0.0006465074338624262,-0.0101,-0.004007265608465608,-0.0060927343915343915
NACA 0012,0.0,0.0,0.12,7.0,500000.0,train,0.8039,0.8060720974025967,-0.0021720974025967177,0.01316,0.012429986522366532,0.0007300134776334673,-0.0048,-0.004705546645021646,-9.445335497835355e-05
NACA 0012,0.0,0.0,0.12,8.0,500000.0,train,0.8837,0.8983849645502647,-0.01468496455026469,0.01492,0.0138425037962963,0.0010774962037036987,0.0009,-0.0014692847883597876,0.0023692847883597873
NACA 0012,0.0,0.0,0.12,9.0,500000.0,train,0.9645,0.9847835175925923,-0.02028351759259228,0.01683,0.01608096566137567,0.0007490343386243326,0.0061,0.002559524074074073,0.0035404759259259275
NACA 0012,0.0,0.0,0.12,10.0,500000.0,train,1.0419,1.048154756481482,-0.006254756481481882,0.0194,0.02021065103174604,-0.0008106510317460389,0.0112,0.009325783862433863,0.001874216137566137
NACA 0012,0.0,0.0,0.12,11.0,500000.0,train,1.113,1.1159284530423277,-0.0029284530423276944,0.02253,0.023494308968253975,-0.000964308968253974,0.0165,0.018395647619047602,-0.0018956476190476017
NACA 0012,0.0,0.0,0.12,12.0,500000.0,train,1.1751,1.1602941301587302,0.014805869841269859,0.02568,0.02639274579365079,-0.0007127457936507882,0.0224,0.02518225198412697,-0.0027822519841269704
NACA 0012,0.0,0.0,0.12,13.0,500000.0,train,1.2086,1.1915888984126992,0.01701110158730068,0.03066,0.03163475734126982,-0.0009747573412698177,0.0301,0.030486164682539688,-0.0003861646825396893
NACA 0012,0.0,0.0,0.12,14.0,500000.0,train,1.2323,1.213480669047621,0.018819330952378976,0.03721,0.03420316317460315,0.003006836825396847,0.0341,0.03316413174603177,0.0009358682539682278
NACA 0015,0.0,0.0,0.15,-6.0,500000.0,train,-0.6942,-0.6708509742063495,-0.023349025793650502,0.0115,0.010490659814814807,0.0010093401851851928,0.0018,-0.001697388624338623,0.003497388624338623
NACA 0015,0.0,0.0,0.15,-5.0,500000.0,train,-0.5472,-0.5405568539682538,-0.0066431460317462054,0.01015,0.009265158664021167,0.0008848413359788324,-0.0062,-0.00612676441798942,-7.323558201057997e-05
NACA 0015,0.0,0.0,0.15,-4.0,500000.0,train,-0.4214,-0.42929334695767174,0.007893346957671743,0.00905,0.008874242261904771,0.00017575773809522938,-0.0089,-0.0059358339947089955,-0.0029641660052910045
NACA 0015,0.0,0.0,0.15,-3.0,500000.0,train,-0.3154,-0.32404435873015863,0.008644358730158619,0.00824,0.008086947354497364,0.00015305264550263646,-0.0069,-0.004538348677248675,-0.002361651322751325
NACA 0015,0.0,0.0,0.15,-2.0,500000.0,train,-0.2109,-0.21385004100529115,0.002950041005291143,0.0077,0.00768100928571428,1.899071428571996e-05,-0.0044,-0.0037994679894179915,-0.0006005320105820088
NACA 0015,0.0,0.0,0.15,-1.0,500000.0,train,-0.1055,-0.10676145145502636,0.0012614514550263606,0.0074,0.007219955846560846,0.00018004415343915448,-0.0022,-0.002011529894179896,-0.00018847010582010403
NACA 0015,0.0,0.0,0.15,0.0,500000.0,train,-0.0,0.0,-0.0,0.00731,0.006820293531746026,0.0004897064682539733,0.0,0.0,0.0
NACA 0015,0.0,0.0,0.15,1.0,500000.0,train,0.1055,0.1063990626984127,-0.0008990626984127087,0.0074,0.007243403783068788,0.00015659621693121274,0.0022,0.002081196428571429,0.00011880357142857092
NACA 0015,0.0,0.0,0.15,2.0,500000.0,train,0.2109,0.2140885100529102,-0.0031885100529102095,0.0077,0.0076488417195767185,5.115828042328175e-05,0.0044,0.00373498888888889,0.0006650111111111104
NACA 0015,0.0,0.0,0.15,3.0,500000.0,train,0.3154,0.32349911044973534,-0.008099110449735325,0.00824,0.008086618240740749,0.000153381759259252,0.0068,0.004615313095238098,0.0021846869047619016
NACA 0015,0.0,0.0,0.15,5.0,500000.0,train,0.5472,0.5501793432539686,-0.002979343253968536,0.01015,0.009431774338624334,0.0007182256613756655,0.0062,0.003999118253968254,0.002200881746031746
NACA 0015,0.0,0.0,0.15,6.0,500000.0,train,0.6942,0.6711731990740736,0.02302680092592646,0.01149,0.010536853888888887,0.0009531461111111136,-0.0019,0.0017124960317460307,-0.003612496031746031
NACA 0015,0.0,0.0,0.15,7.0,500000.0,train,0.8388,0.795964174603174,0.042835825396825955,0.01299,0.012025360158730174,0.0009646398412698261,-0.0098,-0.0017565111111111102,-0.00804348888888889
NACA 0015,0.0,0.0,0.15,8.0,500000.0,train,0.9452,0.9019301478835977,0.04326985211640233,0.01438,0.01341860185185185,0.0009613981481481505,-0.0102,-0.0012543343915343912,-0.00894566560846561
NACA 0015,0.0,0.0,0.15,9.0,500000.0,train,1.0064,1.0018806432539684,0.004519356746031544,0.01582,0.015065148968253981,0.0007548510317460198,-0.0013,0.00015482857142857137,-0.0014548285714285714
NACA 0015,0.0,0.0,0.15,10.0,500000.0,train,1.064,1.0656601960317464,-0.001660196031746386,0.01751,0.018370138531746037,-0.000860138531746036,0.0081,0.007037151322751323,0.0010628486772486763
NACA 0015,0.0,0.0,0.15,11.0,500000.0,train,1.1204,1.1159260871693126,0.004473912830687432,0.01955,0.02162209325396828,-0.0020720932539682775,0.017,0.019385530952380957,-0.0023855309523809556
NACA 0015,0.0,0.0,0.15,12.0,500000.0,train,1.1633,1.1607553380952391,0.002544661904760881,0.02243,0.0242720034920635,-0.0018420034920635028,0.0264,0.026825498809523795,-0.00042549880952379507
NACA 0015,0.0,0.0,0.15,13.0,500000.0,train,1.2073,1.1976011603174617,0.009698839682538374,0.02625,0.02800977964285711,-0.0017597796428571108,0.0327,0.03307379087301586,-0.00037379087301585984
NACA 0015,0.0,0.0,0.15,14.0,500000.0,train,1.2469,1.2206697634920654,0.026230236507934546,0.03132,0.031146196269841255,0.00017380373015874612,0.0364,0.035509556349206356,0.0008904436507936458
NACA 0018,0.0,0.0,0.18,-6.0,500000.0,train,-0.6244,-0.6368934779100535,0.012493477910053508,0.01129,0.0101468030026455,0.0011431969973545002,-0.0132,-0.008910063888888885,-0.0042899361111111145
NACA 0018,0.0,0.0,0.18,-5.0,500000.0,train,-0.5198,-0.5299737509259256,0.01017375092592554,0.01024,0.009494298161375658,0.0007457018386243432,-0.0113,-0.008177473148148142,-0.003122526851851857
NACA 0018,0.0,0.0,0.18,-4.0,500000.0,train,-0.4185,-0.42491403703703673,0.006414037037036746,0.0095,0.009082130198412705,0.00041786980158729434,-0.0084,-0.006736147486772484,-0.0016638525132275156
NACA 0018,0.0,0.0,0.18,-3.0,500000.0,train,-0.3151,-0.32027474047619053,0.0051747404761905424,0.00897,0.008490204153439157,0.00047979584656084387,-0.0061,-0.005037305555555555,-0.001062694444444445
NACA 0018,0.0,0.0,0.18,-2.0,500000.0,train,-0.2104,-0.21277154589947095,0.002371545899470945,0.00864,0.008044984391534392,0.0005950156084656086,-0.0039,-0.0037826776455026465,-0.00011732235449735335
NACA 0018,0.0,0.0,0.18,-1.0,500000.0,train,-0.1053,-0.1061373105820105,0.0008373105820104892,0.00846,0.007772395013227511,0.0006876049867724898,-0.0019,-0.0019797902116402127,7.979021164021267e-05
NACA 0018,0.0,0.0,0.18,0.0,500000.0,train,0.0,0.0,0.0,0.00841,0.00791555559523809,0.0004944444047619116,-0.0,0.0,-0.0
NACA 0018,0.0,0.0,0.18,1.0,500000.0,train,0.1053,0.10586259007936508,-0.0005625900793650718,0.00846,0.007787433425925929,0.0006725665740740716,0.0019,0.0020194920634920635,-0.00011949206349206351
NACA 0018,0.0,0.0,0.18,2.0,500000.0,train,0.2104,0.21316209417989435,-0.002762094179894342,0.00864,0.00799312775132275,0.0006468722486772504,0.0039,0.003734479365079367,0.00016552063492063273
NACA 0018,0.0,0.0,0.18,3.0,500000.0,train,0.3151,0.3197813892857143,-0.004681389285714321,0.00897,0.00852309396825397,0.0004469060317460298,0.0061,0.005121244047619052,0.000978755952380948
NACA 0018,0.0,0.0,0.18,4.0,500000.0,train,0.4186,0.43061871388888867,-0.012018713888888644,0.0095,0.00896712816137566,0.0005328718386243391,0.0084,0.005045349603174603,0.003354650396825396
NACA 0018,0.0,0.0,0.18,5.0,500000.0,train,0.5198,0.5319144951058205,-0.012114495105820411,0.01024,0.009726607195767192,0.0005133928042328085,0.0113,0.007567061640211638,0.0037329383597883613
NACA 0018,0.0,0.0,0.18,6.0,500000.0,train,0.6244,0.6372272361111113,-0.012827236111111362,0.01129,0.010224913029100537,0.001065086970899463,0.0132,0.00900224788359788,0.00419775211640212
NACA 0018,0.0,0.0,0.18,7.0,500000.0,train,0.7546,0.7591678511904757,-0.004567851190475647,0.01263,0.011234245912698424,0.0013957540873015765,0.009,0.0065495666666666695,0.00245043333333333
NACA 0018,0.0,0.0,0.18,8.0,500000.0,train,0.8968,0.8731623441798942,0.023637655820105796,0.01418,0.012696227314814816,0.0014837726851851842,0.0016,0.005420640343915344,-0.0038206403439153443
NACA 0018,0.0,0.0,0.18,9.0,500000.0,train,1.0378,0.9918409808201056,0.04595901917989442,0.0159,0.014634148373015894,0.0012658516269841071,-0.0061,0.0025155894179894156,-0.008615589417989416
NACA 0018,0.0,0.0,0.18,10.0,500000.0,train,1.1015,1.0614638219576726,0.040036178042327286,0.01739,0.01824081369047618,-0.000850813690476182,0.0012,0.008057065608465603,-0.006857065608465603
NACA 0018,0.0,0.0,0.18,11.0,500000.0,train,1.1054,1.10916238505291,-0.0037623850529100444,0.01867,0.021064654417989454,-0.002394654417989455,0.0201,0.020365657407407402,-0.00026565740740740196
NACA 0018,0.0,0.0,0.18,12.0,500000.0,train,1.1445,1.1515435797619058,-0.007043579761905727,0.0212,0.02356954190476192,-0.002369541904761921,0.0299,0.028178327777777762,0.0017216722222222376
NACA 0018,0.0,0.0,0.18,13.0,500000.0,train,1.1911,1.1846768166666675,0.006423183333332583,0.02472,0.027207700793650775,-0.002487700793650776,0.0358,0.03509226349206348,0.0007077365079365197
NACA 0018,0.0,0.0,0.18,14.0,500000.0,train,1.2281,1.208425299206351,0.01967470079364908,0.02984,0.030351670079365067,-0.0005116700793650689,0.0398,0.03736232301587299,0.002437676984127009
NACA 0024,0.0,0.0,0.24,-6.0,500000.0,train,-0.5675,-0.6108736500000005,0.043373650000000485,0.01214,0.010428253862433862,0.0017117461375661374,-0.0217,-0.013550837698412706,-0.008149162301587295
NACA 0024,0.0,0.0,0.24,-5.0,500000.0,train,-0.4829,-0.5136311559523804,0.030731155952380407,0.01158,0.009917381428571428,0.0016626185714285723,-0.0164,-0.010736287301587297,-0.005663712698412704
NACA 0024,0.0,0.0,0.24,-4.0,500000.0,train,-0.3901,-0.41392315264550283,0.023823152645502832,0.01115,0.009584583756613753,0.001565416243386247,-0.0125,-0.008301041798941802,-0.004198958201058199
NACA 0024,0.0,0.0,0.24,-3.0,500000.0,train,-0.2944,-0.3126969365079366,0.018296936507936623,0.01086,0.009168004682539666,0.001691995317460334,-0.0091,-0.006022167460317449,-0.003077832539682551
NACA 0024,0.0,0.0,0.24,-2.0,500000.0,train,-0.1974,-0.20844068280423303,0.011040682804233037,0.01064,0.008807439074074074,0.0018325609259259266,-0.0059,-0.004172443915343915,-0.001727556084656085
NACA 0024,0.0,0.0,0.24,-1.0,500000.0,train,-0.0991,-0.10482374841269836,0.005723748412698362,0.01053,0.008456066428571423,0.0020739335714285764,-0.0029,-0.0020636642857142858,-0.000836335714285714
NACA 0024,0.0,0.0,0.24,0.0,500000.0,train,0.0,0.0,0.0,0.01049,0.008692482936507935,0.0017975170634920642,-0.0,0.0,-0.0
NACA 0024,0.0,0.0,0.24,1.0,500000.0,train,0.0991,0.10451885886243384,-0.005418858862433845,0.01053,0.00847368403439153,0.0020563159656084695,0.0029,0.0021144210317460307,0.0007855789682539691
NACA 0024,0.0,0.0,0.24,2.0,500000.0,train,0.1974,0.2090146843915346,-0.011614684391534597,0.01064,0.008777233492063488,0.0018627665079365124,0.0059,0.004106445767195766,0.0017935542328042335
NACA 0024,0.0,0.0,0.24,3.0,500000.0,train,0.2944,0.31212808174603174,-0.017728081746031743,0.01086,0.009186803253968244,0.0016731967460317555,0.0091,0.006185889682539676,0.0029141103174603247
NACA 0024,0.0,0.0,0.24,4.0,500000.0,train,0.3901,0.4176175358465605,-0.02751753584656047,0.01115,0.009505006838624335,0.0016449931613756654,0.0125,0.0073265017195767255,0.005173498280423275
NACA 0024,0.0,0.0,0.24,5.0,500000.0,train,0.483,0.5155107532106785,-0.032510753210678534,0.01158,0.009965716438191429,0.0016142835618085712,0.0163,0.01032452718855218,0.005975472811447818
NACA 0024,0.0,0.0,0.24,6.0,500000.0,train,0.5677,0.609663356746032,-0.04196335674603202,0.01214,0.010480021970899473,0.001659978029100527,0.0217,0.013861679365079352,0.007838320634920648
NACA 0024,0.0,0.0,0.24,7.0,500000.0,train,0.6495,0.7034220519841266,-0.053922051984126584,0.013,0.01118256353174603,0.001817436468253969,0.0273,0.01708218214285715,0.01021781785714285
NACA 0024,0.0,0.0,0.24,8.0,500000.0,train,0.7279,0.795941783068783,-0.06804178306878306,0.01417,0.012240069894179894,0.001929930105820106,0.0333,0.020571026058201058,0.012728973941798945
NACA 0024,0.0,0.0,0.24,9.0,500000.0,train,0.8099,0.8822968601010092,-0.07239686010100921,0.01581,0.013604117694805188,0.002205882305194813,0.0378,0.024646051839826832,0.013153948160173169
NACA 0024,0.0,0.0,0.24,10.0,500000.0,train,0.9291,0.9714541713443964,-0.04235417134439634,0.01814,0.015718774401154403,0.002421225598845597,0.0331,0.025383644432419427,0.0077163555675805705
NACA 0024,0.0,0.0,0.24,11.0,500000.0,train,1.0561,1.083607750396825,-0.02750775039682507,0.02077,0.020245190793650815,0.0005248092063491853,0.0256,0.02498565079365079,0.0006143492063492122
NACA 0024,0.0,0.0,0.24,12.0,500000.0,train,1.1133,1.129672606746032,-0.016372606746032137,0.02365,0.024416501666666687,-0.0007665016666666864,0.0293,0.03256147698412697,-0.0032614769841269736
NACA 0024,0.0,0.0,0.24,13.0,500000.0,train,1.1193,1.1523761769841272,-0.03307617698412724,0.02684,0.02764225789682537,-0.0008022578968253716,0.0413,0.03855403214285714,0.0027459678571428656
NACA 0024,0.0,0.0,0.24,14.0,500000.0,train,1.144,1.1698619873015874,-0.025861987301587508,0.03177,0.029538597420634916,0.002231402579365084,0.047,0.03951822103174604,0.007481778968253958
NACA 1408,0.01,0.4,0.08,-6.0,500000.0,train,-0.5685,-0.5844297380952388,0.015929738095238788,0.01395,0.012067171375661375,0.0018828286243386255,-0.0217,-0.019225421957671966,-0.002474578042328035
NACA 1408,0.01,0.4,0.08,-5.0,500000.0,train,-0.477,-0.47501391243386165,-0.001986087566138328,0.01173,0.010356490502645498,0.0013735094973545033,-0.018,-0.01925976243386242,0.0012597624338624228
NACA 1408,0.01,0.4,0.08,-4.0,500000.0,train,-0.3827,-0.3479044249278499,-0.03479557507215009,0.01002,0.008676490291005291,0.001343509708994708,-0.015,-0.0226921848725349,0.0076921848725349
NACA 1408,0.01,0.4,0.08,-3.0,500000.0,train,-0.2652,-0.2217953310846563,-0.0434046689153437,0.00849,0.007504997142857139,0.0009850028571428606,-0.0173,-0.026390396031746026,0.009090396031746027
NACA 1408,0.01,0.4,0.08,-2.0,500000.0,train,-0.1201,-0.09876809419191929,-0.02133190580808071,0.00664,0.006254001118326123,0.0003859988816738774,-0.0258,-0.029158838816738798,0.0033588388167387975
NACA 1408,0.01,0.4,0.08,-1.0,500000.0,train,0.008,0.01240079788359789,-0.004400797883597889,0.0053,0.005346006878306883,-4.60068783068833e-05,-0.0283,-0.0283057107142857,5.7107142857025506e-06
NACA 1408,0.01,0.4,0.08,0.0,500000.0,train,0.1439,0.12516690634920646,0.018733093650793536,0.00517,0.005014562723665222,0.00015543727633477843,-0.0316,-0.027317618217893205,-0.004282381782106798
NACA 1408,0.01,0.4,0.08,1.0,500000.0,train,0.2691,0.24198082566137571,0.02711917433862429,0.00526,0.005154955846560845,0.00010504415343915493,-0.0339,-0.027437687301587303,-0.006462312698412697
NACA 1408,0.01,0.4,0.08,2.0,500000.0,train,0.3684,0.3640752510582011,0.004324748941798906,0.00583,0.0058605382010582,-3.0538201058199696e-05,-0.0307,-0.029228033597883615,-0.001471966402116387
NACA 1408,0.01,0.4,0.08,3.0,500000.0,train,0.4667,0.4786507625661375,-0.011950762566137474,0.0068,0.006868331230158722,-6.833123015872241e-05,-0.0279,-0.029737019973544977,0.001837019973544976
NACA 1408,0.01,0.4,0.08,4.0,500000.0,train,0.5638,0.581912043650794,-0.018112043650793996,0.00843,0.007979160595238101,0.0004508394047618991,-0.0255,-0.028739776587301574,0.003239776587301575
NACA 1408,0.01,0.4,0.08,5.0,500000.0,train,0.659,0.6716911892135635,-0.012691189213563492,0.01098,0.009341208809523811,0.0016387911904761892,-0.0233,-0.02552800692640693,0.002228006926406928
NACA 1408,0.01,0.4,0.08,6.0,500000.0,train,0.7574,0.7707176708273213,-0.013317670827321382,0.01316,0.01100286814213563,0.0021571318578643695,-0.0211,-0.023409166798941818,0.002309166798941817
NACA 1408,0.01,0.4,0.08,7.0,500000.0,train,0.8523,0.8681913222222234,-0.015891322222223447,0.01587,0.013231967539682546,0.0026380324603174528,-0.0185,-0.0209637611111111,0.0024637611111111013
NACA 1408,0.01,0.4,0.08,8.0,500000.0,train,0.9421,0.9614994191919192,-0.01939941919191912,0.01987,0.016052039706589707,0.0038179602934102913,-0.0154,-0.017876339069264065,0.0024763390692640642
NACA 1408,0.01,0.4,0.08,9.0,500000.0,train,1.0278,1.0422280735449727,-0.014428073544972664,0.02479,0.02330685165343917,0.0014831483465608288,-0.012,-0.012385523148148147,0.000385523148148147
NACA 1408,0.01,0.4,0.08,10.0,500000.0,train,0.9909,1.0760251742063485,-0.08512517420634846,0.05286,0.03138627113756614,0.021473728862433858,0.0008,-0.006873999867724875,0.007673999867724875
NACA 1408,0.01,0.4,0.08,14.0,500000.0,train,0.7993,1.0306379551587312,-0.23133795515873123,0.17057,0.08886126111111108,0.08170873888888892,-0.0581,-0.015575453835978838,-0.04252454616402116
NACA 1410,0.01,0.4,0.1,-6.0,500000.0,train,-0.6095,-0.5844280380952388,-0.025071961904761242,0.01257,0.011925473042328041,0.0006445269576719585,-0.0139,-0.01933404417989419,0.005434044179894192
NACA 1410,0.01,0.4,0.1,-5.0,500000.0,train,-0.5074,-0.4698721255291,-0.03752787447089995,0.0111,0.010225175264550255,0.000874824735449746,-0.0128,-0.02056439219576717,0.00776439219576717
NACA 1410,0.01,0.4,0.1,-4.0,500000.0,train,-0.3596,-0.3413517099206348,-0.01824829007936518,0.00958,0.008467263029100532,0.001112736970899468,-0.0214,-0.024098933994709044,0.002698933994709045
NACA 1410,0.01,0.4,0.1,-3.0,500000.0,train,-0.2144,-0.21484894854497363,0.00044894854497362635,0.00809,0.007501571349206344,0.0005884286507936562,-0.0293,-0.027950557936507928,-0.001349442063492072
NACA 1410,0.01,0.4,0.1,-2.0,500000.0,train,-0.0889,-0.09503525001202509,0.006135250012025084,0.0067,0.00638633929292929,0.00031366070707071047,-0.0322,-0.029849021885521878,-0.0023509781144781215
NACA 1410,0.01,0.4,0.1,-1.0,500000.0,train,0.0145,0.013005551587301585,0.001494448412698416,0.00578,0.0055784727248677285,0.00020152727513227196,-0.0291,-0.028278473941798936,-0.000821526058201065
NACA 1410,0.01,0.4,0.1,0.0,500000.0,train,0.1142,0.12111661838624338,-0.006916618386243384,0.00556,0.005368601969696969,0.00019139803030303066,-0.0244,-0.026189201418951424,0.0017892014189514228
NACA 1410,0.01,0.4,0.1,1.0,500000.0,train,0.2415,0.23686212115199623,0.0046378788480037625,0.00596,0.005392717733285233,0.0005672822667147671,-0.0262,-0.02607195649350651,-0.0001280435064934908
NACA 1410,0.01,0.4,0.1,2.0,500000.0,train,0.3961,0.3608362304232802,0.03526376957671978,0.00656,0.006004763399470898,0.0005552366005291019,-0.0354,-0.028249028835978834,-0.007150971164021167
NACA 1410,0.01,0.4,0.1,3.0,500000.0,train,0.4936,0.479489232407407,0.014110767592592999,0.00721,0.006899754246031737,0.0003102457539682635,-0.0327,-0.02966883822751323,-0.00303116177248677
NACA 1410,0.01,0.4,0.1,4.0,500000.0,train,0.5892,0.5917326587301589,-0.0025326587301589543,0.00815,0.007934462063492067,0.000215537936507932,-0.0296,-0.030163528571428563,0.0005635285714285614
NACA 1410,0.01,0.4,0.1,5.0,500000.0,train,0.6806,0.687833665800866,-0.00723366580086604,0.00979,0.009095406507936507,0.0006945934920634927,-0.0262,-0.027718922005772004,0.0015189220057720033
NACA 1410,0.01,0.4,0.1,6.0,500000.0,train,0.7723,0.7795037197691197,-0.00720371976911971,0.01182,0.010619270284992783,0.0012007297150072177,-0.023,-0.024658915873015875,0.0016589158730158753
NACA 1410,0.01,0.4,0.1,7.0,500000.0,train,0.8664,0.8743613535714293,-0.007961353571429353,0.01381,0.012793164642857145,0.0010168353571428541,-0.0201,-0.02169446044973544,0.0015944604497354388
NACA 1410,0.01,0.4,0.1,8.0,500000.0,train,0.9579,0.9641605822871577,-0.0062605822871577566,0.01607,0.01567737563251564,0.00039262436748436005,-0.0171,-0.01813990044492544,0.00103990044492544
NACA 1410,0.01,0.4,0.1,9.0,500000.0,train,1.045,1.0534262447089937,-0.00842624470899378,0.01869,0.01974719003968255,-0.001057190039682552,-0.0136,-0.013973236640211635,0.0003732366402116362
NACA 1410,0.01,0.4,0.1,10.0,500000.0,train,1.1235,1.1075059408730148,0.01599405912698515,0.02212,0.024649526058201036,-0.002529526058201035,-0.0092,-0.008645708597883602,-0.0005542914021163976
NACA 1410,0.01,0.4,0.1,11.0,500000.0,train,1.1913,1.2081721777296783,-0.016872177729678306,0.02642,0.028107159051226547,-0.0016871590512265479,-0.004,-0.0018527371572871576,-0.0021472628427128427
NACA 1410,0.01,0.4,0.1,12.0,500000.0,train,1.2353,1.2248599782587788,0.010440021741221273,0.03231,0.0351712720935546,-0.0028612720935545996,0.0032,0.004654221837421838,-0.0014542218374218375
NACA 1410,0.01,0.4,0.1,13.0,500000.0,train,1.2424,1.2305444688672442,0.011855531132755726,0.03992,0.042581732900432934,-0.0026617329004329365,0.0114,0.007663853715728719,0.003736146284271281
NACA 1410,0.01,0.4,0.1,14.0,500000.0,train,1.2158,1.2205403857984611,-0.004740385798461144,0.05323,0.048328969858104906,0.0049010301418950936,0.0121,0.0065243330808080835,0.005575666919191916
NACA 1412,0.01,0.4,0.12,-6.0,500000.0,train,-0.6017,-0.5797906408730165,-0.021909359126983552,0.01212,0.011678836772486772,0.00044116322751322837,-0.0169,-0.020435325925925937,0.003535325925925939
NACA 1412,0.01,0.4,0.12,-5.0,500000.0,train,-0.4564,-0.4651239417989414,0.008723941798941426,0.01061,0.010116961772486764,0.0004930382275132351,-0.0247,-0.021661657275132255,-0.003038342724867745
NACA 1412,0.01,0.4,0.12,-3.0,500000.0,train,-0.1942,-0.21195893253968254,0.017758932539682526,0.00802,0.007488052698412694,0.0005319473015873051,-0.0332,-0.02846852103174604,-0.00473147896825396
NACA 1412,0.01,0.4,0.12,-2.0,500000.0,train,-0.0896,-0.09496955636123143,0.005369556361231431,0.00705,0.0064633285521885474,0.0005866714478114524,-0.0309,-0.029706257070707065,-0.0011937429292929354
NACA 1412,0.01,0.4,0.12,-1.0,500000.0,train,0.0138,0.012954666402116405,0.0008453335978835953,0.00643,0.0056939095105820155,0.0007360904894179844,-0.0281,-0.028139265343915358,3.926534391535813e-05
NACA 1412,0.01,0.4,0.12,0.0,500000.0,train,0.1169,0.12100319775132275,-0.004103197751322743,0.0062,0.0054661696681096664,0.0007338303318903333,-0.0249,-0.02611399348244349,0.0012139934824434914
NACA 1412,0.01,0.4,0.12,1.0,500000.0,train,0.2201,0.23397841480278994,-0.013878414802789951,0.00645,0.005589818328523327,0.0008601816714766727,-0.0215,-0.025359395382395386,0.0038593953823953878
NACA 1412,0.01,0.4,0.12,2.0,500000.0,train,0.3424,0.3559730787037034,-0.013573078703703445,0.00707,0.006108808227513224,0.0009611917724867761,-0.0227,-0.027014458465608467,0.004314458465608465
NACA 1412,0.01,0.4,0.12,3.0,500000.0,train,0.497,0.4764214546296293,0.020578545370370682,0.00783,0.006872790912698407,0.0009572090873015936,-0.0318,-0.02887108267195769,-0.0029289173280423117
NACA 1412,0.01,0.4,0.12,4.0,500000.0,train,0.6248,0.594101190079365,0.030698809920635006,0.00855,0.007925074523809531,0.0006249254761904691,-0.0358,-0.03040733809523809,-0.005392661904761908
NACA 1412,0.01,0.4,0.12,5.0,500000.0,train,0.7132,0.6891035483405488,0.02409645165945118,0.00957,0.009042058492063486,0.0005279415079365146,-0.0316,-0.027819409307359315,-0.003780590692640688
NACA 1412,0.01,0.4,0.12,6.0,500000.0,train,0.7982,0.7962753432539676,0.0019246567460323716,0.01107,0.010070881984126983,0.0009991180158730167,-0.0269,-0.02725486825396824,0.00035486825396824004
NACA 1412,0.01,0.4,0.12,7.0,500000.0,train,0.8827,0.8850326321428573,-0.0023326321428572827,0.01285,0.012062147301587304,0.0007878526984126961,-0.0222,-0.023323833068783075,0.0011238330687830742
NACA 1412,0.01,0.4,0.12,8.0,500000.0,train,0.9698,0.9660133699855705,0.0037866300144294707,0.01471,0.01549333380711882,-0.0007833338071188186,-0.0182,-0.018332357984607982,0.00013235798460798157
NACA 1412,0.01,0.4,0.12,9.0,500000.0,train,1.0555,1.055471255026454,2.874497354610206e-05,0.01677,0.019358799113756618,-0.002588799113756618,-0.0142,-0.014110017328042321,-8.998267195767934e-05
NACA 1412,0.01,0.4,0.12,10.0,500000.0,train,1.1326,1.1127876619047605,0.019812338095239523,0.01937,0.023494028862433843,-0.004124028862433845,-0.0093,-0.009070542460317467,-0.00022945753968253192
NACA 1412,0.01,0.4,0.12,11.0,500000.0,train,1.1999,1.2170319727513237,-0.01713197275132372,0.02224,0.02563739781746034,-0.003397397817460339,-0.0034,-0.0013713730158730149,-0.002028626984126985
NACA 1412,0.01,0.4,0.12,12.0,500000.0,train,1.243,1.2465888820105828,-0.003588882010582717,0.02612,0.029689412288359803,-0.0035694122883598023,0.0049,0.005490258994708993,-0.0005902589947089929
NACA 1412,0.01,0.4,0.12,13.0,500000.0,train,1.2833,1.2649125829365089,0.01838741706349123,0.0307,0.034138776984127,-0.003438776984126996,0.0108,0.009869585317460322,0.0009304146825396785
NACA 1412,0.01,0.4,0.12,14.0,500000.0,train,1.3022,1.2685878324074082,0.03361216759259178,0.03821,0.03678769783068786,0.001422302169312141,0.015,0.010371849603174601,0.004628150396825398
NACA 2408,0.02,0.4,0.08,-6.0,500000.0,train,-0.5003,-0.4665238826719573,-0.03377611732804264,0.0152,0.012346696111111104,0.0028533038888888963,-0.0381,-0.045609903571428606,0.007509903571428604
NACA 2408,0.02,0.4,0.08,-5.0,500000.0,train,-0.3915,-0.33916862499999956,-0.05233137500000046,0.01254,0.010270461574074083,0.0022695384259259176,-0.0385,-0.04928211084656088,0.010782110846560881
NACA 2408,0.02,0.4,0.08,-4.0,500000.0,train,-0.2447,-0.20766355079365087,-0.03703644920634913,0.0104,0.008935971150793648,0.001464028849206352,-0.0465,-0.05348643293650793,0.0069864329365079275
NACA 2408,0.02,0.4,0.08,-2.0,500000.0,train,0.0311,0.029826556349206362,0.0012734436507936368,0.00719,0.007331241825396824,-0.0001412418253968241,-0.0587,-0.05641316507936505,-0.0022868349206349517
NACA 2408,0.02,0.4,0.08,-1.0,500000.0,train,0.1295,0.1316785056637807,-0.0021785056637806943,0.00531,0.005579138834776337,-0.00026913883477633696,-0.0549,-0.054162975336700385,-0.0007370246632996125
NACA 2408,0.02,0.4,0.08,0.0,500000.0,train,0.2653,0.24509185357142868,0.0202081464285713,0.00514,0.0052482692460317434,-0.00010826924603174384,-0.0588,-0.05340101468253971,-0.005398985317460289
NACA 2408,0.02,0.4,0.08,1.0,500000.0,train,0.3679,0.3643311345238092,0.0035688654761907856,0.00538,0.0055068980555555555,-0.00012689805555555524,-0.0561,-0.05428316428571433,-0.001816835714285668
NACA 2408,0.02,0.4,0.08,2.0,500000.0,train,0.471,0.479358764814815,-0.008358764814815012,0.00591,0.006158175608465611,-0.000248175608465611,-0.0539,-0.05450464060846558,0.0006046406084655731
NACA 2408,0.02,0.4,0.08,3.0,500000.0,train,0.5734,0.5861085499999998,-0.012708549999999819,0.00673,0.006878282142857143,-0.00014828214285714323,-0.0517,-0.053320438888888856,0.0016204388888888532
NACA 2408,0.02,0.4,0.08,4.0,500000.0,train,0.6759,0.6932859624338634,-0.017385962433863478,0.00779,0.00788008489417989,-9.008489417989055e-05,-0.05,-0.05257385039682546,0.002573850396825457
NACA 2408,0.02,0.4,0.08,5.0,500000.0,train,0.7688,0.7789851059523815,-0.010185105952381424,0.01041,0.009237909272486772,0.0011720907275132291,-0.0475,-0.049094745767195754,0.001594745767195753
NACA 2408,0.02,0.4,0.08,6.0,500000.0,train,0.8633,0.8762182058201057,-0.012918205820105721,0.01305,0.011253113835978846,0.0017968861640211553,-0.045,-0.04653533187830693,0.001535331878306935
NACA 2408,0.02,0.4,0.08,7.0,500000.0,train,0.9561,0.972395591233767,-0.016295591233767004,0.01571,0.013383679487734484,0.0023263205122655145,-0.0421,-0.044057896608946615,0.001957896608946616
NACA 2408,0.02,0.4,0.08,8.0,500000.0,train,1.0442,1.060975435317461,-0.01677543531746095,0.01887,0.016076683835978847,0.002793316164021155,-0.0386,-0.04003510687830685,0.0014351068783068494
NACA 2408,0.02,0.4,0.08,9.0,500000.0,train,1.1245,1.1390853388888893,-0.014585338888889243,0.02382,0.019037655687830703,0.004782344312169298,-0.0342,-0.03436445767195769,0.00016445767195769068
NACA 2408,0.02,0.4,0.08,10.0,500000.0,train,1.1923,1.2075078328042332,-0.015207832804233323,0.03054,0.024396261507936515,0.0061437384920634865,-0.0289,-0.028484721428571405,-0.0004152785714285935
NACA 2408,0.02,0.4,0.08,11.0,500000.0,train,1.1986,1.1602845660052903,0.038315433994709824,0.04369,0.05424259046296291,-0.010552590462962912,-0.0181,-0.020993440873015863,0.0028934408730158616
NACA 2408,0.02,0.4,0.08,12.0,500000.0,train,1.1154,1.144546105952381,-0.029146105952380985,0.0617,0.06276537805555556,-0.001065378055555559,-0.0111,-0.01950000555555555,0.00840000555555555
NACA 2408,0.02,0.4,0.08,13.0,500000.0,train,1.0294,1.1509677535714282,-0.12156775357142813,0.09205,0.06845415464285709,0.023595845357142917,-0.0304,-0.01984334722222222,-0.01055665277777778
NACA 2410,0.02,0.4,0.1,-6.0,500000.0,train,-0.4857,-0.45656441865079356,-0.029135581349206463,0.0131,0.01210706589947089,0.0009929341005291102,-0.042,-0.0477711384920635,0.005771138492063496
NACA 2410,0.02,0.4,0.1,-5.0,500000.0,train,-0.3413,-0.32174402420634884,-0.019555975793651148,0.01116,0.010126103002645503,0.001033896997354497,-0.0496,-0.05280845529100531,0.003208455291005309
NACA 2410,0.02,0.4,0.1,-4.0,500000.0,train,-0.1993,-0.19441982182539672,-0.004880178174603289,0.00966,0.009211345515873012,0.0004486544841269882,-0.0564,-0.05603851507936511,-0.00036148492063488996
NACA 2410,0.02,0.4,0.1,-3.0,500000.0,train,-0.0756,-0.07718270489417992,0.0015827048941799149,0.00836,0.008505745648148148,-0.00014574564814814894,-0.0589,-0.05674115251322747,-0.0021588474867725305
NACA 2410,0.02,0.4,0.1,-2.0,500000.0,train,0.0318,0.029783102380952386,0.0020168976190476154,0.0072,0.007361277936507934,-0.00016127793650793417,-0.0576,-0.056319749999999974,-0.0012802500000000244
NACA 2410,0.02,0.4,0.1,-1.0,500000.0,train,0.1318,0.13218167629870137,-0.00038167629870136666,0.00596,0.0058330629220779235,0.0001269370779220765,-0.0544,-0.053911723749398774,-0.0004882762506012231
NACA 2410,0.02,0.4,0.1,0.0,500000.0,train,0.2382,0.23949771746031753,-0.0012977174603175379,0.00567,0.005955050555555552,-0.0002850505555555523,-0.0511,-0.05134354523809522,0.00024354523809522188
NACA 2410,0.02,0.4,0.1,1.0,500000.0,train,0.3889,0.361916176190476,0.02698382380952402,0.00601,0.005901326468253967,0.00010867353174603273,-0.0591,-0.05319753928571434,-0.005902460714285657
NACA 2410,0.02,0.4,0.1,2.0,500000.0,train,0.4887,0.4819325441798943,0.006767455820105739,0.00649,0.006319056322751325,0.00017094367724867533,-0.0564,-0.05473138346560844,-0.0016686165343915565
NACA 2410,0.02,0.4,0.1,3.0,500000.0,train,0.588,0.5923839857142855,-0.004383985714285554,0.00714,0.007151351111111109,-1.1351111111109619e-05,-0.0537,-0.05404482619047615,0.00034482619047615515
NACA 2410,0.02,0.4,0.1,4.0,500000.0,train,0.6886,0.7001025256613765,-0.01150252566137655,0.00793,0.007906015000000002,2.3984999999997203e-05,-0.0514,-0.05335343187830691,0.001953431878306912
NACA 2410,0.02,0.4,0.1,5.0,500000.0,train,0.788,0.7878602477513231,0.0001397522486769054,0.00907,0.008743193068783075,0.0003268069312169254,-0.0492,-0.04985176587301583,0.0006517658730158318
NACA 2410,0.02,0.4,0.1,6.0,500000.0,train,0.8791,0.8820124173280417,-0.0029124173280417054,0.01135,0.01083786367724868,0.0005121363227513203,-0.0462,-0.046955236640211694,0.0007552366402116956
NACA 2410,0.02,0.4,0.1,7.0,500000.0,train,0.9695,0.9762632376623378,-0.006763237662337773,0.01377,0.013024681154401157,0.0007453188455988427,-0.0432,-0.04421348589466088,0.0010134858946608746
NACA 2410,0.02,0.4,0.1,8.0,500000.0,train,1.0586,1.063376276984127,-0.004776276984127081,0.01612,0.015707617447089955,0.00041238255291004347,-0.0398,-0.03996518465608461,0.00016518465608460903
NACA 2410,0.02,0.4,0.1,9.0,500000.0,train,1.1391,1.139310100793651,-0.00021010079365102463,0.01901,0.019002584523809537,7.415476190462261e-06,-0.0354,-0.03438366402116404,-0.0010163359788359638
NACA 2410,0.02,0.4,0.1,10.0,500000.0,train,1.2121,1.2103590058201066,0.0017409941798933737,0.02218,0.023037493095238094,-0.000857493095238096,-0.0301,-0.02860704047619045,-0.0014929595238095499
NACA 2410,0.02,0.4,0.1,11.0,500000.0,train,1.2648,1.259278681108706,0.005521318891293925,0.02642,0.027146226458633946,-0.0007262264586339467,-0.0225,-0.019653495226070218,-0.002846504773929781
NACA 2410,0.02,0.4,0.1,12.0,500000.0,train,1.3085,1.2952527203703714,0.013247279629628572,0.03076,0.030951389285714306,-0.00019138928571430652,-0.015,-0.013485173544973531,-0.0015148264550264683
NACA 2410,0.02,0.4,0.1,13.0,500000.0,train,1.3287,1.3209258107142858,0.0077741892857141615,0.03819,0.03899444010582011,-0.0008044401058201062,-0.0081,-0.007742957936507945,-0.0003570420634920546
NACA 2410,0.02,0.4,0.1,14.0,500000.0,train,1.3283,1.3351020190476195,-0.006802019047619456,0.04824,0.04184510519841271,0.006394894801587288,-0.0044,-0.005727751587301586,0.0013277515873015861
NACA 2412,0.02,0.4,0.12,-6.0,500000.0,train,-0.4385,-0.4287564075396826,-0.009743592460317418,0.01205,0.011118647579365079,0.0009313524206349209,-0.0525,-0.05357417341269834,0.0010741734126983385
NACA 2412,0.02,0.4,0.12,-5.0,500000.0,train,-0.3002,-0.30070385873015854,0.0005038587301585129,0.01055,0.010180457724867727,0.00036954227513227335,-0.0583,-0.05684522500000001,-0.0014547749999999846
NACA 2412,0.02,0.4,0.12,-4.0,500000.0,train,-0.1845,-0.18954079920634914,0.005040799206349145,0.00934,0.009286326150793642,5.3673849206356886e-05,-0.0588,-0.0566476753968254,-0.0021523246031745977
NACA 2412,0.02,0.4,0.12,-3.0,500000.0,train,-0.0768,-0.0772605302910053,0.00046053029100530385,0.00836,0.008520166917989418,-0.00016016691798941864,-0.0575,-0.05666505489417985,-0.0008349451058201549
NACA 2412,0.02,0.4,0.12,-2.0,500000.0,train,0.0293,0.029329168253968262,-2.9168253968262642e-05,0.00747,0.007517443809523806,-4.744380952380594e-05,-0.0558,-0.05570940436507933,-9.059563492067046e-05
NACA 2412,0.02,0.4,0.12,-1.0,500000.0,train,0.1328,0.13298880767195762,-0.00018880767195761372,0.00665,0.0064986743253968296,0.0001513256746031701,-0.0535,-0.0530215455026455,-0.000478454497354501
NACA 2412,0.02,0.4,0.12,0.0,500000.0,train,0.2333,0.23760442500000026,-0.00430442500000025,0.0063,0.006288479285714282,1.1520714285718353e-05,-0.0497,-0.0505954079365079,0.0008954079365078998
NACA 2412,0.02,0.4,0.12,1.0,500000.0,train,0.3475,0.34944996190476185,-0.0019499619047618766,0.00662,0.006601438809523813,1.8561190476187178e-05,-0.0487,-0.049484494444444395,0.0007844944444443946
NACA 2412,0.02,0.4,0.12,2.0,500000.0,train,0.5053,0.47576631137566155,0.029533688624338417,0.0072,0.006643437791005295,0.0005565622089947044,-0.0583,-0.052723359920634934,-0.005576640079365064
NACA 2412,0.02,0.4,0.12,3.0,500000.0,train,0.6144,0.5965853416666665,0.0178146583333334,0.0077,0.007381020238095239,0.0003189797619047611,-0.0581,-0.05429058293650794,-0.0038094170634920613
NACA 2412,0.02,0.4,0.12,4.0,500000.0,train,0.7092,0.7122714108465618,-0.0030714108465617063,0.00832,0.008236538439153443,8.346156084655665e-05,-0.0546,-0.05495138624338621,0.00035138624338620916
NACA 2412,0.02,0.4,0.12,5.0,500000.0,train,0.8039,0.8142357773809513,-0.010335777380951372,0.00912,0.008787129365079374,0.0003328706349206255,-0.0512,-0.05317613452380949,0.0019761345238094863
NACA 2412,0.02,0.4,0.12,6.0,500000.0,train,0.896,0.8973037349206354,-0.001303734920635402,0.01045,0.010180688333333328,0.00026931166666667103,-0.0477,-0.048476318253968274,0.000776318253968275
NACA 2412,0.02,0.4,0.12,7.0,500000.0,train,0.9837,0.9854436348845599,-0.0017436348845598637,0.01244,0.012392731934824432,4.7268065175567683e-05,-0.044,-0.04470541420153918,0.0007054142015391826
NACA 2412,0.02,0.4,0.12,8.0,500000.0,train,1.0688,1.0690228063492062,-0.00022280634920623932,0.01466,0.014881776997354509,-0.00022177699735450966,-0.04,-0.03991852142857138,-8.147857142862258e-05
NACA 2412,0.02,0.4,0.12,9.0,500000.0,train,1.1507,1.141602533333334,0.00909746666666611,0.01692,0.01820121888888889,-0.0012812188888888902,-0.0356,-0.03414193862433863,-0.0014580613756613667
NACA 2412,0.02,0.4,0.12,10.0,500000.0,train,1.2211,1.213086327645504,0.008013672354496126,0.01961,0.021256764444444434,-0.0016467644444444346,-0.0297,-0.028216557142857136,-0.0014834428571428651
NACA 2412,0.02,0.4,0.12,11.0,500000.0,train,1.2771,1.2661046505531508,0.010995349446849101,0.02247,0.024131422569745067,-0.0016614225697450663,-0.022,-0.019665360305435295,-0.002334639694564704
NACA 2412,0.02,0.4,0.12,12.0,500000.0,train,1.319,1.3081529171957678,0.010847082804232189,0.02657,0.02747615039682542,-0.0009061503968254211,-0.0144,-0.013114164417989413,-0.0012858355820105864
NACA 2412,0.02,0.4,0.12,13.0,500000.0,train,1.3455,1.3412577027777772,0.004242297222222691,0.03258,0.03398910859788361,-0.0014091085978836099,-0.0081,-0.00677540674603175,-0.0013245932539682499
NACA 2412,0.02,0.4,0.12,14.0,500000.0,train,1.3717,1.3579651353174613,0.013734864682538594,0.03966,0.0384011251984127,0.0012588748015873036,-0.0049,-0.004414449603174604,-0.00048555039682539585
NACA 2414,0.02,0.4,0.14,-6.0,500000.0,train,-0.4045,-0.40877179047619017,0.00427179047619014,0.01151,0.01091737048941798,0.0005926295105820201,-0.0592,-0.057096033597883594,-0.0021039664021164084
NACA 2414,0.02,0.4,0.14,-5.0,500000.0,train,-0.2927,-0.29715653002645487,0.004456530026454852,0.01029,0.01023469882275133,5.530117724867126e-05,-0.0589,-0.05724510820105822,-0.0016548917989417794
NACA 2414,0.02,0.4,0.14,-4.0,500000.0,train,-0.1855,-0.18751821904761914,0.0020182190476191464,0.00932,0.009377233333333323,-5.723333333332303e-05,-0.0574,-0.05637810515873011,-0.0010218948412698894
NACA 2414,0.02,0.4,0.14,-3.0,500000.0,train,-0.0784,-0.0777387367123617,-0.0006612632876382973,0.00857,0.008761793620731125,-0.00019179362073112535,-0.0559,-0.0556092906806157,-0.0002907093193842969
NACA 2414,0.02,0.4,0.14,-2.0,500000.0,train,0.0284,0.02830802817460317,9.197182539683046e-05,0.0079,0.008039519126984127,-0.00013951912698412575,-0.0544,-0.05406836785714282,-0.00033163214285717585
NACA 2414,0.02,0.4,0.14,-1.0,500000.0,train,0.1331,0.13320390238095223,-0.00010390238095223103,0.00735,0.007065364867724866,0.00028463513227513365,-0.0524,-0.0521604293650793,-0.0002395706349207008
NACA 2414,0.02,0.4,0.14,0.0,500000.0,train,0.2368,0.2376136309523812,-0.0008136309523811835,0.00709,0.00690458607142857,0.00018541392857142954,-0.0499,-0.0499969349206349,9.693492063490156e-05
NACA 2414,0.02,0.4,0.14,1.0,500000.0,train,0.3386,0.34576044695767194,-0.007160446957671929,0.00717,0.007008377354497358,0.00016162264550264194,-0.0465,-0.048231151455026405,0.0017311514550264057
NACA 2414,0.02,0.4,0.14,2.0,500000.0,train,0.4521,0.45540027936507954,-0.0033002793650795392,0.00768,0.007382899113756608,0.00029710088624339184,-0.0456,-0.0469031105820106,0.0013031105820105957
NACA 2414,0.02,0.4,0.14,3.0,500000.0,train,0.6049,0.5883381920634918,0.01656180793650819,0.00836,0.00770357857142857,0.0006564214285714291,-0.0542,-0.051550100000000036,-0.002649899999999962
NACA 2414,0.02,0.4,0.14,4.0,500000.0,train,0.7427,0.7189395235449738,0.023760476455026214,0.00894,0.008466211137566146,0.0004737888624338545,-0.0602,-0.055660294973544924,-0.004539705026455072
NACA 2414,0.02,0.4,0.14,5.0,500000.0,train,0.8293,0.825980482936507,0.0033195170634929827,0.00955,0.009001681468253987,0.0005483185317460126,-0.0553,-0.05476537460317463,-0.000534625396825375
NACA 2414,0.02,0.4,0.14,7.0,500000.0,train,0.9969,1.0022572216931214,-0.005357221693121361,0.01184,0.011413303915343911,0.0004266960846560884,-0.0449,-0.046130175132275124,0.0012301751322751214
NACA 2414,0.02,0.4,0.14,8.0,500000.0,train,1.0778,1.075017279365079,0.002782720634921132,0.01366,0.014104253862433875,-0.00044425386243387467,-0.0399,-0.039703095238095204,-0.00019690476190479395
NACA 2414,0.02,0.4,0.14,9.0,500000.0,train,1.1537,1.1396830976190484,0.014016902380951546,0.01578,0.01693463208994709,-0.0011546320899470906,-0.0344,-0.03225110873015873,-0.0021488912698412674
NACA 2414,0.02,0.4,0.14,10.0,500000.0,train,1.2179,1.2104823887566147,0.007417611243385247,0.01808,0.01962551912698412,-0.0015455191269841198,-0.0271,-0.026377526190476185,-0.0007224738095238138
NACA 2414,0.02,0.4,0.14,11.0,500000.0,train,1.275,1.2654361928811924,0.009563807118807555,0.02081,0.022295471776094287,-0.0014854717760942882,-0.0198,-0.01823205580808079,-0.0015679441919192114
NACA 2414,0.02,0.4,0.14,12.0,500000.0,train,1.3212,1.310303556349206,0.010896443650793897,0.02456,0.025948798730158738,-0.0013887987301587391,-0.0129,-0.01243274087301588,-0.0004672591269841205
NACA 2414,0.02,0.4,0.14,13.0,500000.0,train,1.359,1.3497778189153433,0.009222181084656667,0.02951,0.03162020846560847,-0.0021102084656084708,-0.0073,-0.0062896129629629646,-0.0010103870370370355
NACA 2414,0.02,0.4,0.14,14.0,500000.0,train,1.3822,1.36750784431217,0.01469215568783011,0.03657,0.036145581653439125,0.00042441834656087307,-0.0033,-0.003472870105820108,0.0001728701058201082
NACA 2415,0.02,0.4,0.15,-6.0,500000.0,train,-0.3991,-0.404062525396825,0.004962525396825013,0.01135,0.011042043346560837,0.00030795665343916374,-0.0599,-0.057665028835978835,-0.002234971164021167
NACA 2415,0.02,0.4,0.15,-5.0,500000.0,train,-0.2923,-0.2952714681216931,0.002971468121693077,0.01027,0.01027913064814815,-9.130648148151024e-06,-0.0584,-0.05704398994708998,-0.0013560100529100214
NACA 2415,0.02,0.4,0.15,-4.0,500000.0,train,-0.1861,-0.1867018083333333,0.0006018083333333146,0.00941,0.009458578849206341,-4.8578849206341174e-05,-0.0567,-0.05609770753968251,-0.0006022924603174898
NACA 2415,0.02,0.4,0.15,-3.0,500000.0,train,-0.0786,-0.07780129782347282,-0.0007987021765271801,0.00873,0.008913870287397789,-0.00018387028739778877,-0.0553,-0.0551056652837903,-0.00019433471620970005
NACA 2415,0.02,0.4,0.15,-2.0,500000.0,train,0.0282,0.02798973849206348,0.00021026150793651902,0.00815,0.008179003174603175,-2.9003174603175336e-05,-0.0538,-0.05360110436507931,-0.00019889563492068996
NACA 2415,0.02,0.4,0.15,-1.0,500000.0,train,0.1331,0.13308869603174586,1.1303968254133823e-05,0.00769,0.007158410304232802,0.000531589695767198,-0.0519,-0.051850300396825366,-4.969960317463551e-05
NACA 2415,0.02,0.4,0.15,0.0,500000.0,train,0.2373,0.23731040674603202,-1.0406746032004532e-05,0.00748,0.007214938015873016,0.0002650619841269835,-0.0496,-0.04954915396825392,-5.084603174607821e-05
NACA 2415,0.02,0.4,0.15,1.0,500000.0,train,0.3403,0.34375529034391533,-0.0034552903439153404,0.00751,0.007413373796296296,9.662620370370391e-05,-0.0468,-0.04739918280423277,0.0005991828042327674
NACA 2415,0.02,0.4,0.15,2.0,500000.0,train,0.4442,0.45082855013227524,-0.006628550132275257,0.00789,0.007886656058201054,3.343941798945524e-06,-0.0438,-0.04533292500000002,0.0015329250000000183
NACA 2415,0.02,0.4,0.15,3.0,500000.0,train,0.5742,0.5776358238095239,-0.003435823809523897,0.00857,0.007835834841269835,0.0007341651587301646,-0.047,-0.04872522817460317,0.0017252281746031675
NACA 2415,0.02,0.4,0.15,4.0,500000.0,train,0.7359,0.7125191898148152,0.023380810185184786,0.00928,0.008505441256613764,0.0007745587433862361,-0.0577,-0.05396099060846557,-0.0037390093915344313
NACA 2415,0.02,0.4,0.15,5.0,500000.0,train,0.8473,0.8227421583333329,0.02455784166666719,0.00987,0.009065354682539696,0.0008046453174603042,-0.0583,-0.05373528769841273,-0.004564712301587268
NACA 2415,0.02,0.4,0.15,6.0,500000.0,train,0.926,0.9178671453703716,0.008132854629628428,0.01069,0.009747566521164026,0.0009424334788359738,-0.052,-0.050726758333333344,-0.0012732416666666538
NACA 2415,0.02,0.4,0.15,7.0,500000.0,train,1.0035,1.0039244820105817,-0.00042448201058165047,0.01183,0.01131963328042327,0.0005103667195767297,-0.0456,-0.046131256878306874,0.0005312568783068725
NACA 2415,0.02,0.4,0.15,8.0,500000.0,train,1.0807,1.0750749793650791,0.005625020634920874,0.01339,0.013979349417989425,-0.0005893494179894238,-0.0396,-0.039361925793650776,-0.0002380742063492272
NACA 2415,0.02,0.4,0.15,9.0,500000.0,train,1.1533,1.1347921107142873,0.018507889285712675,0.01533,0.01641170734126983,-0.0010817073412698296,-0.0334,-0.030440116269841264,-0.0029598837301587355
NACA 2415,0.02,0.4,0.15,10.0,500000.0,train,1.2144,1.2037850772486771,0.010614922751322808,0.01753,0.01881076448412699,-0.0012807644841269887,-0.0256,-0.02425910634920634,-0.0013408936507936613
NACA 2415,0.02,0.4,0.15,11.0,500000.0,train,1.2705,1.2591400076719566,0.011359992328043411,0.02032,0.021681722724867746,-0.001361722724867745,-0.0184,-0.016465997222222216,-0.0019340027777777838
NACA 2415,0.02,0.4,0.15,12.0,500000.0,train,1.3178,1.3055222571428569,0.012277742857143226,0.024,0.025533260436507953,-0.0015332604365079529,-0.0117,-0.011341286904761912,-0.00035871309523808834
NACA 2415,0.02,0.4,0.15,13.0,500000.0,train,1.3572,1.3462672966931208,0.010932703306879121,0.02882,0.031047289298941797,-0.0022272892989417988,-0.0063,-0.005442812962962962,-0.0008571870370370381
NACA 2415,0.02,0.4,0.15,14.0,500000.0,train,1.3836,1.364815722089948,0.018784277910051994,0.03552,0.03571058526455024,-0.00019058526455023594,-0.0023,-0.0026929201058201093,0.00039292010582010935
NACA 2421,0.02,0.4,0.21,-6.0,500000.0,train,-0.3854,-0.4018368626984122,0.016436862698412158,0.01159,0.011047607182539677,0.0005423928174603226,-0.0586,-0.05750222777777777,-0.0010977722222222305
NACA 2421,0.02,0.4,0.21,-5.0,500000.0,train,-0.2831,-0.2942840093915343,0.0111840093915343,0.01097,0.010329097473544978,0.0006409025264550224,-0.0564,-0.05689080264550269,0.0004908026455026915
NACA 2421,0.02,0.4,0.21,-4.0,500000.0,train,-0.1794,-0.18627906997354488,0.006879069973544871,0.01053,0.009541458452380937,0.000988541547619062,-0.0544,-0.05592069510582006,0.0015206951058200635
NACA 2421,0.02,0.4,0.21,-3.0,500000.0,train,-0.0762,-0.07776288115680617,0.0015628811568061673,0.01017,0.008940195287397791,0.0012298047126022092,-0.0523,-0.05506791528379029,0.0027679152837902926
NACA 2421,0.02,0.4,0.21,-2.0,500000.0,train,0.0269,0.027498588492063488,-0.0005985884920634878,0.00991,0.008353482341269843,0.0015565176587301575,-0.0502,-0.05298028492063487,0.002780284920634868
NACA 2421,0.02,0.4,0.21,-1.0,500000.0,train,0.1288,0.13040852473544956,-0.0016085247354495624,0.00972,0.008198768915343914,0.0015212310846560856,-0.0478,-0.04863585370370369,0.00083585370370369
NACA 2421,0.02,0.4,0.21,0.0,500000.0,train,0.2308,0.2357509801587304,-0.004950980158730384,0.00965,0.007953508650793648,0.0016964913492063527,-0.0455,-0.04793206984126979,0.002432069841269792
NACA 2421,0.02,0.4,0.21,1.0,500000.0,train,0.3334,0.34185977843915355,-0.008459778439153576,0.00969,0.007886419828042326,0.0018035801719576746,-0.0432,-0.046360703439153446,0.0031607034391534436
NACA 2421,0.02,0.4,0.21,2.0,500000.0,train,0.4351,0.4474447664021166,-0.012344766402116625,0.00984,0.00822754001322751,0.0016124599867724902,-0.0407,-0.04414902645502647,0.0034490264550264688
NACA 2421,0.02,0.4,0.21,3.0,500000.0,train,0.5357,0.5632884904761905,-0.027588490476190497,0.01005,0.008355774166666673,0.0016942258333333265,-0.038,-0.04473302857142859,0.006733028571428594
NACA 2421,0.02,0.4,0.21,4.0,500000.0,train,0.6326,0.6747233464285715,-0.04212334642857141,0.01043,0.008856594722222218,0.0015734052777777816,-0.0344,-0.044424513888888906,0.010024513888888906
NACA 2421,0.02,0.4,0.21,5.0,500000.0,train,0.7243,0.7685929123015884,-0.04429291230158838,0.01106,0.009378815079365084,0.001681184920634916,-0.0297,-0.040371918650793696,0.010671918650793696
NACA 2421,0.02,0.4,0.21,6.0,500000.0,train,0.8334,0.8701779124338634,-0.03677791243386341,0.01204,0.010072340925925929,0.0019676590740740716,-0.0291,-0.03869819378306881,0.009598193783068809
NACA 2421,0.02,0.4,0.21,7.0,500000.0,train,0.9852,0.970717333333332,0.014482666666667976,0.01345,0.011238044126984122,0.002211955873015878,-0.0384,-0.036565456349206354,-0.0018345436507936422
NACA 2421,0.02,0.4,0.21,8.0,500000.0,train,1.0722,1.0673703837301578,0.004829616269842241,0.0145,0.013195938386243394,0.0013040616137566068,-0.0356,-0.03584189007936507,0.00024189007936507162
NACA 2421,0.02,0.4,0.21,9.0,500000.0,train,1.097,1.132632901984129,-0.03563290198412905,0.0157,0.01623516456349206,-0.0005351645634920597,-0.0207,-0.02968832738095239,0.008988327380952392
NACA 2421,0.02,0.4,0.21,10.0,500000.0,train,1.1544,1.1975302470899467,-0.043130247089946616,0.01763,0.018362585158730155,-0.0007325851587301549,-0.0133,-0.02227096666666666,0.00897096666666666
NACA 2421,0.02,0.4,0.21,11.0,500000.0,train,1.2107,1.2487146370370363,-0.038014637037036225,0.02036,0.02133736177248678,-0.000977361772486779,-0.0072,-0.013508296031746022,0.006308296031746022
NACA 2421,0.02,0.4,0.21,12.0,500000.0,train,1.2613,1.2891535619047616,-0.027853561904761515,0.02394,0.025187514523809525,-0.0012475145238095252,-0.002,-0.007597553968253963,0.005597553968253963
NACA 2421,0.02,0.4,0.21,13.0,500000.0,train,1.3014,1.3267179427248668,-0.02531794272486687,0.02874,0.03060801604497355,-0.0018680160449735493,0.0027,-0.0011315399470899464,0.0038315399470899465
NACA 2421,0.02,0.4,0.21,14.0,500000.0,train,1.3332,1.3459740748677256,-0.012774074867725638,0.03488,0.0343509616137566,0.0005290383862434009,0.0062,0.0001945219576719576,0.006005478042328042
NACA 4412,0.04,0.4,0.12,-6.0,500000.0,train,-0.1754,-0.1686112326479077,-0.006788767352092301,0.01195,0.011173377694805193,0.000776622305194808,-0.1082,-0.10294655955988455,-0.005253440440115456
NACA 4412,0.04,0.4,0.12,-5.0,500000.0,train,-0.0664,-0.062400417328042315,-0.0039995826719576855,0.01071,0.010694074828042343,1.592517195765815e-05,-0.1071,-0.10163472777777771,-0.005465272222222289
NACA 4412,0.04,0.4,0.12,-4.0,500000.0,train,0.0432,0.04172377976190478,0.0014762202380952244,0.0097,0.009391306309523811,0.0003086936904761889,-0.1062,-0.10125265674603182,-0.004947343253968187
NACA 4412,0.04,0.4,0.12,-3.0,500000.0,train,0.1533,0.15025214920634922,0.003047850793650775,0.00897,0.008199901494709002,0.0007700985052909986,-0.1055,-0.10194432380952376,-0.0035556761904762396
NACA 4412,0.04,0.4,0.12,-2.0,500000.0,train,0.2633,0.259522396031746,0.0037776039682539952,0.00845,0.007882132539682533,0.0005678674603174661,-0.1048,-0.1012093404761904,-0.003590659523809603
NACA 4412,0.04,0.4,0.12,-1.0,500000.0,train,0.3724,0.3713975078042331,0.0010024921957669242,0.00805,0.0077205492063492035,0.00032945079365079635,-0.104,-0.1009662625661376,-0.003033737433862399
NACA 4412,0.04,0.4,0.12,1.0,500000.0,train,0.598,0.5834257210317456,0.014574278968254362,0.00706,0.007179529404761906,-0.00011952940476190558,-0.1034,-0.09812368743386245,-0.005276312566137559
NACA 4412,0.04,0.4,0.12,2.0,500000.0,train,0.7013,0.6904810324074078,0.010818967592592266,0.00761,0.007279047063492066,0.0003309529365079335,-0.1015,-0.0970101727513228,-0.004489827248677206
NACA 4412,0.04,0.4,0.12,3.0,500000.0,train,0.8063,0.8044334243386243,0.0018665756613757134,0.00821,0.007442324920634924,0.0007676750793650759,-0.1001,-0.09826055767195797,-0.0018394423280420208
NACA 4412,0.04,0.4,0.12,4.0,500000.0,train,0.9111,0.9093663298941804,0.0017336701058195958,0.00887,0.008027373664021158,0.0008426263359788411,-0.0987,-0.0962262764550265,-0.002473723544973494
NACA 4412,0.04,0.4,0.12,5.0,500000.0,train,1.0144,1.0152858751803753,-0.0008858751803753062,0.00956,0.008682496013708517,0.0008775039862914842,-0.0972,-0.09567324838864845,-0.0015267516113515456
NACA 4412,0.04,0.4,0.12,6.0,500000.0,train,1.1149,1.115892460582011,-0.0009924605820110788,0.01034,0.00971278338624338,0.0006272166137566201,-0.0952,-0.0928385021164021,-0.0023614978835979072
NACA 4412,0.04,0.4,0.12,7.0,500000.0,train,1.2092,1.1968108279100516,0.012389172089948497,0.01144,0.011117417936507945,0.00032258206349205544,-0.0923,-0.08935203174603173,-0.0029479682539682583
NACA 4412,0.04,0.4,0.12,9.0,500000.0,train,1.3415,1.3569104082010577,-0.015410408201057768,0.01674,0.01676975076719577,-2.9750767195767247e-05,-0.0782,-0.07602535052910056,-0.002174649470899445
NACA 4412,0.04,0.4,0.12,10.0,500000.0,train,1.3869,1.398154343121693,-0.011254343121692933,0.02023,0.01951347051587303,0.0007165294841269716,-0.0688,-0.06855650846560844,-0.00024349153439155724
NACA 4412,0.04,0.4,0.12,11.0,500000.0,train,1.4292,1.4301176883597884,-0.0009176883597883378,0.02419,0.024183065396825406,6.934603174593712e-06,-0.0605,-0.058497263624338644,-0.002002736375661354
NACA 4412,0.04,0.4,0.12,12.0,500000.0,train,1.4601,1.457730685185185,0.002369314814814949,0.02952,0.030135331322751348,-0.0006153313227513467,-0.053,-0.05014201481481481,-0.002857985185185187
NACA 4412,0.04,0.4,0.12,13.0,500000.0,train,1.4822,1.4734308026455027,0.008769197354497216,0.03643,0.034603075370370384,0.001826924629629613,-0.0472,-0.04610711560846561,-0.0010928843915343905
NACA 4412,0.04,0.4,0.12,14.0,500000.0,train,1.488,1.455907067460316,0.03209293253968393,0.04595,0.0399045140079365,0.006045485992063497,-0.0432,-0.0428166027777778,-0.0003833972222221996
NACA 4421,0.04,0.4,0.21,-6.0,500000.0,train,-0.1636,-0.16809167312409828,0.004491673124098289,0.01176,0.011298542059884557,0.0004614579401154423,-0.1018,-0.1022396690836941,0.00043966908369409696
NACA 4421,0.04,0.4,0.21,-5.0,500000.0,train,-0.0582,-0.06273240939153436,0.004532409391534362,0.01127,0.01082491903439155,0.0004450809656084513,-0.1002,-0.10064294285714279,0.000442942857142789
NACA 4421,0.04,0.4,0.21,-4.0,500000.0,train,0.0466,0.04188923690476194,0.00471076309523806,0.01091,0.010045018769841273,0.0008649812301587262,-0.0984,-0.09810418280423285,-0.00029581719576715626
NACA 4421,0.04,0.4,0.21,-3.0,500000.0,train,0.151,0.14678570661375667,0.004214293386243323,0.01069,0.00911157752645503,0.00157842247354497,-0.0965,-0.0964989068783069,-1.0931216931076015e-06
NACA 4421,0.04,0.4,0.21,-2.0,500000.0,train,0.2542,0.253028975925926,0.0011710240740739897,0.01056,0.008935442592592588,0.001624557407407412,-0.0944,-0.09497429510582006,0.0005742951058200635
NACA 4421,0.04,0.4,0.21,-1.0,500000.0,train,0.3564,0.3581463716931218,-0.0017463716931218065,0.0105,0.008951180515873014,0.0015488194841269867,-0.0922,-0.0931500563492064,0.0009500563492063907
NACA 4421,0.04,0.4,0.21,0.0,500000.0,train,0.4567,0.46198894735449736,-0.005288947354497364,0.01036,0.00885101566137567,0.0015089843386243296,-0.0898,-0.0912666078042328,0.0014666078042328001
NACA 4421,0.04,0.4,0.21,1.0,500000.0,train,0.5559,0.5651625280423277,-0.009262528042327745,0.01031,0.008778711494708987,0.0015312885052910126,-0.0872,-0.08974018002645505,0.0025401800264550495
NACA 4421,0.04,0.4,0.21,2.0,500000.0,train,0.6544,0.665358621693122,-0.010958621693122006,0.0104,0.008978427658730153,0.0014215723412698469,-0.0842,-0.08689161997354496,0.002691619973544959
NACA 4421,0.04,0.4,0.21,3.0,500000.0,train,0.748,0.7509471451058202,-0.0029471451058201703,0.01065,0.009646461058201062,0.0010035389417989374,-0.08,-0.08108427632275132,0.0010842763227513208
NACA 4421,0.04,0.4,0.21,4.0,500000.0,train,0.8495,0.8584563487133238,-0.008956348713323736,0.01127,0.009801860888648393,0.001468139111351607,-0.0773,-0.08014447384559889,0.0028444738455988966
NACA 4421,0.04,0.4,0.21,5.0,500000.0,train,1.0095,0.9797654186988931,0.029734581301106955,0.01228,0.010172151635401635,0.0021078483645983644,-0.0881,-0.08285595804473307,-0.005244041955266926
NACA 4421,0.04,0.4,0.21,6.0,500000.0,train,1.0518,1.064981117857143,-0.013181117857142821,0.01278,0.011184376494708997,0.0015956235052910026,-0.075,-0.0773340861111111,0.0023340861111111055
NACA 4421,0.04,0.4,0.21,7.0,500000.0,train,1.1252,1.1380915125661382,-0.012891512566138186,0.01377,0.012745461917989417,0.0010245380820105825,-0.0687,-0.0714805084656085,0.002780508465608497
NACA 4421,0.04,0.4,0.21,8.0,500000.0,train,1.1998,1.2118390973544975,-0.012039097354497486,0.0151,0.013782473518518513,0.0013175264814814878,-0.0633,-0.0669491907407408,0.0036491907407407986
NACA 4421,0.04,0.4,0.21,9.0,500000.0,train,1.271,1.289272965873016,-0.018272965873016078,0.01687,0.016273680000000016,0.0005963199999999835,-0.0582,-0.06050500304232803,0.00230500304232803
NACA 4421,0.04,0.4,0.21,10.0,500000.0,train,1.3356,1.3434162240259737,-0.007816224025973817,0.01922,0.019083638787878787,0.00013636121212121446,-0.0529,-0.055077279256854295,0.002177279256854292
NACA 4421,0.04,0.4,0.21,11.0,500000.0,train,1.39,1.398471159656084,-0.008471159656084026,0.02242,0.023347830066137578,-0.0009278300661375791,-0.0473,-0.04939837579365081,0.0020983757936508113
NACA 4421,0.04,0.4,0.21,12.0,500000.0,train,1.4354,1.4394581502645505,-0.004058150264550475,0.02659,0.02902276685185188,-0.00243276685185188,-0.0418,-0.04363529232804232,0.0018352923280423247
NACA 4421,0.04,0.4,0.21,13.0,500000.0,train,1.4711,1.462495038095238,0.00860496190476212,0.032,0.03407685722222221,-0.0020768572222222073,-0.0369,-0.039185518253968224,0.0022855182539682217
NACA 4421,0.04,0.4,0.21,14.0,500000.0,train,1.4924,1.46765882142857,0.02474117857142999,0.03917,0.03805316289682541,0.0011168371031745963,-0.0324,-0.037107925793650805,0.0047079257936508065
NACA 4424,0.04,0.4,0.24,-6.0,500000.0,train,-0.1558,-0.16768675645743158,0.011886756457431591,0.01231,0.011305117059884557,0.0010048829401154424,-0.0997,-0.10220764130591632,0.002507641305916325
NACA 4424,0.04,0.4,0.24,-5.0,500000.0,train,-0.0563,-0.062276309391534355,0.005976309391534353,0.01192,0.010868182367724879,0.0010518176322751212,-0.097,-0.10045450396825387,0.0034545039682538636
NACA 4424,0.04,0.4,0.24,-4.0,500000.0,train,0.0433,0.039922277777777786,0.0033777222222222125,0.01167,0.010115159603174606,0.0015548403968253938,-0.0942,-0.09628094828042327,0.002080948280423267
NACA 4424,0.04,0.4,0.24,-3.0,500000.0,train,0.1419,0.1388153673280425,0.0030846326719574935,0.01152,0.009644571375661376,0.0018754286243386244,-0.0913,-0.09159192791005291,0.0002919279100529054
NACA 4424,0.04,0.4,0.24,-2.0,500000.0,train,0.2397,0.24112239682539666,-0.0014223968253966601,0.01146,0.009599046084656102,0.0018609539153438982,-0.0882,-0.08920621838624339,0.0010062183862433877
NACA 4424,0.04,0.4,0.24,-1.0,500000.0,train,0.3366,0.34317974417989416,-0.006579744179894154,0.01142,0.00957269273809523,0.0018473072619047699,-0.0851,-0.08722707288359789,0.002127072883597897
NACA 4424,0.04,0.4,0.24,0.0,500000.0,train,0.4322,0.44252570489418,-0.010325704894180054,0.01139,0.009534090899470897,0.0018559091005291035,-0.0818,-0.08463384431216936,0.002833844312169362
NACA 4424,0.04,0.4,0.24,1.0,500000.0,train,0.525,0.5371160121693116,-0.012116012169311574,0.01139,0.009634320026455034,0.0017556799735449664,-0.0781,-0.0810253435185185,0.002925343518518503
NACA 4424,0.04,0.4,0.24,2.0,500000.0,train,0.6146,0.6360455030423279,-0.02144550304232784,0.01149,0.009721870119047602,0.001768129880952398,-0.0737,-0.0783909616402117,0.004690961640211697
NACA 4424,0.04,0.4,0.24,3.0,500000.0,train,0.7082,0.7344848365560361,-0.026284836556036084,0.01185,0.01007522184824435,0.0017747781517556491,-0.0702,-0.07611341629389129,0.005913416293891291
NACA 4424,0.04,0.4,0.24,4.0,500000.0,train,0.798,0.8332403281265031,-0.03524032812650302,0.01228,0.010497088861231366,0.0017829111387686336,-0.066,-0.07356189543049538,0.0075618954304953745
NACA 4424,0.04,0.4,0.24,5.0,500000.0,train,0.8791,0.9318783065295814,-0.052778306529581376,0.013,0.010935171542809043,0.0020648284571909564,-0.0598,-0.07097167510822515,0.01117167510822515
NACA 4424,0.04,0.4,0.24,6.0,500000.0,train,1.0199,1.0314645998677237,-0.011564599867723624,0.0143,0.012371750238095251,0.0019282497619047493,-0.0672,-0.0691628256613756,0.0019628256613756084
NACA 4424,0.04,0.4,0.24,7.0,500000.0,train,1.0762,1.1110990924603175,-0.034899092460317416,0.01528,0.013587153690476186,0.0016928463095238142,-0.0586,-0.06514499986772497,0.006544999867724971
NACA 4424,0.04,0.4,0.24,8.0,500000.0,train,1.145,1.1810702271164029,-0.03607022711640284,0.01677,0.01471057847522847,0.0020594215247715306,-0.0529,-0.06003474059644065,0.007134740596440647
NACA 4424,0.04,0.4,0.24,9.0,500000.0,train,1.2128,1.255182674867725,-0.042382674867724957,0.01879,0.017210170701058194,0.0015798292989418067,-0.048,-0.05352372169312171,0.005523721693121708
NACA 4424,0.04,0.4,0.24,10.0,500000.0,train,1.2743,1.3097513631794124,-0.03545136317941244,0.02144,0.020114424898989902,0.0013255751010100986,-0.0431,-0.04828511973304473,0.005185119733044731
NACA 4424,0.04,0.4,0.24,11.0,500000.0,train,1.3284,1.3675606382275114,-0.03916063822751137,0.02488,0.02474705058201058,0.00013294941798941765,-0.0384,-0.04213822182539681,0.0037382218253968133
NACA 4424,0.04,0.4,0.24,12.0,500000.0,train,1.3739,1.4076394510582007,-0.03373945105820075,0.02932,0.030247458452380947,-0.0009274584523809477,-0.0338,-0.0363659447089947,0.0025659447089947038
NACA 4424,0.04,0.4,0.24,13.0,500000.0,train,1.4124,1.4310977486772485,-0.018697748677248383,0.03473,0.03438480736772485,0.00034519263227515,-0.0298,-0.033332350264550274,0.003532350264550274
NACA 4424,0.04,0.4,0.24,14.0,500000.0,train,1.4415,1.4382040149470896,0.0032959850529103996,0.0414,0.036931060502645496,0.004468939497354503,-0.0264,-0.03303322288359791,0.006633222883597911
NACA 6409,0.06,0.4,0.09,-6.0,500000.0,train,0.0407,0.043274515921115954,-0.002574515921115954,0.01737,0.012500490793650787,0.004869509206349213,-0.1548,-0.1539993786916787,-0.0008006213083212865
NACA 6409,0.06,0.4,0.09,-4.0,500000.0,train,0.2614,0.2607961566137566,0.0006038433862434189,0.01094,0.008598658121693118,0.0023413418783068823,-0.1554,-0.15417459232804234,-0.0012254076719576679
NACA 6409,0.06,0.4,0.09,-3.0,500000.0,train,0.3729,0.37381368015873057,-0.0009136801587305565,0.00953,0.007989388994709001,0.0015406110052909993,-0.1552,-0.1541132412698413,-0.0010867587301587045
NACA 6409,0.06,0.4,0.09,-2.0,500000.0,train,0.4839,0.4847319277176525,-0.0008319277176525031,0.00876,0.007704813305675817,0.0010551866943241837,-0.1548,-0.15400449151034135,-0.0007955084896586473
NACA 6409,0.06,0.4,0.09,-1.0,500000.0,train,0.594,0.5964208023809524,-0.002420802380952436,0.00839,0.007484158571428573,0.0009058414285714267,-0.1544,-0.15362079444444462,-0.0007792055555553845
NACA 6409,0.06,0.4,0.09,0.0,500000.0,train,0.7027,0.7047835718975475,-0.002083571897547487,0.00827,0.007706826861471857,0.0005631731385281422,-0.1538,-0.15277149240019247,-0.001028507599807521
NACA 6409,0.06,0.4,0.09,1.0,500000.0,train,0.8039,0.8108737055555563,-0.00697370555555632,0.00714,0.007412784100529109,-0.0002727841005291092,-0.1518,-0.15124868306878317,-0.000551316931216822
NACA 6409,0.06,0.4,0.09,2.0,500000.0,train,0.9102,0.9097582686507943,0.00044173134920566515,0.00777,0.007681028108465602,8.897189153439771e-05,-0.1507,-0.1505589414021164,-0.0001410585978836032
NACA 6409,0.06,0.4,0.09,3.0,500000.0,train,1.0162,1.0164574585978834,-0.00025745859788339764,0.00847,0.007892832976190475,0.0005771670238095255,-0.1498,-0.14965216693121675,-0.00014783306878324298
NACA 6409,0.06,0.4,0.09,4.0,500000.0,train,1.1217,1.1302372908730163,-0.008537290873016357,0.0092,0.008617886177248677,0.0005821138227513224,-0.1489,-0.1486631191798943,-0.00023688082010570044
NACA 6409,0.06,0.4,0.09,5.0,500000.0,train,1.2262,1.2298987758177011,-0.003698775817701172,0.00996,0.009292062753727745,0.0006679372462722547,-0.1479,-0.14774173500481008,-0.00015826499518992176
NACA 6409,0.06,0.4,0.09,6.0,500000.0,train,1.3224,1.3333459366402125,-0.010945936640212484,0.01079,0.010189231150793655,0.0006007688492063439,-0.1453,-0.14560785052910058,0.0003078505291005673
NACA 6409,0.06,0.4,0.09,7.0,500000.0,train,1.4146,1.4183759279100543,-0.003775927910054211,0.0119,0.011596276666666672,0.0003037233333333285,-0.1421,-0.142506323015873,0.0004063230158729836
NACA 6409,0.06,0.4,0.09,8.0,500000.0,train,1.4496,1.4758822873015873,-0.026282287301587326,0.01667,0.016406816428571426,0.00026318357142857476,-0.13,-0.13041654484126977,0.000416544841269767
NACA 6409,0.06,0.4,0.09,9.0,500000.0,train,1.4724,1.495998773809523,-0.023598773809523133,0.02156,0.024339040066137567,-0.0027790400661375676,-0.1165,-0.112048353968254,-0.004451646031746012
NACA 6409,0.06,0.4,0.09,10.0,500000.0,train,1.5037,1.497859451587301,0.005840548412699098,0.02634,0.028317875542328046,-0.0019778755423280475,-0.1062,-0.1044303748677249,-0.0017696251322751044
NACA 6409,0.06,0.4,0.09,11.0,500000.0,train,1.5244,1.503066962037037,0.021333037962963042,0.03265,0.03509987595238093,-0.0024498759523809283,-0.0971,-0.09477076944444444,-0.0023292305555555615
NACA 6409,0.06,0.4,0.09,12.0,500000.0,train,1.5277,1.4922142582010578,0.03548574179894226,0.04155,0.03999315419312167,0.0015568458068783292,-0.0893,-0.08814351534391537,-0.0011564846560846304
NACA 6409,0.06,0.4,0.09,13.0,500000.0,train,1.5364,1.4581098546296298,0.07829014537037016,0.05104,0.044190099140211644,0.006849900859788358,-0.0843,-0.08092466137566147,-0.003375338624338531
NACA 6409,0.06,0.4,0.09,14.0,500000.0,train,1.0211,1.380889513359789,-0.35978951335978904,0.05335,0.04800649715608461,0.005343502843915389,-0.0367,-0.06816807328042333,0.03146807328042333
NACA 6412,0.06,0.4,0.12,-6.0,500000.0,train,0.0462,0.043932362349687365,0.002267637650312633,0.01256,0.01220431587301587,0.00035568412698413,-0.1541,-0.1536337080567582,-0.0004662919432417978
NACA 6412,0.06,0.4,0.12,-5.0,500000.0,train,0.157,0.14871428511303525,0.008285714886964751,0.01123,0.0090624493109668,0.002167550689033201,-0.1538,-0.15317735608465619,-0.0006226439153438068
NACA 6412,0.06,0.4,0.12,-4.0,500000.0,train,0.2683,0.2634134842592592,0.004886515740740782,0.01021,0.008469926640211635,0.0017400733597883657,-0.1534,-0.15316385158730164,-0.00023614841269836706
NACA 6412,0.06,0.4,0.12,-3.0,500000.0,train,0.3794,0.3775550750000006,0.0018449249999994422,0.00959,0.008081864986772483,0.001508135013227517,-0.153,-0.1532697587301588,0.00026975873015880336
NACA 6412,0.06,0.4,0.12,-2.0,500000.0,train,0.4897,0.4887288383597888,0.0009711616402112155,0.00921,0.00785585596560847,0.0013541440343915294,-0.1524,-0.15288882076719582,0.0004888207671958078
NACA 6412,0.06,0.4,0.12,-1.0,500000.0,train,0.5985,0.5982754206349202,0.00022457936507980225,0.00905,0.007783292843915337,0.001266707156084664,-0.1517,-0.15242408306878305,0.0007240830687830491
NACA 6412,0.06,0.4,0.12,0.0,500000.0,train,0.7058,0.7055756448412702,0.00022435515872976097,0.00907,0.00788361515873016,0.0011863848412698406,-0.1507,-0.15196599153439158,0.0012659915343915806
NACA 6412,0.06,0.4,0.12,1.0,500000.0,train,0.8068,0.8124845718253976,-0.005684571825397611,0.00792,0.007497031521164028,0.00042296847883597187,-0.1486,-0.15096088743386255,0.002360887433862535
NACA 6412,0.06,0.4,0.12,2.0,500000.0,train,0.9129,0.9097829000000005,0.0031170999999995397,0.00855,0.007745036164021157,0.0008049638359788431,-0.1475,-0.15030791719576717,0.0028079171957671734
NACA 6412,0.06,0.4,0.12,3.0,500000.0,train,1.0186,1.0136928514550263,0.00490714854497365,0.00922,0.008042416111111107,0.0011775838888888942,-0.1464,-0.14899954391534373,0.002599543915343727
NACA 6412,0.06,0.4,0.12,4.0,500000.0,train,1.1237,1.1306824297619047,-0.006982429761904774,0.00992,0.008669284510582008,0.0012507154894179917,-0.1453,-0.1484079191798943,0.0031079191798942807
NACA 6412,0.06,0.4,0.12,5.0,500000.0,train,1.227,1.2301660258177007,-0.003166025817700646,0.01069,0.009325367753727744,0.0013646322462722554,-0.1441,-0.14756029611592114,0.0034602961159211354
NACA 6412,0.06,0.4,0.12,6.0,500000.0,train,1.327,1.3338167802910066,-0.00681678029100663,0.01149,0.010187322261904766,0.0013026777380952346,-0.1423,-0.14547768068783076,0.003177680687830753
NACA 6412,0.06,0.4,0.12,7.0,500000.0,train,1.4174,1.4283532906084648,-0.010953290608464838,0.01231,0.011019040264550264,0.0012909597354497353,-0.1387,-0.14239894550264545,0.003698945502645462
NACA 6412,0.06,0.4,0.12,8.0,500000.0,train,1.4996,1.506429207936508,-0.006829207936507986,0.01332,0.01418281047619048,-0.0008628104761904797,-0.1336,-0.13269398134920635,-0.0009060186507936496
NACA 6412,0.06,0.4,0.12,9.0,500000.0,train,1.5647,1.5582252481481478,0.006474751851852201,0.01506,0.019330468955026457,-0.004270468955026457,-0.1261,-0.11778439365079371,-0.008315606349206278
NACA 6412,0.06,0.4,0.12,10.0,500000.0,train,1.5983,1.5770914390211646,0.0212085609788355,0.01887,0.022656696613756622,-0.003786696613756621,-0.1148,-0.11072250502645507,-0.004077494973544926
NACA 6412,0.06,0.4,0.12,11.0,500000.0,train,1.6,1.5863770740740746,0.013622925925925511,0.02545,0.02961784234126984,-0.00416784234126984,-0.1017,-0.09967452857142857,-0.0020254714285714293
NACA 6412,0.06,0.4,0.12,12.0,500000.0,train,1.601,1.589992460582011,0.011007539417988932,0.03333,0.035405073425925915,-0.0020750734259259163,-0.0917,-0.09253756481481479,0.0008375648148147841
NACA 6412,0.06,0.4,0.12,13.0,500000.0,train,1.6042,1.5744491308201056,0.029750869179894446,0.04236,0.03962439882275129,0.002735601177248713,-0.0848,-0.0876017470899471,0.0028017470899470986
NACA 6412,0.06,0.4,0.12,14.0,500000.0,train,1.5971,1.4816557760582008,0.1154442239417992,0.05385,0.04516217116402113,0.008687828835978871,-0.0802,-0.07456850780423285,-0.0056314921957671404
NACA 0006,0.0,0.0,0.06,-6.0,1000000.0,train,-0.6481,-0.6529739359788358,0.004873935978835786,0.01329,0.013560332129629652,-0.00027033212962965236,-0.003,-0.002343807936507937,-0.0006561920634920631
NACA 0006,0.0,0.0,0.06,-5.0,1000000.0,train,-0.5474,-0.5527304999999999,0.005330499999999905,0.01022,0.010474477301587305,-0.00025447730158730496,-0.001,-0.00019739285714285714,-0.0008026071428571429
NACA 0006,0.0,0.0,0.06,-4.0,1000000.0,train,-0.4438,-0.45342270145502683,0.00962270145502686,0.00847,0.008526927235449741,-5.692723544974132e-05,0.0005,0.0019822320105820097,-0.0014822320105820097
NACA 0006,0.0,0.0,0.06,-3.0,1000000.0,train,-0.3407,-0.345561907804233,0.004861907804233012,0.00716,0.006830935462962957,0.0003290645370370429,0.0021,0.0023035395502645504,-0.00020353955026455048
NACA 0006,0.0,0.0,0.06,-2.0,1000000.0,train,-0.2407,-0.23035725562770545,-0.010342744372294543,0.0053,0.005285316208513708,1.4683791486292015e-05,0.0035,0.0007957155483405486,0.0027042844516594515
NACA 0006,0.0,0.0,0.06,0.0,1000000.0,train,0.0,0.0,0.0,0.00334,0.003805479695767198,-0.00046547969576719774,-0.0,0.0,-0.0
NACA 0006,0.0,0.0,0.06,1.0,1000000.0,train,0.1282,0.12174313174603155,0.006456868253968462,0.00388,0.004285325039682539,-0.0004053250396825387,-0.0026,-0.001554862962962964,-0.0010451370370370358
NACA 0006,0.0,0.0,0.06,2.0,1000000.0,train,0.2407,0.23105478320105807,0.009645216798941925,0.0053,0.005291325859788357,8.674140211642825e-06,-0.0035,-0.0009167376984126979,-0.0025832623015873022
NACA 0006,0.0,0.0,0.06,3.0,1000000.0,train,0.3407,0.34487208813131337,-0.004172088131313367,0.00716,0.006823391756854261,0.0003366082431457383,-0.0021,-0.002055916943241945,-4.4083056758054736e-05
NACA 0006,0.0,0.0,0.06,4.0,1000000.0,train,0.4438,0.45335931388888934,-0.009559313888889365,0.00847,0.00851829810846561,-4.8298108465610196e-05,-0.0005,-0.002001584523809522,0.001501584523809522
NACA 0006,0.0,0.0,0.06,5.0,1000000.0,train,0.5474,0.5542860757936509,-0.006886075793650859,0.01022,0.010224471349206357,-4.4713492063572224e-06,0.001,-0.00012521230158730153,0.0011252123015873016
NACA 0006,0.0,0.0,0.06,6.0,1000000.0,train,0.6481,0.6552600859788354,-0.00716008597883544,0.01329,0.014443349444444455,-0.0011533494444444549,0.003,0.0022265749999999993,0.0007734250000000008
NACA 0006,0.0,0.0,0.06,7.0,1000000.0,train,0.726,0.7541592021164027,-0.02815920211640277,0.02847,0.016576390648148132,0.011893609351851867,0.0084,0.003685315343915342,0.004714684656084657
NACA 0008,0.0,0.0,0.08,-6.0,1000000.0,train,-0.666,-0.6699783567460311,0.0039783567460310865,0.01045,0.01088790170634922,-0.0004379017063492214,0.0002,0.0008417972222222228,-0.0006417972222222228
NACA 0008,0.0,0.0,0.08,-5.0,1000000.0,train,-0.5672,-0.5682409071428574,0.001040907142857317,0.00914,0.009572428968253967,-0.0004324289682539669,0.0027,0.0026822301587301586,1.7769841269841494e-05
NACA 0008,0.0,0.0,0.08,-4.0,1000000.0,train,-0.4693,-0.461632032804233,-0.0076679671957670115,0.00804,0.008139787923280418,-9.978792328041788e-05,0.0053,0.0033429439153439128,0.0019570560846560872
NACA 0008,0.0,0.0,0.08,-3.0,1000000.0,train,-0.3626,-0.34668929351851846,-0.015910706481481518,0.00669,0.006704539351851848,-1.453935185184805e-05,0.0056,0.0021628466931216932,0.0034371533068783067
NACA 0008,0.0,0.0,0.08,-2.0,1000000.0,train,-0.2218,-0.22667404927849902,0.004874049278499021,0.00525,0.005316224343434342,-6.622434343434187e-05,-0.0017,-0.00023911778499278484,-0.001460882215007215
NACA 0008,0.0,0.0,0.08,-1.0,1000000.0,train,-0.0999,-0.11280580317460324,0.012905803174603242,0.00429,0.004513114285714287,-0.00022311428571428638,-0.0038,-0.0004837853174603173,-0.003316214682539683
NACA 0008,0.0,0.0,0.08,0.0,1000000.0,train,-0.0,0.0,-0.0,0.0039,0.004108348862433863,-0.0002083488624338636,0.0,0.0,0.0
NACA 0008,0.0,0.0,0.08,1.0,1000000.0,train,0.0999,0.11358037936507924,-0.013680379365079237,0.00429,0.004503275238095238,-0.00021327523809523772,0.0038,0.00043381640211640214,0.0033661835978835977
NACA 0008,0.0,0.0,0.08,2.0,1000000.0,train,0.2218,0.22818535423280414,-0.006385354232804147,0.00525,0.005327292566137567,-7.729256613756702e-05,0.0017,-5.4053968253968294e-05,0.001754053968253968
NACA 0008,0.0,0.0,0.08,3.0,1000000.0,train,0.3626,0.3456782331048582,0.0169217668951418,0.00669,0.006692135129870134,-2.1351298701340754e-06,-0.0056,-0.0018970903559403563,-0.0037029096440596436
NACA 0008,0.0,0.0,0.08,4.0,1000000.0,train,0.4693,0.46111232777777794,0.008187672222222053,0.00804,0.008168841428571431,-0.00012884142857143115,-0.0053,-0.0033247603174603167,-0.0019752396825396834
NACA 0008,0.0,0.0,0.08,5.0,1000000.0,train,0.5672,0.5680359083333333,-0.0008359083333332462,0.00914,0.009546653452380947,-0.0004066534523809468,-0.0027,-0.0026657841269841285,-3.42158730158716e-05
NACA 0008,0.0,0.0,0.08,6.0,1000000.0,train,0.666,0.6638380236772484,0.002161976322751613,0.01045,0.011868124285714291,-0.0014181242857142923,-0.0002,0.0003480063492063491,-0.0005480063492063491
NACA 0008,0.0,0.0,0.08,7.0,1000000.0,train,0.7648,0.7615067029100526,0.003293297089947411,0.01228,0.014342913902116401,-0.002062913902116402,0.002,0.0025589288359788346,-0.0005589288359788345
NACA 0008,0.0,0.0,0.08,8.0,1000000.0,train,0.861,0.8628320079365077,-0.001832007936507729,0.01481,0.014965486825396824,-0.00015548682539682362,0.0042,0.004005703439153439,0.00019429656084656109
NACA 0008,0.0,0.0,0.08,9.0,1000000.0,train,0.9571,0.957535398412698,-0.00043539841269801816,0.01728,0.018277809497354504,-0.0009978094973545036,0.0062,0.005973786111111116,0.0002262138888888838
NACA 0008,0.0,0.0,0.08,10.0,1000000.0,train,1.0363,1.0358265501322756,0.0004734498677243515,0.02269,0.02267567115079362,1.4328849206379779e-05,0.0098,0.008671621825396826,0.0011283781746031733
NACA 0008,0.0,0.0,0.08,11.0,1000000.0,train,1.0981,1.1323243953703692,-0.03422439537036914,0.02969,0.02482774634920638,0.004862253650793621,0.014,0.011727360185185184,0.0022726398148148162
NACA 0008,0.0,0.0,0.08,12.0,1000000.0,train,1.137,1.184346359656084,-0.047346359656083914,0.03678,0.030868682208994695,0.005911317791005306,0.0183,0.015020250529100517,0.003279749470899483
NACA 0009,0.0,0.0,0.09,-6.0,1000000.0,train,-0.6788,-0.6783672468253963,-0.0004327531746036728,0.01012,0.010445166825396833,-0.0003251668253968325,0.0026,0.0023050734126984127,0.0002949265873015872
NACA 0009,0.0,0.0,0.09,-5.0,1000000.0,train,-0.5833,-0.5756519047619048,-0.007648095238095287,0.00902,0.009224421640211642,-0.00020442164021164215,0.0058,0.003921346428571432,0.0018786535714285678
NACA 0009,0.0,0.0,0.09,-4.0,1000000.0,train,-0.48,-0.46465762526455023,-0.015342374735449749,0.00791,0.007959886137566137,-4.988613756613629e-05,0.007,0.00344826177248677,0.00355173822751323
NACA 0009,0.0,0.0,0.09,-3.0,1000000.0,train,-0.3402,-0.3395199773809518,-0.0006800226190482039,0.00645,0.006518992142857134,-6.89921428571336e-05,-0.0001,3.7113492063492175e-05,-0.00013711349206349218
NACA 0009,0.0,0.0,0.09,-2.0,1000000.0,train,-0.2091,-0.21909160880230877,0.00999160880230876,0.00529,0.005414850652958156,-0.00012485065295815556,-0.0046,-0.0020938213564213556,-0.0025061786435786443
NACA 0009,0.0,0.0,0.09,0.0,1000000.0,train,-0.0,0.0,-0.0,0.0043,0.004487943458393457,-0.00018794345839345718,0.0,0.0,0.0
NACA 0009,0.0,0.0,0.09,2.0,1000000.0,train,0.2091,0.21855591137566135,-0.009455911375661347,0.00529,0.005415463240740746,-0.00012546324074074518,0.0046,0.002248512301587302,0.002351487698412698
NACA 0009,0.0,0.0,0.09,3.0,1000000.0,train,0.3402,0.3401649255651753,3.5074434824700074e-05,0.00645,0.006541593965848967,-9.159396584896683e-05,0.0001,-0.00019201151996152017,0.0002920115199615202
NACA 0009,0.0,0.0,0.09,4.0,1000000.0,train,0.48,0.46489237500000014,0.015107624999999847,0.00791,0.00792436666666667,-1.4366666666669817e-05,-0.007,-0.0035177234126984123,-0.003482276587301588
NACA 0009,0.0,0.0,0.09,5.0,1000000.0,train,0.5833,0.5762707031746033,0.007029296825396769,0.00902,0.009198889761904772,-0.0001788897619047717,-0.0058,-0.003998974999999998,-0.0018010250000000012
NACA 0009,0.0,0.0,0.09,6.0,1000000.0,train,0.6787,0.6790649165343917,-0.000364916534391746,0.01012,0.010539811507936515,-0.00041981150793651487,-0.0026,-0.0024000092592592575,-0.00019999074074074233
NACA 0009,0.0,0.0,0.09,7.0,1000000.0,train,0.7748,0.7746611253968251,0.00013887460317496547,0.01151,0.012054881230158732,-0.0005448812301587329,0.0004,0.00040256944444444444,-2.569444444444418e-06
NACA 0009,0.0,0.0,0.09,8.0,1000000.0,train,0.8719,0.8703410281144778,0.0015589718855222312,0.01317,0.013798861939634447,-0.000628861939634448,0.0028,0.0029928545334295333,-0.0001928545334295333
NACA 0009,0.0,0.0,0.09,9.0,1000000.0,train,0.966,0.9671314526455024,-0.0011314526455024065,0.0155,0.015914281838624353,-0.00041428183862435297,0.0053,0.005002064682539687,0.0002979353174603133
NACA 0009,0.0,0.0,0.09,10.0,1000000.0,train,1.0531,1.0548264624338621,-0.001726462433862208,0.01876,0.01899557206349206,-0.00023557206349206217,0.0083,0.007695944841269841,0.0006040551587301593
NACA 0009,0.0,0.0,0.09,11.0,1000000.0,train,1.1388,1.142030157010581,-0.0032301570105810473,0.02176,0.02246379039682541,-0.0007037903968254086,0.0111,0.011087044576719576,1.2955423280424858e-05
NACA 0009,0.0,0.0,0.09,12.0,1000000.0,train,1.2004,1.1944930764550263,0.005906923544973575,0.02704,0.028991354907407393,-0.0019513549074073912,0.0158,0.015825270238095223,-2.527023809522147e-05
NACA 0009,0.0,0.0,0.09,13.0,1000000.0,train,1.2175,1.2259437334656087,-0.008443733465608672,0.03452,0.03722145219576718,-0.0027014521957671803,0.0236,0.017886806878306863,0.0057131931216931366
NACA 0009,0.0,0.0,0.09,14.0,1000000.0,train,1.1827,1.23522891468254,-0.05252891468253984,0.04976,0.03978949341269842,0.00997050658730158,0.02,0.018979274338624324,0.0010207256613756766
NACA 0010,0.0,0.0,0.1,-6.0,1000000.0,train,-0.6955,-0.6869869870370366,-0.008513012962963362,0.01003,0.010198170515873017,-0.00016817051587301665,0.0058,0.003683728174603172,0.0021162718253968276
NACA 0010,0.0,0.0,0.1,-5.0,1000000.0,train,-0.5977,-0.5811458935185182,-0.016554106481481812,0.00895,0.0090703555952381,-0.00012035559523810094,0.0082,0.0043645944444444425,0.0038354055555555582
NACA 0010,0.0,0.0,0.1,-4.0,1000000.0,train,-0.458,-0.45957313187830684,0.0015731318783068216,0.00764,0.007829291137566138,-0.00018929113756613759,0.0014,0.0019449555555555538,-0.0005449555555555538
NACA 0010,0.0,0.0,0.1,-3.0,1000000.0,train,-0.3221,-0.33213563769841237,0.01003563769841237,0.00633,0.006516457063492059,-0.00018645706349205895,-0.0045,-0.001895619047619049,-0.002604380952380951
NACA 0010,0.0,0.0,0.1,-2.0,1000000.0,train,-0.2088,-0.21520450701058208,0.006404507010582067,0.00541,0.0056932946957671945,-0.00028329469576719463,-0.0045,-0.003098958597883599,-0.0014010414021164005
NACA 0010,0.0,0.0,0.1,-1.0,1000000.0,train,-0.1048,-0.10659415542328057,0.001794155423280569,0.00486,0.005447172380952375,-0.0005871723809523751,-0.0022,-0.0018085808201058207,-0.00039141917989417947
NACA 0010,0.0,0.0,0.1,0.0,1000000.0,train,-0.0,0.0,-0.0,0.00469,0.004815263868446364,-0.0001252638684463639,0.0,0.0,0.0
NACA 0010,0.0,0.0,0.1,1.0,1000000.0,train,0.1048,0.10679071970899476,-0.0019907197089947537,0.00486,0.0053965153703703665,-0.0005365153703703667,0.0022,0.0018184132275132277,0.0003815867724867724
NACA 0010,0.0,0.0,0.1,2.0,1000000.0,train,0.2088,0.21622922407407416,-0.007429224074074148,0.00541,0.0057187910317460285,-0.00030879103174602865,0.0045,0.00294036574074074,0.0015596342592592597
NACA 0010,0.0,0.0,0.1,3.0,1000000.0,train,0.3221,0.33191240400432875,-0.009812404004328756,0.00633,0.00653123208754209,-0.00020123208754209074,0.0045,0.001959801972101972,0.0025401980278980277
NACA 0010,0.0,0.0,0.1,4.0,1000000.0,train,0.458,0.4583015257936508,-0.0003015257936507809,0.00764,0.007811200595238102,-0.0001712005952381017,-0.0014,-0.001648692857142857,0.0002486928571428569
NACA 0010,0.0,0.0,0.1,5.0,1000000.0,train,0.5977,0.5800161281746027,0.017683871825397324,0.00895,0.009024374761904767,-7.437476190476702e-05,-0.0082,-0.004255711507936507,-0.003944288492063494
NACA 0010,0.0,0.0,0.1,6.0,1000000.0,train,0.6955,0.685993721164021,0.009506278835978987,0.01003,0.010176385066137572,-0.00014638506613757173,-0.0058,-0.003433702116402116,-0.0023662978835978835
NACA 0010,0.0,0.0,0.1,7.0,1000000.0,train,0.7879,0.7869613700216451,0.0009386299783549212,0.01118,0.011451682633477631,-0.00027168263347763025,-0.0021,-0.001695034343434344,-0.00040496565656565576
NACA 0010,0.0,0.0,0.1,8.0,1000000.0,train,0.8798,0.8795546035113038,0.00024539648869625896,0.01275,0.01301325406926407,-0.00026325406926407113,0.0015,0.0015834533429533427,-8.345334295334263e-05
NACA 0010,0.0,0.0,0.1,9.0,1000000.0,train,0.9728,0.9739772141534397,-0.001177214153439743,0.01462,0.014903949179894202,-0.0002839491798942023,0.0044,0.004102273809523809,0.00029772619047619114
NACA 0010,0.0,0.0,0.1,10.0,1000000.0,train,1.0668,1.067350568253968,-0.0005505682539679313,0.01647,0.016974548412698427,-0.000504548412698428,0.0069,0.006563393253968252,0.00033660674603174824
NACA 0010,0.0,0.0,0.1,11.0,1000000.0,train,1.1511,1.1558557601851844,-0.004755760185184421,0.01935,0.01950437293650796,-0.0001543729365079613,0.0103,0.009613650529100534,0.0006863494708994663
NACA 0010,0.0,0.0,0.1,12.0,1000000.0,train,1.2278,1.225174916534391,0.0026250834656089683,0.02255,0.022655987208994713,-0.00010598720899471226,0.0141,0.015103424603174603,-0.0010034246031746033
NACA 0010,0.0,0.0,0.1,13.0,1000000.0,train,1.2806,1.2786195899470896,0.0019804100529103863,0.02721,0.0270451962301587,0.0001648037698412999,0.02,0.021461743253968265,-0.0014617432539682645
NACA 0010,0.0,0.0,0.1,14.0,1000000.0,train,1.3006,1.3065074965608463,-0.005907496560846326,0.03301,0.029274904788359788,0.0037350952116402096,0.0272,0.025439692857142857,0.001760307142857142
NACA 0012,0.0,0.0,0.12,-6.0,1000000.0,train,-0.6933,-0.6848427011904762,-0.008457298809523839,0.00978,0.010027223994708992,-0.0002472239947089918,0.004,0.0023496300264550254,0.0016503699735449747
NACA 0012,0.0,0.0,0.12,-5.0,1000000.0,train,-0.5548,-0.5686279907407403,0.01382799074074037,0.0085,0.008788803611111114,-0.00028880361111111377,-0.0024,0.0009491551587301585,-0.0033491551587301583
NACA 0012,0.0,0.0,0.12,-4.0,1000000.0,train,-0.4272,-0.4452735268518518,0.018073526851851762,0.0073,0.007717052777777776,-0.00041705277777777557,-0.0061,-0.0017346917989417999,-0.0043653082010582005
NACA 0012,0.0,0.0,0.12,-3.0,1000000.0,train,-0.3198,-0.3253094309523806,0.005509430952380601,0.00641,0.0068727621164021225,-0.00046276211640212256,-0.0048,-0.003784690740740745,-0.0010153092592592545
NACA 0012,0.0,0.0,0.12,-2.0,1000000.0,train,-0.2144,-0.21452674629629637,0.00012674629629635947,0.00582,0.006172948333333333,-0.00035294833333333366,-0.0029,-0.0030292921957671944,0.0001292921957671946
NACA 0012,0.0,0.0,0.12,-1.0,1000000.0,train,-0.1074,-0.10688778134920646,-0.0005122186507935389,0.0055,0.005727137738095231,-0.0002271377380952313,-0.0014,-0.0016425957671957663,0.0002425957671957663
NACA 0012,0.0,0.0,0.12,0.0,1000000.0,train,-0.0,0.0,-0.0,0.00541,0.005379816725589222,3.0183274410777554e-05,0.0,0.0,0.0
NACA 0012,0.0,0.0,0.12,1.0,1000000.0,train,0.1074,0.10697934087301594,0.00042065912698405206,0.0055,0.00569695452380952,-0.00019695452380952012,0.0014,0.0016664794973544968,-0.0002664794973544968
NACA 0012,0.0,0.0,0.12,2.0,1000000.0,train,0.2144,0.21484236415343919,-0.0004423641534391787,0.00582,0.006194722023809523,-0.000374722023809523,0.0029,0.0029593693121693103,-5.9369312169310455e-05
NACA 0012,0.0,0.0,0.12,3.0,1000000.0,train,0.3198,0.32478657645502634,-0.00498657645502637,0.00641,0.006909503981481486,-0.0004995039814814865,0.0048,0.0038748626984127007,0.0009251373015872989
NACA 0012,0.0,0.0,0.12,4.0,1000000.0,train,0.4272,0.4431128353174605,-0.01591283531746046,0.0073,0.007635893412698423,-0.0003358934126984226,0.0061,0.002184361904761903,0.003915638095238098
NACA 0012,0.0,0.0,0.12,5.0,1000000.0,train,0.5548,0.5656091134920637,-0.010809113492063704,0.0085,0.008681311666666663,-0.00018131166666666282,0.0024,-0.00034744682539682555,0.0027474468253968253
NACA 0012,0.0,0.0,0.12,6.0,1000000.0,train,0.6933,0.6839655679894182,0.009334432010581817,0.00978,0.009974447751322751,-0.0001944477513227509,-0.004,-0.002124833862433861,-0.0018751661375661392
NACA 0012,0.0,0.0,0.12,7.0,1000000.0,train,0.8267,0.7985985176406925,0.02810148235930754,0.011,0.011017202990620483,-1.7202990620484096e-05,-0.0094,-0.0033059311688311667,-0.006094068831168834
NACA 0012,0.0,0.0,0.12,8.0,1000000.0,train,0.91,0.8990683510582016,0.010931648941798433,0.01215,0.01244539423280423,-0.0002953942328042299,-0.004,-0.001467078835978836,-0.0025329211640211643
NACA 0012,0.0,0.0,0.12,9.0,1000000.0,train,0.9946,0.9936483695767206,0.0009516304232793926,0.01343,0.013703816256613759,-0.0002738162566137594,0.0009,0.001232508994708995,-0.0003325089947089951
NACA 0012,0.0,0.0,0.12,10.0,1000000.0,train,1.0793,1.0808576273809525,-0.0015576273809525532,0.0151,0.015433210873015888,-0.00033321087301588746,0.0055,0.004945731746031748,0.0005542682539682519
NACA 0012,0.0,0.0,0.12,11.0,1000000.0,train,1.166,1.1656965800264545,0.0003034199735454379,0.01691,0.017866322777777808,-0.0009563227777778065,0.0091,0.00892223783068784,0.00017776216931216123
NACA 0012,0.0,0.0,0.12,12.0,1000000.0,train,1.2459,1.2337069220899464,0.01219307791005364,0.01923,0.020823863875661375,-0.0015938638756613742,0.0133,0.015276788095238096,-0.001976788095238097
NACA 0012,0.0,0.0,0.12,13.0,1000000.0,train,1.3044,1.2963532227513233,0.00804677724867675,0.02255,0.0233003606084656,-0.0007503606084655993,0.0198,0.02206439140211641,-0.002264391402116407
NACA 0012,0.0,0.0,0.12,14.0,1000000.0,train,1.3547,1.3278765240740744,0.0268234759259256,0.02569,0.025764295396825367,-7.429539682536623e-05,0.0264,0.02661485211640211,-0.00021485211640211166
NACA 0015,0.0,0.0,0.15,-6.0,1000000.0,train,-0.6411,-0.6618544452380959,0.020754445238095887,0.00919,0.009530967711640219,-0.0003409677116402183,-0.0085,-0.0034969509259259266,-0.005003049074074074
NACA 0015,0.0,0.0,0.15,-5.0,1000000.0,train,-0.5364,-0.5409936970899468,0.0045936970899468355,0.0082,0.008719371494708996,-0.0005193714947089954,-0.0068,-0.005924824735449737,-0.0008751752645502625
NACA 0015,0.0,0.0,0.15,-4.0,1000000.0,train,-0.4324,-0.43125330251322735,-0.001146697486772652,0.00744,0.007952673544973546,-0.0005126735449735454,-0.0048,-0.005043722222222222,0.00024372222222222243
NACA 0015,0.0,0.0,0.15,-3.0,1000000.0,train,-0.3258,-0.3237901595238096,-0.0020098404761904054,0.00691,0.00727302743386244,-0.00036302743386244004,-0.0033,-0.003908951851851852,0.000608951851851852
NACA 0015,0.0,0.0,0.15,-2.0,1000000.0,train,-0.2177,-0.2155429761904763,-0.002157023809523706,0.00658,0.0068072221164021144,-0.00022722211640211452,-0.002,-0.002634004629629629,0.0006340046296296289
NACA 0015,0.0,0.0,0.15,-1.0,1000000.0,train,-0.1091,-0.10776522579365073,-0.001334774206349268,0.00641,0.006564515119047621,-0.00015451511904762075,-0.001,-0.001335341798941799,0.00033534179894179907
NACA 0015,0.0,0.0,0.15,0.0,1000000.0,train,0.0,0.0,0.0,0.00635,0.006516428902116396,-0.00016642890211639606,-0.0,0.0,-0.0
NACA 0015,0.0,0.0,0.15,1.0,1000000.0,train,0.1091,0.10790820965608464,0.0011917903439153665,0.00641,0.0066053156216931246,-0.00019531562169312466,0.001,0.0013018099206349202,-0.0003018099206349202
NACA 0015,0.0,0.0,0.15,2.0,1000000.0,train,0.2177,0.21582251904761912,0.0018774809523808833,0.00658,0.006728015251322752,-0.00014801525132275214,0.002,0.0025625637566137564,-0.0005625637566137563
NACA 0015,0.0,0.0,0.15,3.0,1000000.0,train,0.3258,0.3237511943121694,0.002048805687830557,0.00691,0.0072430859259259295,-0.00033308592592592914,0.0033,0.003885365476190474,-0.0005853654761904742
NACA 0015,0.0,0.0,0.15,4.0,1000000.0,train,0.4324,0.4340134966931219,-0.0016134966931218853,0.00744,0.007703292777777784,-0.0002632927777777832,0.0048,0.00423860277777778,0.0005613972222222197
NACA 0015,0.0,0.0,0.15,5.0,1000000.0,train,0.5364,0.5444323599206347,-0.008032359920634669,0.0082,0.008764951402116406,-0.0005649514021164054,0.0068,0.005053865476190475,0.0017461345238095243
NACA 0015,0.0,0.0,0.15,6.0,1000000.0,train,0.6412,0.6612125318783063,-0.020012531878306317,0.00918,0.009598638121693122,-0.00041863812169312155,0.0085,0.00369814126984127,0.004801858730158731
NACA 0015,0.0,0.0,0.15,7.0,1000000.0,train,0.7669,0.7801283535714291,-0.013228353571429041,0.01043,0.010571532076719587,-0.00014153207671958705,0.0051,0.0017173158730158721,0.0033826841269841285
NACA 0015,0.0,0.0,0.15,8.0,1000000.0,train,0.9034,0.8963522760582017,0.007047723941798312,0.01176,0.012121882288359781,-0.00036188228835978137,-0.0009,0.00019844656084656075,-0.0010984465608465607
NACA 0015,0.0,0.0,0.15,9.0,1000000.0,train,1.0377,1.0030830801587314,0.03461691984126869,0.01318,0.013216530039682546,-3.653003968254534e-05,-0.0068,0.00036274920634920654,-0.007162749206349206
NACA 0015,0.0,0.0,0.15,10.0,1000000.0,train,1.1154,1.0957370320105824,0.01966296798941758,0.01441,0.014290587539682544,0.00011941246031745532,-0.0009,0.0031496007936507916,-0.004049600793650791
NACA 0015,0.0,0.0,0.15,11.0,1000000.0,train,1.1763,1.1742112466931214,0.0020887533068785213,0.01588,0.01642024515873019,-0.0005402451587301904,0.0081,0.008277944179894184,-0.00017794417989418394
NACA 0015,0.0,0.0,0.15,12.0,1000000.0,train,1.243,1.2316939451058195,0.011306054894180573,0.01756,0.019307800145502638,-0.0017478001455026385,0.0153,0.016589026587301586,-0.0012890265873015862
NACA 0015,0.0,0.0,0.15,13.0,1000000.0,train,1.2977,1.293603305291005,0.004096694708995097,0.01983,0.021895251243386243,-0.0020652512433862423,0.0233,0.023583580687830695,-0.00028358068783069373
NACA 0015,0.0,0.0,0.15,14.0,1000000.0,train,1.3547,1.3265645732804234,0.028135426719576584,0.0226,0.024411557698412665,-0.0018115576984126663,0.0289,0.02803682195767197,0.0008631780423280291
NACA 0018,0.0,0.0,0.18,-6.0,1000000.0,train,-0.6412,-0.638171378703704,-0.003028621296295997,0.00918,0.009596435145502645,-0.0004164351455026444,-0.0081,-0.00860482817460317,0.000504828174603171
NACA 0018,0.0,0.0,0.18,-5.0,1000000.0,train,-0.5382,-0.5338059170634919,-0.004394082936508115,0.00849,0.008925914087301584,-0.00043591408730158515,-0.0061,-0.007235739021164025,0.0011357390211640247
NACA 0018,0.0,0.0,0.18,-4.0,1000000.0,train,-0.4328,-0.4280726481481479,-0.004727351851852135,0.00795,0.008226400370370372,-0.0002764003703703711,-0.0044,-0.005594002380952381,0.0011940023809523803
NACA 0018,0.0,0.0,0.18,-3.0,1000000.0,train,-0.3258,-0.32110207539682567,-0.004697924603174308,0.00759,0.0077784377248677275,-0.0001884377248677271,-0.0031,-0.004290218253968256,0.0011902182539682564
NACA 0018,0.0,0.0,0.18,-2.0,1000000.0,train,-0.2177,-0.2149214686507938,-0.0027785313492061925,0.00736,0.007186310251322747,0.00017368974867725331,-0.002,-0.002667189153439154,0.0006671891534391541
NACA 0018,0.0,0.0,0.18,-1.0,1000000.0,train,-0.109,-0.10737825449735446,-0.001621745502645544,0.00723,0.006978853015873017,0.00025114698412698373,-0.001,-0.00137846216931217,0.00037846216931216995
NACA 0018,0.0,0.0,0.18,0.0,1000000.0,train,-0.0,0.0,-0.0,0.00718,0.007473679854497345,-0.0002936798544973451,0.0,0.0,0.0
NACA 0018,0.0,0.0,0.18,1.0,1000000.0,train,0.109,0.10758485502645498,0.0014151449735450156,0.00723,0.007040992275132277,0.00018900772486772372,0.001,0.0013184484126984133,-0.00031844841269841324
NACA 0018,0.0,0.0,0.18,2.0,1000000.0,train,0.2177,0.21522031031746047,0.002479689682539532,0.00736,0.007105308267195767,0.00025469173280423356,0.002,0.0026143161375661375,-0.0006143161375661375
NACA 0018,0.0,0.0,0.18,3.0,1000000.0,train,0.3258,0.32143602870370386,0.004363971296296121,0.00759,0.0077205455423280415,-0.00013054554232804112,0.0031,0.004198901984126983,-0.0010989019841269828
NACA 0018,0.0,0.0,0.18,4.0,1000000.0,train,0.4328,0.4285397919312169,0.004260208068783133,0.00795,0.008142811071428575,-0.0001928110714285742,0.0044,0.005349782142857143,-0.0009497821428571425
NACA 0018,0.0,0.0,0.18,6.0,1000000.0,train,0.6412,0.6378070112433861,0.0033929887566138683,0.00918,0.00960979498677249,-0.0004297949867724891,0.0081,0.008809521957671953,-0.0007095219576719533
NACA 0018,0.0,0.0,0.18,7.0,1000000.0,train,0.7398,0.753273184920635,-0.013473184920634984,0.01007,0.010494152751322764,-0.00042415275132276324,0.011,0.007835258730158737,0.0031647412698412626
NACA 0018,0.0,0.0,0.18,8.0,1000000.0,train,0.8399,0.8668000632275137,-0.026900063227513704,0.01117,0.01167441183862434,-0.0005044118386243399,0.0133,0.007010301058201057,0.0062896989417989425
NACA 0018,0.0,0.0,0.18,9.0,1000000.0,train,0.967,0.986315482407408,-0.01931548240740799,0.01257,0.01294150623015876,-0.0003715062301587607,0.0091,0.004190218783068782,0.004909781216931219
NACA 0018,0.0,0.0,0.18,10.0,1000000.0,train,1.0982,1.083720165873016,0.01447983412698406,0.01414,0.014185187142857136,-4.5187142857136195e-05,0.0037,0.005936902380952379,-0.002236902380952379
NACA 0018,0.0,0.0,0.18,11.0,1000000.0,train,1.2079,1.1680426510582003,0.03985734894179971,0.01576,0.016076711388888904,-0.0003167113888889045,0.0021,0.009728974338624342,-0.007628974338624342
NACA 0018,0.0,0.0,0.18,12.0,1000000.0,train,1.2148,1.2207952511904763,-0.00599525119047617,0.01696,0.018944954206349198,-0.0019849542063491987,0.0207,0.01898809047619047,0.001711909523809528
NACA 0018,0.0,0.0,0.18,13.0,1000000.0,train,1.2674,1.2759110707671946,-0.008511070767194484,0.0193,0.021398310740740747,-0.0020983107407407456,0.0282,0.026888343783068796,0.0013116562169312035
NACA 0018,0.0,0.0,0.18,14.0,1000000.0,train,1.321,1.3055670891534388,0.015432910846561176,0.02245,0.023572850873015857,-0.0011228508730158557,0.0335,0.030821034656084673,0.0026789653439153287
NACA 0024,0.0,0.0,0.24,-6.0,1000000.0,train,-0.6,-0.6140799515873021,0.01407995158730213,0.01011,0.010104195052910055,5.804947089944543e-06,-0.0151,-0.01282535992063492,-0.00227464007936508
NACA 0024,0.0,0.0,0.24,-5.0,1000000.0,train,-0.5081,-0.5173639681216928,0.009263968121692834,0.00966,0.009512958306878311,0.00014704169312168905,-0.0112,-0.009837823015873014,-0.0013621769841269862
NACA 0024,0.0,0.0,0.24,-4.0,1000000.0,train,-0.4096,-0.4159295855820107,0.006329585582010688,0.00933,0.009090266507936502,0.00023973349206349824,-0.0084,-0.007572912169312176,-0.0008270878306878239
NACA 0024,0.0,0.0,0.24,-3.0,1000000.0,train,-0.3092,-0.313049550793651,0.003849550793651013,0.00907,0.008703848730158717,0.0003661512698412833,-0.006,-0.005626205952380944,-0.0003737940476190565
NACA 0024,0.0,0.0,0.24,-2.0,1000000.0,train,-0.2069,-0.20987995171957696,0.002979951719576962,0.00892,0.008326849603174603,0.0005931503968253978,-0.0039,-0.0034998992063492076,-0.00040010079365079224
NACA 0024,0.0,0.0,0.24,-1.0,1000000.0,train,-0.1036,-0.1054005751322751,0.0018005751322751062,0.00881,0.008029132261904758,0.0007808677380952422,-0.0019,-0.001663127248677249,-0.00023687275132275093
NACA 0024,0.0,0.0,0.24,0.0,1000000.0,train,-0.0,0.0,-0.0,0.00877,0.008355135410052908,0.0004148645899470921,0.0,0.0,0.0
NACA 0024,0.0,0.0,0.24,1.0,1000000.0,train,0.1036,0.10545904298941797,-0.0018590429894179694,0.00881,0.008086264708994702,0.0007237352910052976,0.0019,0.0016443472222222233,0.00025565277777777674
NACA 0024,0.0,0.0,0.24,2.0,1000000.0,train,0.2069,0.2100308347883599,-0.003130834788359904,0.00892,0.008316773531746025,0.0006032264682539756,0.0039,0.003452600925925928,0.00044739907407407176
NACA 0024,0.0,0.0,0.24,3.0,1000000.0,train,0.3092,0.31369357738095244,-0.004493577380952463,0.00907,0.008612965489417986,0.00045703451058201443,0.006,0.005491169047619041,0.0005088309523809589
NACA 0024,0.0,0.0,0.24,4.0,1000000.0,train,0.4097,0.4177014980158729,-0.00800149801587291,0.00933,0.0089296783994709,0.00040032160052909903,0.0084,0.007181788227513229,0.0012182117724867702
NACA 0024,0.0,0.0,0.24,5.0,1000000.0,train,0.5082,0.5159332865440119,-0.0077332865440119525,0.00966,0.009646159771524767,1.3840228475232863e-05,0.0111,0.01010112163299663,0.0009988783670033703
NACA 0024,0.0,0.0,0.24,6.0,1000000.0,train,0.6002,0.6133127123015875,-0.013112712301587504,0.01011,0.01010051855820106,9.481441798939866e-06,0.015,0.013020784920634909,0.0019792150793650903
NACA 0024,0.0,0.0,0.24,7.0,1000000.0,train,0.6889,0.7026392538359787,-0.013739253835978738,0.01068,0.010922152605820105,-0.00024215260582010484,0.0194,0.01726588029100529,0.0021341197089947105
NACA 0024,0.0,0.0,0.24,8.0,1000000.0,train,0.7779,0.7980309580687831,-0.020130958068783067,0.01153,0.011873176164021166,-0.0003431761640211653,0.0232,0.020296667328042327,0.0029033326719576716
NACA 0024,0.0,0.0,0.24,9.0,1000000.0,train,0.8611,0.8850829097041842,-0.023982909704184263,0.01262,0.013103481147186138,-0.00048348114718613916,0.0278,0.024269165728715725,0.003530834271284273
NACA 0024,0.0,0.0,0.24,10.0,1000000.0,train,0.9347,0.9785608974025973,-0.043860897402597354,0.01403,0.014325138369408371,-0.00029513836940837056,0.0338,0.024915248268398256,0.00888475173160174
NACA 0024,0.0,0.0,0.24,11.0,1000000.0,train,1.0222,1.0967914070105815,-0.07459140701058153,0.01598,0.015929826190476188,5.0173809523813145e-05,0.0358,0.02469368664021165,0.011106313359788348
NACA 0024,0.0,0.0,0.24,12.0,1000000.0,train,1.1379,1.164566273412698,-0.026666273412698116,0.01857,0.0181289832936508,0.0004410167063492003,0.0305,0.028106858465608456,0.002393141534391543
NACA 0024,0.0,0.0,0.24,13.0,1000000.0,train,1.2138,1.2429000509259256,-0.029100050925925602,0.02151,0.021575631256613763,-6.563125661376151e-05,0.0312,0.03154018148148149,-0.0003401814814814885
NACA 0024,0.0,0.0,0.24,14.0,1000000.0,train,1.2351,1.2673486228835977,-0.032248622883597644,0.02492,0.02297857099206349,0.0019414290079365105,0.0406,0.0333151992063492,0.007284800793650799
NACA 1408,0.01,0.4,0.08,-6.0,1000000.0,train,-0.5817,-0.5646980703703707,-0.01700192962962932,0.01051,0.010179668293650796,0.0003303317063492045,-0.019,-0.023350339682539686,0.004350339682539686
NACA 1408,0.01,0.4,0.08,-5.0,1000000.0,train,-0.4793,-0.45519675608465604,-0.024103243915343964,0.00927,0.00894637281746032,0.00032362718253968123,-0.0175,-0.023110425264550268,0.005610425264550266
NACA 1408,0.01,0.4,0.08,-4.0,1000000.0,train,-0.3396,-0.33085689185906675,-0.008743108140933264,0.00802,0.007861821666666668,0.00015817833333333156,-0.024,-0.026042274025974026,0.002042274025974025
NACA 1408,0.01,0.4,0.08,-3.0,1000000.0,train,-0.2037,-0.21168023570226077,0.00798023570226078,0.00682,0.00689514309163059,-7.514309163059e-05,-0.0298,-0.027961949025974046,-0.0018380509740259544
NACA 1408,0.01,0.4,0.08,-2.0,1000000.0,train,-0.0865,-0.0955994637686388,0.009099463768638807,0.00558,0.005889961753246759,-0.00030996175324675933,-0.0313,-0.02916047717652718,-0.0021395228234728225
NACA 1408,0.01,0.4,0.08,-1.0,1000000.0,train,0.0163,0.013027565740740744,0.003272434259259254,0.00447,0.005135337037037039,-0.0006653370370370386,-0.0291,-0.028120407539682535,-0.000979592460317466
NACA 1408,0.01,0.4,0.08,0.0,1000000.0,train,0.1152,0.12326782050264558,-0.008067820502645581,0.00394,0.004720845170755169,-0.0007808451707551692,-0.0253,-0.02697416530784027,0.001674165307840269
NACA 1408,0.01,0.4,0.08,1.0,1000000.0,train,0.2333,0.23540536137566145,-0.0021053613756614464,0.00432,0.004803226997354502,-0.00048322699735450173,-0.0257,-0.026234548809523806,0.0005345488095238049
NACA 1408,0.01,0.4,0.08,2.0,1000000.0,train,0.3649,0.3515928816137571,0.013307118386242878,0.00509,0.005354881124338624,-0.00026488112433862426,-0.0304,-0.02691379576719577,-0.0034862042328042304
NACA 1408,0.01,0.4,0.08,3.0,1000000.0,train,0.4655,0.46618734510582,-0.0006873451058199698,0.00603,0.006167035925925924,-0.00013703592592592424,-0.0284,-0.027745921428571442,-0.0006540785714285596
NACA 1408,0.01,0.4,0.08,4.0,1000000.0,train,0.5631,0.5743836500000002,-0.0112836500000002,0.00773,0.007667263214285716,6.27367857142843e-05,-0.0262,-0.027533304365079374,0.0013333043650793734
NACA 1408,0.01,0.4,0.08,5.0,1000000.0,train,0.6644,0.6699771773088014,-0.005577177308801362,0.00926,0.009190013174603173,6.998682539682659e-05,-0.0246,-0.025324329148629143,0.000724329148629143
NACA 1408,0.01,0.4,0.08,6.0,1000000.0,train,0.7675,0.7722486816738823,-0.004748681673882316,0.01067,0.010612373300865788,5.7626699134212186e-05,-0.0231,-0.02374807698412701,0.00064807698412701
NACA 1408,0.01,0.4,0.08,7.0,1000000.0,train,0.8698,0.8729636634920638,-0.003163663492063762,0.01219,0.012290796984126984,-0.00010079698412698498,-0.0217,-0.021884643253968248,0.00018464325396824743
NACA 1408,0.01,0.4,0.08,8.0,1000000.0,train,0.9674,0.9747354703823958,-0.007335470382395792,0.01435,0.013703747801827799,0.0006462521981722008,-0.0196,-0.020281325841750845,0.0006813258417508461
NACA 1408,0.01,0.4,0.08,9.0,1000000.0,train,1.0593,1.0715462826719568,-0.012246282671956932,0.01721,0.01604058390211642,0.0011694160978835792,-0.017,-0.017700092063492077,0.0007000920634920756
NACA 1408,0.01,0.4,0.08,10.0,1000000.0,train,1.1379,1.1435588343915353,-0.005658834391535361,0.02189,0.019437378174603167,0.002452621825396833,-0.0131,-0.013903234126984125,0.0008032341269841245
NACA 1408,0.01,0.4,0.08,11.0,1000000.0,train,1.2084,1.2329659386243383,-0.024565938624338424,0.02688,0.025076561243386242,0.0018034387566137587,-0.0086,-0.00969126375661376,0.0010912637566137598
NACA 1408,0.01,0.4,0.08,12.0,1000000.0,train,1.2482,1.256823897619048,-0.008623897619048027,0.03373,0.03451178388888887,-0.0007817838888888665,-0.002,-0.0037995873015873025,0.0017995873015873025
NACA 1408,0.01,0.4,0.08,13.0,1000000.0,train,1.2442,1.2511185445767197,-0.0069185445767196985,0.04181,0.04389123362433862,-0.0020812336243386173,0.0048,0.00010914828042328009,0.00469085171957672
NACA 1408,0.01,0.4,0.08,14.0,1000000.0,train,1.1797,1.2499134699735457,-0.07021346997354572,0.06593,0.04744155291005291,0.01848844708994709,-0.0084,-7.15914021164021e-05,-0.008328408597883597
NACA 1410,0.01,0.4,0.1,-6.0,1000000.0,train,-0.5746,-0.5645990370370372,-0.010000962962962823,0.0099,0.010037753293650795,-0.0001377532936507938,-0.0215,-0.02348221190476191,0.0019822119047619123
NACA 1410,0.01,0.4,0.1,-5.0,1000000.0,train,-0.4355,-0.44586577552910056,0.010365775529100563,0.00873,0.008773202658730153,-4.320265873015289e-05,-0.0278,-0.025400119312169307,-0.0023998806878306918
NACA 1410,0.01,0.4,0.1,-4.0,1000000.0,train,-0.3068,-0.322983021296296,0.016183021296296007,0.00762,0.007647164166666669,-2.716416666666884e-05,-0.0317,-0.027763190608465636,-0.003936809391534363
NACA 1410,0.01,0.4,0.1,-3.0,1000000.0,train,-0.1971,-0.20479321705146708,0.007693217051467083,0.0066,0.006864310909090911,-0.0002643109090909113,-0.0311,-0.029457594264069277,-0.0016424057359307222
NACA 1410,0.01,0.4,0.1,-2.0,1000000.0,train,-0.0916,-0.09252967990620492,0.0009296799062049194,0.00576,0.005938609531024531,-0.00017860953102453048,-0.0295,-0.029495302308802315,-4.697691197683845e-06
NACA 1410,0.01,0.4,0.1,1.0,1000000.0,train,0.2216,0.2300273616281865,-0.008427361628186497,0.00481,0.005064383566618571,-0.000254383566618571,-0.023,-0.024825849747474756,0.0018258497474747566
NACA 1410,0.01,0.4,0.1,2.0,1000000.0,train,0.3367,0.3473028300264554,-0.010602830026455401,0.00537,0.005535467513227514,-0.00016546751322751418,-0.0231,-0.025638113227513203,0.0025381132275132043
NACA 1410,0.01,0.4,0.1,3.0,1000000.0,train,0.48,0.46599299272486777,0.01400700727513221,0.00618,0.0062061339417989365,-2.6133941798936813e-05,-0.0302,-0.027316228571428583,-0.002883771428571418
NACA 1410,0.01,0.4,0.1,4.0,1000000.0,train,0.5927,0.5828639222222225,0.009836077777777508,0.00729,0.007501694920634918,-0.00021169492063491824,-0.0311,-0.028654076984127,-0.002445923015873
NACA 1410,0.01,0.4,0.1,5.0,1000000.0,train,0.6853,0.6851587070707074,0.0001412929292926579,0.00871,0.008771525595238088,-6.152559523808776e-05,-0.0278,-0.027374400180375187,-0.0004255998196248112
NACA 1410,0.01,0.4,0.1,6.0,1000000.0,train,0.7809,0.7811688695045693,-0.00026886950456928016,0.01006,0.010208107507215004,-0.00014810750721500412,-0.0249,-0.025023428439153447,0.00012342843915344806
NACA 1410,0.01,0.4,0.1,7.0,1000000.0,train,0.8799,0.8797250281746029,0.00017497182539716327,0.01138,0.011798315198412691,-0.0004183151984126915,-0.0227,-0.022700670370370362,6.703703703606068e-07
NACA 1410,0.01,0.4,0.1,8.0,1000000.0,train,0.9785,0.978542477922078,-4.2477922078010266e-05,0.01287,0.013245769283309282,-0.00037576928330928204,-0.0206,-0.020639348328523325,3.934832852332468e-05
NACA 1410,0.01,0.4,0.1,9.0,1000000.0,train,1.0746,1.0749728113756603,-0.0003728113756602536,0.01459,0.015019643994709012,-0.0004296439947090117,-0.0184,-0.018224275396825404,-0.0001757246031745957
NACA 1410,0.01,0.4,0.1,10.0,1000000.0,train,1.1654,1.1582241677248688,0.007175832275131189,0.01673,0.017599931626984124,-0.0008699316269841252,-0.0155,-0.014668927777777778,-0.0008310722222222219
NACA 1410,0.01,0.4,0.1,11.0,1000000.0,train,1.2454,1.2485065814814809,-0.003106581481480797,0.01964,0.020608988981481488,-0.0009689889814814868,-0.0115,-0.011077430026455028,-0.00042256997354497144
NACA 1410,0.01,0.4,0.1,12.0,1000000.0,train,1.3207,1.3149790630952378,0.005720936904762164,0.02243,0.02300688865079361,-0.0005768886507936111,-0.0071,-0.00556879801587302,-0.0015312019841269807
NACA 1410,0.01,0.4,0.1,13.0,1000000.0,train,1.3563,1.362714159259259,-0.0064141592592590335,0.02711,0.027558771243386224,-0.00044877124338622496,0.0017,0.0031091195767195805,-0.0014091195767195806
NACA 1410,0.01,0.4,0.1,14.0,1000000.0,train,1.3814,1.3702997841269833,0.011100215873016683,0.03282,0.029736679391534397,0.003083320608465605,0.008,0.004834472354497356,0.003165527645502644
NACA 1412,0.01,0.4,0.12,-6.0,1000000.0,train,-0.534,-0.5570166898148152,0.023016689814815194,0.00946,0.009768042579365083,-0.0003080425793650834,-0.0308,-0.025275740873015873,-0.005524259126984128
NACA 1412,0.01,0.4,0.12,-5.0,1000000.0,train,-0.4147,-0.44035645767195775,0.025656457671957733,0.00839,0.008691844642857145,-0.000301844642857145,-0.0325,-0.026679643915343915,-0.0058203560846560864
NACA 1412,0.01,0.4,0.12,-4.0,1000000.0,train,-0.3086,-0.32067105185185163,0.012071051851851644,0.00747,0.007535655833333335,-6.565583333333503e-05,-0.031,-0.028207576719576744,-0.0027924232804232563
NACA 1412,0.01,0.4,0.12,-3.0,1000000.0,train,-0.2021,-0.2027111066017315,0.0006111066017314981,0.0067,0.006887938924963926,-0.0001879389249639261,-0.0295,-0.029820340692640716,0.0003203406926407179
NACA 1412,0.01,0.4,0.12,-2.0,1000000.0,train,-0.0944,-0.09261768069985572,-0.001782319300144275,0.00611,0.006028098790283789,8.190120971621109e-05,-0.0283,-0.029337926382876394,0.0010379263828763953
NACA 1412,0.01,0.4,0.12,-1.0,1000000.0,train,0.0131,0.013415925529100526,-0.00031592552910052543,0.00566,0.005487129431216932,0.00017287056878306784,-0.0272,-0.027834774867724878,0.0006347748677248792
NACA 1412,0.01,0.4,0.12,0.0,1000000.0,train,0.1205,0.11992759206349209,0.0005724079365079099,0.00546,0.005217096599326593,0.00024290340067340682,-0.0258,-0.02590812906445404,0.00010812906445404127
NACA 1412,0.01,0.4,0.12,1.0,1000000.0,train,0.2272,0.2277551358345357,-0.0005551358345356749,0.00545,0.005325969439634443,0.0001240305603655567,-0.0242,-0.02421807474747475,1.80747474747521e-05
NACA 1412,0.01,0.4,0.12,2.0,1000000.0,train,0.3321,0.3433509763227516,-0.011250976322751571,0.00571,0.0056905399999999965,1.946000000000326e-05,-0.022,-0.024562702380952366,0.002562702380952367
NACA 1412,0.01,0.4,0.12,3.0,1000000.0,train,0.4423,0.4601442212962964,-0.01784422129629637,0.00629,0.006196501322751317,9.34986772486825e-05,-0.021,-0.025716404761904763,0.004716404761904762
NACA 1412,0.01,0.4,0.12,4.0,1000000.0,train,0.5787,0.5848636305555553,-0.006163630555555355,0.0072,0.007487564285714285,-0.00028756428571428527,-0.0265,-0.028763009523809533,0.002263009523809534
NACA 1412,0.01,0.4,0.12,6.0,1000000.0,train,0.8102,0.7967333596560842,0.01346664034391587,0.0097,0.00991234555555555,-0.00021234555555555042,-0.0298,-0.02737779193121692,-0.0024222080687830785
NACA 1412,0.01,0.4,0.12,7.0,1000000.0,train,0.8978,0.889647984523809,0.008152015476191043,0.01096,0.011425386190476193,-0.00046538619047619377,-0.0253,-0.024141492989418006,-0.0011585070105819932
NACA 1412,0.01,0.4,0.12,8.0,1000000.0,train,0.989,0.9820890426046174,0.006910957395382611,0.01226,0.012985856822991828,-0.0007258568229918279,-0.0217,-0.020999177296777284,-0.0007008227032227164
NACA 1412,0.01,0.4,0.12,9.0,1000000.0,train,1.0821,1.0761564087301574,0.005943591269842674,0.0137,0.014904194550264559,-0.0012041945502645583,-0.0187,-0.01824115793650794,-0.0004588420634920598
NACA 1412,0.01,0.4,0.12,10.0,1000000.0,train,1.1718,1.160165285185186,0.011634714814813929,0.01545,0.017215668280423275,-0.0017656682804232746,-0.0154,-0.014833773148148153,-0.0005662268518518473
NACA 1412,0.01,0.4,0.12,11.0,1000000.0,train,1.2565,1.2511691763227506,0.005330823677249352,0.01742,0.020310924378306883,-0.002890924378306882,-0.0117,-0.010839973677248677,-0.0008600263227513238
NACA 1412,0.01,0.4,0.12,12.0,1000000.0,train,1.3283,1.3207618884920633,0.007538111507936707,0.01995,0.022298027142857117,-0.0023480271428571176,-0.0064,-0.005574348015873019,-0.0008256519841269815
NACA 1412,0.01,0.4,0.12,13.0,1000000.0,train,1.3872,1.3770302128306873,0.010169787169312716,0.02245,0.02557511461640212,-0.0031251146164021186,0.0005,0.002757933068783069,-0.002257933068783069
NACA 1412,0.01,0.4,0.12,14.0,1000000.0,train,1.4149,1.3868280039682526,0.02807199603174748,0.02747,0.027713788835978862,-0.00024378883597886078,0.0082,0.004811878703703707,0.003388121296296294
NACA 2408,0.02,0.4,0.08,-6.0,1000000.0,train,-0.4578,-0.44894103822751324,-0.00885896177248674,0.0108,0.0107853369047619,1.4663095238100221e-05,-0.0471,-0.04916927896825399,0.0020692789682539847
NACA 2408,0.02,0.4,0.08,-5.0,1000000.0,train,-0.3197,-0.3333158150793648,0.013615815079364824,0.00902,0.00961332455026455,-0.0005933245502645502,-0.0533,-0.050426186640211694,-0.002873813359788306
NACA 2408,0.02,0.4,0.08,-4.0,1000000.0,train,-0.1912,-0.20689860793650788,0.015698607936507875,0.00784,0.008330389656084656,-0.0004903896560846562,-0.0571,-0.05343807830687831,-0.0036619216931216905
NACA 2408,0.02,0.4,0.08,-3.0,1000000.0,train,-0.0789,-0.08200781547619053,0.0031078154761905313,0.00688,0.007080000873015865,-0.00020000087301586499,-0.057,-0.05516537751322754,-0.0018346224867724636
NACA 2408,0.02,0.4,0.08,-2.0,1000000.0,train,0.0278,0.026440430158730162,0.0013595698412698365,0.00602,0.006365606865079368,-0.00034560686507936755,-0.0557,-0.05457040952380949,-0.0011295904761905104
NACA 2408,0.02,0.4,0.08,-1.0,1000000.0,train,0.134,0.13250219812409805,0.0014978018759019551,0.00502,0.005356065488215486,-0.00033606548821548624,-0.0547,-0.05394830351130352,-0.0007516964886964753
NACA 2408,0.02,0.4,0.08,0.0,1000000.0,train,0.231,0.2437118116402116,-0.012711811640211595,0.00406,0.004909211613756612,-0.0008492116137566114,-0.0507,-0.05323760410052913,0.0025376041005291256
NACA 2408,0.02,0.4,0.08,1.0,1000000.0,train,0.3624,0.35681144828042327,0.005588551719576729,0.00441,0.00483833482804233,-0.00042833482804232985,-0.0547,-0.053044557936507926,-0.0016554420634920727
NACA 2408,0.02,0.4,0.08,2.0,1000000.0,train,0.4669,0.4703986412698408,-0.003498641269840841,0.005,0.005365039153439153,-0.00036503915343915304,-0.0531,-0.053153947751322726,5.394775132272489e-05
NACA 2408,0.02,0.4,0.08,3.0,1000000.0,train,0.5721,0.5780418847883597,-0.005941884788359664,0.0058,0.00612010526455027,-0.0003201052645502708,-0.0519,-0.05218680648148145,0.00028680648148144555
NACA 2408,0.02,0.4,0.08,4.0,1000000.0,train,0.6751,0.6812715817460324,-0.006171581746032384,0.0071,0.007080676997354491,1.932300264550959e-05,-0.0506,-0.05119042989417989,0.0005904298941798933
NACA 2408,0.02,0.4,0.08,5.0,1000000.0,train,0.7725,0.7787309250000003,-0.006230925000000331,0.00935,0.009065988399470901,0.00028401160052909935,-0.0488,-0.04927997989417989,0.0004799798941798883
NACA 2408,0.02,0.4,0.08,6.0,1000000.0,train,0.8747,0.8795718887566136,-0.004871888756613596,0.01087,0.010740155224867733,0.00012984477513226615,-0.0474,-0.04742787592592597,2.7875925925971434e-05
NACA 2408,0.02,0.4,0.08,7.0,1000000.0,train,0.975,0.9776539227152485,-0.002653922715248558,0.01257,0.012400254448051934,0.00016974555194806604,-0.0456,-0.04516536962481964,-0.0004346303751803643
NACA 2408,0.02,0.4,0.08,8.0,1000000.0,train,1.0713,1.0774561424603173,-0.006156142460317371,0.0146,0.013849420423280415,0.0007505795767195848,-0.0434,-0.04323889338624338,-0.00016110661375662305
NACA 2408,0.02,0.4,0.08,9.0,1000000.0,train,1.1599,1.1725821994708994,-0.012682199470899436,0.01739,0.015141984047619034,0.002248015952380965,-0.0402,-0.04022072089947093,2.0720899470930143e-05
NACA 2408,0.02,0.4,0.08,10.0,1000000.0,train,1.2448,1.2559618281746023,-0.011161828174602428,0.02023,0.017464678399470916,0.002765321600529086,-0.0368,-0.036245070502645485,-0.0005549294973545144
NACA 2408,0.02,0.4,0.08,11.0,1000000.0,train,1.306,1.3237213658730147,-0.01772136587301465,0.0256,0.023554735449735447,0.002045264550264554,-0.0306,-0.02960547116402117,-0.0009945288359788293
NACA 2408,0.02,0.4,0.08,12.0,1000000.0,train,1.3458,1.3492151871693105,-0.0034151871693104408,0.03132,0.032267376772486776,-0.0009473767724867757,-0.0223,-0.020053771825396832,-0.002246228174603168
NACA 2408,0.02,0.4,0.08,13.0,1000000.0,train,1.3476,1.3532617832010558,-0.0056617832010559255,0.03892,0.03922097440476195,-0.00030097440476194864,-0.0134,-0.014485180291005297,0.001085180291005296
NACA 2408,0.02,0.4,0.08,14.0,1000000.0,train,1.3297,1.3679129379629604,-0.038212937962960325,0.05143,0.03989872232804237,0.011531277671957628,-0.0131,-0.012960570634920647,-0.00013942936507935384
NACA 2410,0.02,0.4,0.1,-6.0,1000000.0,train,-0.4179,-0.4358751178571429,0.017975117857142897,0.00962,0.010188423677248669,-0.0005684236772486688,-0.0561,-0.05194309246031743,-0.004156907539682564
NACA 2410,0.02,0.4,0.1,-5.0,1000000.0,train,-0.2986,-0.31663112380952363,0.018031123809523653,0.00851,0.009095396534391533,-0.0005853965343915329,-0.0577,-0.05364558902116405,-0.004054410978835951
NACA 2410,0.02,0.4,0.1,-4.0,1000000.0,train,-0.1902,-0.1953833019841268,0.005183301984126781,0.00763,0.008086524616402111,-0.00045652461640211146,-0.0566,-0.055261839417989456,-0.0013381605820105419
NACA 2410,0.02,0.4,0.1,-3.0,1000000.0,train,-0.0825,-0.0820178710317461,-0.00048212896825390594,0.00685,0.007088448095238086,-0.00023844809523808613,-0.0554,-0.055144460846560876,-0.0002555391534391216
NACA 2410,0.02,0.4,0.1,-2.0,1000000.0,train,0.0262,0.026351805820105826,-0.0001518058201058249,0.0062,0.006397410476190477,-0.0001974104761904771,-0.0546,-0.05441846388888885,-0.00018153611111115103
NACA 2410,0.02,0.4,0.1,-1.0,1000000.0,train,0.1339,0.13305424653679654,0.0008457534632034525,0.0055,0.005552036797739296,-5.203679773929659e-05,-0.0537,-0.0536876435906686,-1.2356409331400198e-05
NACA 2410,0.02,0.4,0.1,1.0,1000000.0,train,0.3426,0.3545297720899472,-0.011929772089947166,0.00489,0.005123085621693124,-0.00023308562169312413,-0.0492,-0.05204080476190477,0.0028408047619047708
NACA 2410,0.02,0.4,0.1,2.0,1000000.0,train,0.4888,0.47243810952380905,0.016361890476190966,0.00545,0.005539077089947091,-8.907708994709135e-05,-0.0568,-0.053155878703703696,-0.003644121296296307
NACA 2410,0.02,0.4,0.1,3.0,1000000.0,train,0.5896,0.5832855990740738,0.006314400925926167,0.00602,0.00625053748677249,-0.00023053748677248978,-0.0545,-0.052707797354497314,-0.0017922026455026857
NACA 2410,0.02,0.4,0.1,4.0,1000000.0,train,0.6909,0.6907052719576721,0.0001947280423278963,0.0068,0.006952236626984125,-0.00015223662698412525,-0.0524,-0.052109082804232786,-0.0002909171957672166
NACA 2410,0.02,0.4,0.1,5.0,1000000.0,train,0.7889,0.7880172612433864,0.0008827387566135991,0.00827,0.008539559417989425,-0.00026955941798942513,-0.0502,-0.05009732222222219,-0.00010267777777780984
NACA 2410,0.02,0.4,0.1,6.0,1000000.0,train,0.8851,0.8861771780423273,-0.0010771780423273203,0.01012,0.010244157843915348,-0.00012415784391534707,-0.0479,-0.047993502910052936,9.350291005293804e-05
NACA 2410,0.02,0.4,0.1,7.0,1000000.0,train,0.9838,0.9816478080327082,0.002152191967291772,0.01167,0.011997775003607497,-0.0003277750036074969,-0.0459,-0.045362947799422786,-0.0005370522005772177
NACA 2410,0.02,0.4,0.1,8.0,1000000.0,train,1.0812,1.0817111619047617,-0.0005111619047617477,0.01323,0.01328618458994707,-5.6184589947069416e-05,-0.0438,-0.04342059894179892,-0.00037940105820107733
NACA 2410,0.02,0.4,0.1,9.0,1000000.0,train,1.1748,1.1729297669312169,0.0018702330687832003,0.01502,0.015087871216931203,-6.787121693120277e-05,-0.0412,-0.04024298280423284,-0.0009570171957671639
NACA 2410,0.02,0.4,0.1,10.0,1000000.0,train,1.2607,1.2558054503968248,0.004894549603175147,0.01728,0.017360439510582026,-8.043951058202617e-05,-0.0377,-0.03615208716931216,-0.0015479128306878365
NACA 2410,0.02,0.4,0.1,11.0,1000000.0,train,1.3426,1.3314224652116398,0.011177534788360255,0.01947,0.020094219947089948,-0.0006242199470899469,-0.0337,-0.030991882275132283,-0.0027081177248677174
NACA 2410,0.02,0.4,0.1,12.0,1000000.0,train,1.3983,1.3868858396825385,0.011414160317461564,0.02286,0.02302812742063492,-0.00016812742063492328,-0.0262,-0.02269986679894179,-0.0035001332010582108
NACA 2410,0.02,0.4,0.1,13.0,1000000.0,train,1.4415,1.4279066083333325,0.01359339166666751,0.0266,0.027651738650793654,-0.001051738650793655,-0.0184,-0.015085008730158733,-0.003314991269841267
NACA 2410,0.02,0.4,0.1,14.0,1000000.0,train,1.4477,1.4511325940476176,-0.003432594047617643,0.03417,0.030595008783068808,0.0035749912169311913,-0.011,-0.01107890383597884,7.890383597883993e-05
NACA 2412,0.02,0.4,0.12,-6.0,1000000.0,train,-0.4086,-0.42199188928571424,0.01339188928571422,0.00923,0.009810526666666666,-0.0005805266666666659,-0.0576,-0.05471441031746027,-0.002885589682539727
NACA 2412,0.02,0.4,0.12,-5.0,1000000.0,train,-0.3015,-0.30364129007936524,0.0021412900793652545,0.00836,0.008691729259259253,-0.00033172925925925405,-0.0563,-0.055395495238095206,-0.0009045047619047966
NACA 2412,0.02,0.4,0.12,-4.0,1000000.0,train,-0.1932,-0.19324233730158719,4.23373015871753e-05,0.00761,0.007966395013227507,-0.00035639501322750743,-0.0552,-0.055007896164021186,-0.00019210383597881298
NACA 2412,0.02,0.4,0.12,-3.0,1000000.0,train,-0.0839,-0.0829411302910053,-0.0009588697089946974,0.00699,0.007198954232804228,-0.00020895423280422806,-0.0544,-0.054432349470899484,3.234947089948703e-05
NACA 2412,0.02,0.4,0.12,-2.0,1000000.0,train,0.0257,0.025985504232804234,-0.00028550423280423315,0.00651,0.0065669970238095175,-5.699702380951733e-05,-0.0537,-0.053906652380952394,0.00020665238095239624
NACA 2412,0.02,0.4,0.12,-1.0,1000000.0,train,0.1341,0.13362801044973535,0.0004719895502646454,0.00602,0.006038340264550271,-1.834026455027095e-05,-0.0529,-0.05286404986772485,-3.595013227515598e-05
NACA 2412,0.02,0.4,0.12,0.0,1000000.0,train,0.2411,0.23986261706349207,0.0012373829365079358,0.00563,0.005806842103174598,-0.00017684210317459818,-0.0517,-0.051081392328042347,-0.0006186076719576564
NACA 2412,0.02,0.4,0.12,1.0,1000000.0,train,0.3456,0.3491644865079365,-0.003564486507936504,0.00549,0.005754969325396827,-0.000264969325396827,-0.0495,-0.050002625,0.0005026249999999996
NACA 2412,0.02,0.4,0.12,2.0,1000000.0,train,0.4526,0.465333766137566,-0.012733766137565994,0.00578,0.005859190886243387,-7.919088624338665e-05,-0.0476,-0.05084140489417995,0.0032414048941799486
NACA 2412,0.02,0.4,0.12,3.0,1000000.0,train,0.5941,0.5834786249999996,0.010621375000000377,0.00638,0.006410240674603176,-3.024067460317536e-05,-0.054,-0.052052461904761885,-0.0019475380952381147
NACA 2412,0.02,0.4,0.12,4.0,1000000.0,train,0.7172,0.6997052756613755,0.017494724338624423,0.00702,0.007035341679894182,-1.5341679894182066e-05,-0.0567,-0.05289544007936504,-0.003804559920634963
NACA 2412,0.02,0.4,0.12,5.0,1000000.0,train,0.8103,0.8133275625901866,-0.00302756259018655,0.00795,0.00834157712121213,-0.00039157712121212947,-0.0531,-0.05321019873737369,0.00011019873737368874
NACA 2412,0.02,0.4,0.12,8.0,1000000.0,train,1.0874,1.086306090873015,0.0010939091269848156,0.01256,0.012752715052910042,-0.00019271505291004222,-0.0435,-0.04336495833333335,-0.0001350416666666479
NACA 2412,0.02,0.4,0.12,9.0,1000000.0,train,1.1792,1.17495768042328,0.004242319576720055,0.01416,0.014595130105820099,-0.00043513010582009806,-0.0405,-0.03987232248677253,-0.0006276775132274745
NACA 2412,0.02,0.4,0.12,10.0,1000000.0,train,1.2661,1.2568424555555553,0.00925754444444471,0.01593,0.01668328359788361,-0.0007532835978836111,-0.0369,-0.035509239947089925,-0.001390760052910077
NACA 2412,0.02,0.4,0.12,11.0,1000000.0,train,1.3453,1.3328626195767197,0.012437380423280242,0.0179,0.01927799791005291,-0.0013779979100529104,-0.0323,-0.030504959788359796,-0.0017950402116402066
NACA 2412,0.02,0.4,0.12,12.0,1000000.0,train,1.4055,1.390632696825396,0.014867303174604052,0.02033,0.02178455027777778,-0.0014545502777777788,-0.0251,-0.022635009656084643,-0.0024649903439153582
NACA 2412,0.02,0.4,0.12,13.0,1000000.0,train,1.4504,1.4406663961640214,0.009733603835978544,0.02394,0.025185497248677257,-0.0012454972486772575,-0.0174,-0.015211016402116405,-0.0021889835978835936
NACA 2412,0.02,0.4,0.12,14.0,1000000.0,train,1.4942,1.469351788624338,0.024848211375662066,0.02817,0.028496679960317486,-0.0003266799603174851,-0.0118,-0.010770799603174609,-0.0010292003968253912
NACA 2414,0.02,0.4,0.14,-6.0,1000000.0,train,-0.4116,-0.41173271825396834,0.00013271825396832249,0.00912,0.009413589656084652,-0.00029358965608465223,-0.0562,-0.05581792645502644,-0.00038207354497356294
NACA 2414,0.02,0.4,0.14,-5.0,1000000.0,train,-0.3035,-0.30186610185185214,-0.0016338981481478498,0.00836,0.008653641150793645,-0.00029364115079364567,-0.0551,-0.055180444312169286,8.044431216928244e-05
NACA 2414,0.02,0.4,0.14,-4.0,1000000.0,train,-0.1943,-0.19301823055555553,-0.0012817694444444694,0.00773,0.008030487394179895,-0.0003004873941798948,-0.0543,-0.0541793826719577,-0.00012061732804229813
NACA 2414,0.02,0.4,0.14,-3.0,1000000.0,train,-0.0845,-0.0838736708393459,-0.0006263291606541099,0.00724,0.00743987371332371,-0.0001998737133237097,-0.0535,-0.053387523352573386,-0.00011247664742661256
NACA 2414,0.02,0.4,0.14,-2.0,1000000.0,train,0.0253,0.025399970502645513,-9.997050264551333e-05,0.00688,0.006861159206349202,1.884079365079786e-05,-0.0528,-0.05306477420634923,0.0002647742063492317
NACA 2414,0.02,0.4,0.14,-1.0,1000000.0,train,0.1341,0.13382978452380948,0.0002702154761905218,0.00654,0.006630984351851854,-9.098435185185463e-05,-0.052,-0.05189939947089947,-0.00010060052910052658
NACA 2414,0.02,0.4,0.14,0.0,1000000.0,train,0.242,0.24067063015873016,0.0013293698412698285,0.00627,0.006316786944444438,-4.6786944444437636e-05,-0.051,-0.05060473597883603,-0.00039526402116396575
NACA 2414,0.02,0.4,0.14,1.0,1000000.0,train,0.3495,0.3478458367724868,0.0016541632275131612,0.00618,0.006278256349206351,-9.825634920635103e-05,-0.0497,-0.04908119907407407,-0.0006188009259259289
NACA 2414,0.02,0.4,0.14,2.0,1000000.0,train,0.4548,0.4549853563492067,-0.00018535634920674449,0.00625,0.0068452405687830665,-0.0005952405687830661,-0.0477,-0.047050430158730186,-0.0006495698412698134
NACA 2414,0.02,0.4,0.14,3.0,1000000.0,train,0.5611,0.5729778142857139,-0.011877814285713884,0.00663,0.006810818611111111,-0.0001808186111111115,-0.0457,-0.048575411507936546,0.0028754115079365483
NACA 2414,0.02,0.4,0.14,4.0,1000000.0,train,0.695,0.695795726322751,-0.0007957263227510447,0.00729,0.007158574153439156,0.00013142584656084325,-0.0503,-0.051094222619047606,0.000794222619047609
NACA 2414,0.02,0.4,0.14,5.0,1000000.0,train,0.8451,0.8238992340187583,0.021200765981241654,0.00819,0.008434468033910547,-0.0002444680339105474,-0.0591,-0.054509065800865786,-0.004590934199134214
NACA 2414,0.02,0.4,0.14,6.0,1000000.0,train,0.9275,0.9254121387566145,0.002087861243385447,0.00916,0.009283546084656081,-0.00012354608465608118,-0.0534,-0.05268172751322752,-0.0007182724867724824
NACA 2414,0.02,0.4,0.14,7.0,1000000.0,train,1.0095,1.0076551808201053,0.0018448191798947633,0.01046,0.010639992420634922,-0.00017999242063492134,-0.0479,-0.0474308638888889,-0.00046913611111110143
NACA 2414,0.02,0.4,0.14,8.0,1000000.0,train,1.095,1.0914222239417986,0.0035777760582014206,0.01195,0.012191301388888891,-0.0002413013888888909,-0.0434,-0.043046780158730154,-0.0003532198412698473
NACA 2414,0.02,0.4,0.14,9.0,1000000.0,train,1.1806,1.1749392260581997,0.005660773941800423,0.01355,0.013960765066137559,-0.0004107650661375594,-0.0392,-0.03856254510582014,-0.0006374548941798577
NACA 2414,0.02,0.4,0.14,10.0,1000000.0,train,1.2618,1.2540621357142863,0.007737864285713769,0.01526,0.01603496066137566,-0.0007749606613756607,-0.0346,-0.03389651216931215,-0.0007034878306878475
NACA 2414,0.02,0.4,0.14,11.0,1000000.0,train,1.3304,1.32578050925926,0.004619490740739973,0.01713,0.018199049695767192,-0.0010690496957671929,-0.028,-0.027779855423280413,-0.00022014457671958726
NACA 2414,0.02,0.4,0.14,12.0,1000000.0,train,1.3935,1.3859405281746016,0.007559471825398401,0.01946,0.020754925238095228,-0.0012949252380952264,-0.0216,-0.02096512949735449,-0.0006348705026455112
NACA 2414,0.02,0.4,0.14,13.0,1000000.0,train,1.4474,1.4410149572751332,0.006385042724866841,0.0226,0.024185534431216932,-0.0015855344312169332,-0.0154,-0.014284670767195775,-0.0011153292328042255
NACA 2414,0.02,0.4,0.14,14.0,1000000.0,train,1.4922,1.4722212029100525,0.01997879708994743,0.02679,0.02752337071428571,-0.0007333707142857075,-0.01,-0.010254848412698418,0.00025484841269841733
NACA 2415,0.02,0.4,0.15,-6.0,1000000.0,train,-0.4122,-0.4090121587301588,-0.0031878412698412295,0.00911,0.009518850846560843,-0.0004088508465608428,-0.0557,-0.05575877724867717,5.8777248677172045e-05
NACA 2415,0.02,0.4,0.15,-5.0,1000000.0,train,-0.3037,-0.30127076375661405,-0.0024292362433859793,0.00841,0.008714884404761904,-0.00030488440476190287,-0.0547,-0.05477423161375662,7.42316137566229e-05
NACA 2415,0.02,0.4,0.15,-4.0,1000000.0,train,-0.1944,-0.19269912063492048,-0.0017008793650795107,0.00782,0.008166666957671955,-0.0003466669576719546,-0.0538,-0.053770079497354524,-2.9920502645476577e-05
NACA 2415,0.02,0.4,0.15,-3.0,1000000.0,train,-0.0846,-0.08408320179172689,-0.000516798208273106,0.00739,0.007624579110149109,-0.00023457911014910897,-0.0531,-0.052840060654160706,-0.0002599393458392954
NACA 2415,0.02,0.4,0.15,-2.0,1000000.0,train,0.0251,0.02507870357142858,2.1296428571421916e-05,0.00709,0.007116288730158728,-2.628873015872793e-05,-0.0524,-0.052500026587301594,0.00010002658730159236
NACA 2415,0.02,0.4,0.15,-1.0,1000000.0,train,0.1339,0.13368447341269846,0.0002155265873015344,0.00679,0.006767150740740742,2.2849259259258292e-05,-0.0515,-0.05158649986772487,8.649986772487489e-05
NACA 2415,0.02,0.4,0.15,0.0,1000000.0,train,0.2421,0.2404384949735451,0.0016615050264549014,0.00656,0.006555213029100519,4.786970899481151e-06,-0.0505,-0.05014436693121698,-0.000355633068783022
NACA 2415,0.02,0.4,0.15,1.0,1000000.0,train,0.3502,0.347014580952381,0.003185419047618987,0.0065,0.0066828974735449725,-0.00018289747354497277,-0.0494,-0.04835161613756614,-0.0010483838624338604
NACA 2415,0.02,0.4,0.15,3.0,1000000.0,train,0.5612,0.5662596317460319,-0.005059631746031856,0.00681,0.007242825992063491,-0.0004328259920634908,-0.0455,-0.04636971190476191,0.0008697119047619134
NACA 2415,0.02,0.4,0.15,4.0,1000000.0,train,0.6754,0.6873842862433865,-0.011984286243386544,0.00736,0.007326480859788363,3.351914021163752e-05,-0.0454,-0.048663709523809516,0.003263709523809513
NACA 2415,0.02,0.4,0.15,5.0,1000000.0,train,0.8203,0.8205391316378063,-0.0002391316378063113,0.00823,0.00848947180375181,-0.0002594718037518106,-0.0528,-0.05343150667388168,0.0006315066738816835
NACA 2415,0.02,0.4,0.15,6.0,1000000.0,train,0.9463,0.9235646921957684,0.022735307804231608,0.00926,0.009414793386243387,-0.00015479338624338826,-0.0566,-0.05195032936507937,-0.004649670634920625
NACA 2415,0.02,0.4,0.15,7.0,1000000.0,train,1.0216,1.0096371133597877,0.011962886640212389,0.01037,0.010605977341269836,-0.00023597734126983537,-0.0497,-0.04736820119047622,-0.0023317988095237843
NACA 2415,0.02,0.4,0.15,8.0,1000000.0,train,1.0997,1.090071139021164,0.009628860978835974,0.01172,0.011992574404761907,-0.0002725744047619074,-0.0436,-0.0420398599206349,-0.0015601400793650994
NACA 2415,0.02,0.4,0.15,9.0,1000000.0,train,1.1809,1.1727022359788355,0.008197764021164566,0.01325,0.013700141865079365,-0.00045014186507936517,-0.0385,-0.0374556548941799,-0.0010443451058200978
NACA 2415,0.02,0.4,0.15,10.0,1000000.0,train,1.2553,1.2485851825396823,0.006714817460317768,0.01494,0.015597861137566147,-0.0006578611375661469,-0.0325,-0.03206485264550262,-0.0004351473544973797
NACA 2415,0.02,0.4,0.15,11.0,1000000.0,train,1.3227,1.3175551060846569,0.005144893915343118,0.01685,0.01768636191798943,-0.0008363619179894283,-0.026,-0.02543404748677249,-0.0005659525132275071
NACA 2415,0.02,0.4,0.15,12.0,1000000.0,train,1.3852,1.3783169752645505,0.006883024735449439,0.01926,0.02046192194444444,-0.001201921944444441,-0.0198,-0.01894964576719577,-0.0008503542328042318
NACA 2415,0.02,0.4,0.15,13.0,1000000.0,train,1.4387,1.433640104497356,0.005059895502644185,0.02249,0.024033544087301597,-0.0015435440873015974,-0.0138,-0.012567348280423286,-0.0012326517195767137
NACA 2415,0.02,0.4,0.15,14.0,1000000.0,train,1.4827,1.4653698328042322,0.017330167195767743,0.02683,0.027200052116402126,-0.0003700521164021267,-0.0086,-0.008920825925925925,0.00032082592592592475
NACA 2421,0.02,0.4,0.21,-6.0,1000000.0,train,-0.4038,-0.40689644841269823,0.0030964484126982383,0.00957,0.009588864126984124,-1.886412698412325e-05,-0.0544,-0.055520454761904654,0.0011204547619046573
NACA 2421,0.02,0.4,0.21,-5.0,1000000.0,train,-0.2982,-0.3002899113756615,0.0020899113756615018,0.00913,0.00883030869047619,0.00029969130952380886,-0.0529,-0.05462482288359791,0.001724822883597904
NACA 2421,0.02,0.4,0.21,-4.0,1000000.0,train,-0.192,-0.19222324894179868,0.00022324894179867605,0.00879,0.008289073227513223,0.0005009267724867764,-0.0514,-0.053595867063492064,0.002195867063492063
NACA 2421,0.02,0.4,0.21,-3.0,1000000.0,train,-0.085,-0.08404478512506022,-0.0009552148749397832,0.00856,0.007650904110149109,0.0009090958898508913,-0.0501,-0.05280231065416071,0.002702310654160711
NACA 2421,0.02,0.4,0.21,-2.0,1000000.0,train,0.0218,0.023792193650793676,-0.0019921936507936756,0.00841,0.007683255912698413,0.0007267440873015875,-0.0488,-0.050859480158730194,0.002059480158730191
NACA 2421,0.02,0.4,0.21,-1.0,1000000.0,train,0.1284,0.13054855251322736,-0.0021485525132273753,0.00829,0.008112675396825395,0.00017732460317460529,-0.0474,-0.04861551666666666,0.0012155166666666592
NACA 2421,0.02,0.4,0.21,0.0,1000000.0,train,0.235,0.23778798835978843,-0.0027879883597884403,0.00819,0.007601305687830692,0.0005886943121693076,-0.0461,-0.04800677156084655,0.0019067715608465513
NACA 2421,0.02,0.4,0.21,1.0,1000000.0,train,0.3413,0.34475019047619054,-0.003450190476190551,0.00818,0.007336447711640213,0.0008435522883597866,-0.0447,-0.04700806375661378,0.0023080637566137846
NACA 2421,0.02,0.4,0.21,2.0,1000000.0,train,0.4475,0.44915102777777804,-0.0016510277777780358,0.00824,0.007780685648148145,0.00045931435185185554,-0.0433,-0.04467061851851854,0.0013706185185185446
NACA 2421,0.02,0.4,0.21,3.0,1000000.0,train,0.5523,0.55659235,-0.004292349999999945,0.0084,0.008088247460317466,0.00031175253968253325,-0.0417,-0.04319810833333334,0.001498108333333338
NACA 2421,0.02,0.4,0.21,4.0,1000000.0,train,0.6546,0.6629031277777777,-0.008303127777777752,0.00866,0.008476322936507937,0.00018367706349206245,-0.0396,-0.04174039841269844,0.0021403984126984396
NACA 2421,0.02,0.4,0.21,5.0,1000000.0,train,0.7537,0.7689328051587314,-0.015232805158731377,0.00901,0.009149547777777788,-0.0001395477777777869,-0.0368,-0.040471636111111174,0.0036716361111111748
NACA 2421,0.02,0.4,0.21,6.0,1000000.0,train,0.8407,0.8755344592592599,-0.034834459259259876,0.0096,0.00976558167989418,-0.0001655816798941806,-0.0316,-0.0398615314814815,0.008261531481481496
NACA 2421,0.02,0.4,0.21,7.0,1000000.0,train,0.9311,0.9719201138888873,-0.04082011388888729,0.01057,0.010894779801587297,-0.0003247798015872973,-0.0273,-0.0367789630952381,0.009478963095238099
NACA 2421,0.02,0.4,0.21,8.0,1000000.0,train,1.0637,1.0719621222222218,-0.008262122222221668,0.01198,0.011859022341269834,0.00012097765873016544,-0.0331,-0.036080828174603174,0.002980828174603177
NACA 2421,0.02,0.4,0.21,9.0,1000000.0,train,1.1452,1.1615936280423276,-0.01639362804232758,0.01323,0.013228122658730166,1.8773412698343955e-06,-0.029,-0.03373855171957673,0.004738551719576729
NACA 2421,0.02,0.4,0.21,10.0,1000000.0,train,1.1987,1.2287941075396822,-0.030094107539682113,0.01475,0.015007979113756625,-0.00025797911375662584,-0.0199,-0.026780084788359765,0.0068800847883597645
NACA 2421,0.02,0.4,0.21,11.0,1000000.0,train,1.2624,1.3003163664021158,-0.03791636640211582,0.01693,0.017309310965608487,-0.0003793109656084863,-0.0141,-0.02062383716931218,0.006523837169312182
NACA 2421,0.02,0.4,0.21,12.0,1000000.0,train,1.3216,1.3576846157407403,-0.03608461574074018,0.01977,0.02003493234126984,-0.0002649323412698412,-0.0089,-0.015348906878306891,0.0064489068783068915
NACA 2421,0.02,0.4,0.21,13.0,1000000.0,train,1.3742,1.4122060275132275,-0.03800602751322746,0.0234,0.024244166521164043,-0.0008441665211640428,-0.0042,-0.008625706481481484,0.004425706481481484
NACA 2421,0.02,0.4,0.21,14.0,1000000.0,train,1.4164,1.4411589939153426,-0.02475899391534253,0.0282,0.026730139656084683,0.0014698603439153163,0.0001,-0.006455531481481487,0.006555531481481487
NACA 4412,0.04,0.4,0.12,-6.0,1000000.0,train,-0.1842,-0.17868649512987006,-0.005513504870129943,0.00911,0.00952112692640692,-0.00041112692640691943,-0.105,-0.10237017709235201,-0.0026298229076479884
NACA 4412,0.04,0.4,0.12,-5.0,1000000.0,train,-0.0729,-0.07127941005291007,-0.0016205899470899399,0.00839,0.008774024113756612,-0.00038402411375661194,-0.1046,-0.100630392857143,-0.003969607142857004
NACA 4412,0.04,0.4,0.12,-4.0,1000000.0,train,0.0387,0.03826937779812779,0.000430622201872205,0.00781,0.00842535391839642,-0.0006153539183964196,-0.1043,-0.1006642153133904,-0.0036357846866096055
NACA 4412,0.04,0.4,0.12,-3.0,1000000.0,train,0.1504,0.1500445714285715,0.0003554285714285066,0.0074,0.008097803716931223,-0.000697803716931223,-0.104,-0.10187459047619042,-0.002125409523809574
NACA 4412,0.04,0.4,0.12,-2.0,1000000.0,train,0.2615,0.2593401682539683,0.0021598317460317373,0.00712,0.007757575317460311,-0.0006375753174603111,-0.1036,-0.10107237380952376,-0.002527626190476237
NACA 4412,0.04,0.4,0.12,-1.0,1000000.0,train,0.372,0.3715242466931219,0.0004757533068781017,0.00697,0.007662385317460313,-0.0006923853174603135,-0.1032,-0.10101966256613759,-0.0021803374338624087
NACA 4412,0.04,0.4,0.12,0.0,1000000.0,train,0.4814,0.4796663464285711,0.0017336535714289059,0.00672,0.007694600568783082,-0.0009746005687830813,-0.1028,-0.09815892076719575,-0.004641079232804254
NACA 4412,0.04,0.4,0.12,1.0,1000000.0,train,0.58,0.5846653011904758,-0.004665301190475812,0.00589,0.007081202579365078,-0.0011912025793650773,-0.0998,-0.09820846600529101,-0.001591533994708988
NACA 4412,0.04,0.4,0.12,2.0,1000000.0,train,0.7049,0.6922282157407412,0.012671784259258745,0.00623,0.0071246549206349236,-0.0008946549206349233,-0.1024,-0.09741792671957679,-0.004982073280423216
NACA 4412,0.04,0.4,0.12,3.0,1000000.0,train,0.8119,0.8049572687830687,0.0069427312169312305,0.00672,0.0073911949206349244,-0.0006711949206349242,-0.1014,-0.09835201322751352,-0.00304798677248648
NACA 4412,0.04,0.4,0.12,4.0,1000000.0,train,0.9193,0.9110113285714289,0.008288671428571148,0.00724,0.00783545379629629,-0.0005954537962962903,-0.1006,-0.09664895978835983,-0.003951040211640167
NACA 4412,0.04,0.4,0.12,5.0,1000000.0,train,1.025,1.0147281918470419,0.010271808152958029,0.00787,0.008556539902597403,-0.000686539902597403,-0.0995,-0.09551283172198177,-0.003987168278018233
NACA 4412,0.04,0.4,0.12,6.0,1000000.0,train,1.1271,1.1170923736772491,0.010007626322750873,0.00874,0.009506809100529099,-0.0007668091005290992,-0.098,-0.09326811719576718,-0.004731882804232826
NACA 4412,0.04,0.4,0.12,7.0,1000000.0,train,1.219,1.2054148683862422,0.01358513161375785,0.0103,0.010706390793650801,-0.00040639079365080086,-0.0948,-0.0916702103174603,-0.0031297896825396992
NACA 4412,0.04,0.4,0.12,8.0,1000000.0,train,1.2974,1.286402328042326,0.010997671957674093,0.01266,0.012706696653439134,-4.669665343913498e-05,-0.0897,-0.08466781428571428,-0.005032185714285722
NACA 4412,0.04,0.4,0.12,9.0,1000000.0,train,1.3684,1.3680507891534388,0.00034921084656125423,0.01503,0.015166228703703698,-0.00013622870370369813,-0.0835,-0.08012861164021172,-0.0033713883597882854
NACA 4412,0.04,0.4,0.12,10.0,1000000.0,train,1.4303,1.4208414470899473,0.009458552910052598,0.01732,0.01718207738095238,0.00013792261904761738,-0.0758,-0.07334483148148149,-0.0024551685185185135
NACA 4412,0.04,0.4,0.12,11.0,1000000.0,train,1.4886,1.484652791269842,0.0039472087301579695,0.01995,0.020039807275132278,-8.980727513227885e-05,-0.0686,-0.06600470806878303,-0.0025952919312169642
NACA 4412,0.04,0.4,0.12,12.0,1000000.0,train,1.5392,1.5433558256613749,-0.004155825661374957,0.0233,0.024477944100529118,-0.0011779441005291165,-0.0615,-0.058513779894179836,-0.002986220105820163
NACA 4412,0.04,0.4,0.12,13.0,1000000.0,train,1.5796,1.5743848646825396,0.005215135317460318,0.02781,0.02760940825396827,0.00020059174603173288,-0.055,-0.05457298214285712,-0.00042701785714287926
NACA 4412,0.04,0.4,0.12,14.0,1000000.0,train,1.6087,1.5874136005291004,0.02128639947089961,0.03387,0.029792397129629625,0.004077602870370373,-0.0494,-0.05196780145502642,0.002567801455026421
NACA 4421,0.04,0.4,0.21,-6.0,1000000.0,train,-0.1759,-0.17728713243145758,0.0013871324314575773,0.0096,0.009715934148629141,-0.00011593414862914181,-0.0991,-0.10040305169552659,0.0013030516955265942
NACA 4421,0.04,0.4,0.21,-5.0,1000000.0,train,-0.0686,-0.07106275529100532,0.002462755291005328,0.00925,0.009160202050264556,8.97979497354439e-05,-0.0978,-0.09773673412698419,-6.326587301580533e-05
NACA 4421,0.04,0.4,0.21,-4.0,1000000.0,train,0.0385,0.03793657144892148,0.0005634285510785209,0.00903,0.009010086775539283,1.991322446071725e-05,-0.0965,-0.0970896794668295,0.0005896794668295013
NACA 4421,0.04,0.4,0.21,-3.0,1000000.0,train,0.1451,0.14657015661375666,-0.0014701566137566568,0.00889,0.008962457526455027,-7.245752645502687e-05,-0.095,-0.0964529791005291,0.001452979100529092
NACA 4421,0.04,0.4,0.21,-2.0,1000000.0,train,0.2514,0.2528879148148149,-0.0014879148148148613,0.00885,0.00879371037037036,5.628962962963939e-05,-0.0936,-0.09485491177248674,0.0012549117724867387
NACA 4421,0.04,0.4,0.21,-1.0,1000000.0,train,0.3566,0.35850287724867747,-0.0019028772486774925,0.00886,0.008839411071428568,2.0588928571431755e-05,-0.0919,-0.09324192301587302,0.00134192301587302
NACA 4421,0.04,0.4,0.21,0.0,1000000.0,train,0.4611,0.46254548068783075,-0.0014454806878307358,0.00889,0.00877067066137567,0.00011932933862432958,-0.0903,-0.09142172447089948,0.0011217244708994767
NACA 4421,0.04,0.4,0.21,1.0,1000000.0,train,0.5641,0.565743507407407,-0.00164350740740693,0.0088,0.008612608716931211,0.0001873912830687892,-0.0884,-0.0897291824074074,0.0013291824074073977
NACA 4421,0.04,0.4,0.21,2.0,1000000.0,train,0.6662,0.6669703161375663,-0.0007703161375662848,0.00879,0.008808597738095232,-1.8597738095232907e-05,-0.0865,-0.08723001283068779,0.0007300128306877984
NACA 4421,0.04,0.4,0.21,3.0,1000000.0,train,0.7606,0.7518115034391535,0.00878849656084657,0.00894,0.009481841335978842,-0.0005418413359788415,-0.0829,-0.08123423187830685,-0.0016657681216931536
NACA 4421,0.04,0.4,0.21,4.0,1000000.0,train,0.8575,0.8627168918350168,-0.005216891835016724,0.00912,0.009448159671717173,-0.00032815967171717295,-0.0798,-0.08101999289321794,0.0012199928932179471
NACA 4421,0.04,0.4,0.21,5.0,1000000.0,train,0.9525,0.9796346964766707,-0.02713469647667066,0.00969,0.009954257746512745,-0.00026425774651274436,-0.0761,-0.08285004137806638,0.006750041378066382
NACA 4421,0.04,0.4,0.21,6.0,1000000.0,train,1.0669,1.067170081746032,-0.000270081746031936,0.01049,0.010788929510582019,-0.00029892951058201923,-0.0777,-0.07802239563492064,0.00032239563492063306
NACA 4421,0.04,0.4,0.21,8.0,1000000.0,train,1.2304,1.2287129011784506,0.001687098821549382,0.01266,0.013103875372775367,-0.0004438753727753677,-0.0686,-0.0689549280423281,0.0003549280423281037
NACA 4421,0.04,0.4,0.21,9.0,1000000.0,train,1.3082,1.3075372630952389,0.000662736904761152,0.01427,0.01510645846560848,-0.0008364584656084806,-0.0642,-0.0640675034391534,-0.00013249656084658723
NACA 4421,0.04,0.4,0.21,10.0,1000000.0,train,1.3771,1.3701404958513708,0.006959504148629225,0.01646,0.017206756724386728,-0.0007467567243867289,-0.0593,-0.059308605050505094,8.605050505094969e-06
NACA 4421,0.04,0.4,0.21,11.0,1000000.0,train,1.4402,1.4394275472222224,0.0007724527777774881,0.01917,0.019949916216931218,-0.0007799162169312181,-0.0543,-0.05453154735449733,0.00023154735449732594
NACA 4421,0.04,0.4,0.21,12.0,1000000.0,train,1.491,1.4974286543650788,-0.006428654365078668,0.02285,0.024200250132275142,-0.001350250132275143,-0.0488,-0.048884796825396815,8.479682539681149e-05
NACA 4421,0.04,0.4,0.21,13.0,1000000.0,train,1.5341,1.5344703829365067,-0.00037038293650670795,0.02746,0.028419791984126988,-0.0009597919841269897,-0.0437,-0.04452305357142854,0.0008230535714285406
NACA 4421,0.04,0.4,0.21,14.0,1000000.0,train,1.566,1.5527978825396813,0.01320211746031874,0.03344,0.03114664484126985,0.0022933551587301475,-0.039,-0.0419589579365079,0.002958957936507897
NACA 4424,0.04,0.4,0.24,-5.0,1000000.0,train,-0.0715,-0.07065436640211642,-0.0008456335978835744,0.0098,0.009280256494708993,0.0005197435052910065,-0.0938,-0.09701730634920637,0.0032173063492063753
NACA 4424,0.04,0.4,0.24,-4.0,1000000.0,train,0.0309,0.03563035383597882,-0.004730353835978817,0.00963,0.009284970661375668,0.00034502933862433187,-0.0916,-0.0946519929894179,0.003051992989417898
NACA 4424,0.04,0.4,0.24,-3.0,1000000.0,train,0.1317,0.1387784284391536,-0.0070784284391536,0.00953,0.009560662486772488,-3.0662486772487646e-05,-0.0891,-0.09164455568783067,0.0025445556878306713
NACA 4424,0.04,0.4,0.24,-2.0,1000000.0,train,0.2325,0.24105406904761886,-0.00855406904761885,0.00949,0.0095272260846561,-3.722608465609942e-05,-0.0865,-0.08913260171957672,0.00263260171957673
NACA 4424,0.04,0.4,0.24,-1.0,1000000.0,train,0.3315,0.34354624973544967,-0.012046249735449654,0.00951,0.009464173293650789,4.582670634921057e-05,-0.0837,-0.08733627288359787,0.0036362728835978714
NACA 4424,0.04,0.4,0.24,0.0,1000000.0,train,0.4243,0.4430822382275134,-0.018782238227513404,0.00955,0.0094537458994709,9.625410052909941e-05,-0.0797,-0.08478896097883602,0.00508896097883603
NACA 4424,0.04,0.4,0.24,1.0,1000000.0,train,0.5183,0.5377781304232798,-0.019478130423279838,0.0096,0.009470147804232812,0.00012985219576718693,-0.0761,-0.08109540145502643,0.00499540145502643
NACA 4424,0.04,0.4,0.24,2.0,1000000.0,train,0.6174,0.637579814153439,-0.020179814153439057,0.00975,0.009563656309523794,0.000186343690476206,-0.0738,-0.07874358783068786,0.004943587830687851
NACA 4424,0.04,0.4,0.24,3.0,1000000.0,train,0.7178,0.7351656393338137,-0.017365639333813743,0.01002,0.009892096570466575,0.00012790342953342484,-0.0719,-0.07630970518278016,0.004409705182780152
NACA 4424,0.04,0.4,0.24,4.0,1000000.0,train,0.8145,0.8372380966450215,-0.022738096645021466,0.01046,0.010152090104617605,0.00030790989538239527,-0.0694,-0.07456559781144778,0.005165597811447778
NACA 4424,0.04,0.4,0.24,5.0,1000000.0,train,0.9108,0.9321452287518036,-0.021345228751803558,0.01091,0.01077930098725349,0.0001306990127465102,-0.067,-0.07106026399711403,0.004060263997114025
NACA 4424,0.04,0.4,0.24,6.0,1000000.0,train,0.9906,1.0337026609788347,-0.04310266097883464,0.01166,0.01203700603174605,-0.0003770060317460494,-0.0612,-0.06978169074074068,0.008581690740740687
NACA 4424,0.04,0.4,0.24,7.0,1000000.0,train,1.1002,1.1201556708874463,-0.01995567088744621,0.01281,0.013139140147907645,-0.0003291401479076448,-0.0626,-0.06678669986772492,0.004186699867724922
NACA 4424,0.04,0.4,0.24,8.0,1000000.0,train,1.1769,1.1957692190355944,-0.018869219035594353,0.01422,0.014013783186628187,0.000206216813371813,-0.0581,-0.061909632659932705,0.003809632659932706
NACA 4424,0.04,0.4,0.24,9.0,1000000.0,train,1.2512,1.2705378757936514,-0.019337875793651316,0.0161,0.01612496490740741,-2.4964907407411946e-05,-0.054,-0.056129071164021195,0.0021290711640211957
NACA 4424,0.04,0.4,0.24,10.0,1000000.0,train,1.3198,1.3340414442640693,-0.014241444264069258,0.01849,0.01828811145983645,0.00020188854016355007,-0.0498,-0.052309764442039455,0.0025097644420394583
NACA 4424,0.04,0.4,0.24,11.0,1000000.0,train,1.3813,1.4080530246031737,-0.026753024603173747,0.02155,0.02129841212722462,0.0002515878727753808,-0.0455,-0.048475353631553586,0.0029753536315535872
NACA 4424,0.04,0.4,0.24,12.0,1000000.0,train,1.4341,1.4627444634920637,-0.028644463492063732,0.02545,0.025758979521404508,-0.00030897952140450727,-0.0412,-0.04320417426647424,0.002004174266474243
NACA 4424,0.04,0.4,0.24,13.0,1000000.0,train,1.4797,1.5009949470899466,-0.021294947089946614,0.03021,0.02993865801587302,0.00027134198412697916,-0.0371,-0.03943868293650793,0.0023386829365079284
NACA 4424,0.04,0.4,0.24,14.0,1000000.0,train,1.5148,1.5221027752645497,-0.00730277526454981,0.03612,0.03191973246031747,0.004200267539682528,-0.0333,-0.038314956746031734,0.00501495674603173
NACA 6409,0.06,0.4,0.09,-6.0,1000000.0,train,0.0368,0.042026793434343485,-0.005226793434343485,0.01067,0.010882220978835976,-0.0002122209788359749,-0.154,-0.15370180038480036,-0.0002981996151996402
NACA 6409,0.06,0.4,0.09,-5.0,1000000.0,train,0.1487,0.14690716924001923,0.001792830759980768,0.00909,0.008741776176046169,0.0003482238239538322,-0.1543,-0.1536585461640213,-0.0006414538359786892
NACA 6409,0.06,0.4,0.09,-4.0,1000000.0,train,0.261,0.2601458843915344,0.0008541156084655999,0.0081,0.008455304232804226,-0.0003553042328042263,-0.1544,-0.15414175899470905,-0.0002582410052909545
NACA 6409,0.06,0.4,0.09,-3.0,1000000.0,train,0.3732,0.3734180968253971,-0.00021809682539714048,0.00749,0.007881788439153443,-0.00039178843915344333,-0.1544,-0.15410228492063488,-0.00029771507936512953
NACA 6409,0.06,0.4,0.09,-2.0,1000000.0,train,0.4846,0.4847109800986052,-0.00011098009860521785,0.00717,0.007534101321548831,-0.00036410132154883045,-0.1542,-0.15398984706589686,-0.00021015293410314717
NACA 6409,0.06,0.4,0.09,-1.0,1000000.0,train,0.5951,0.5969621555555558,-0.0018621555555558,0.00705,0.007376443095238099,-0.00032644309523809957,-0.154,-0.1535999492063494,-0.0004000507936506026
NACA 6409,0.06,0.4,0.09,0.0,1000000.0,train,0.7046,0.7063272921356423,-0.0017272921356422666,0.00709,0.007515914202741705,-0.00042591420274170483,-0.1537,-0.15296899914622422,-0.0007310008537757817
NACA 6409,0.06,0.4,0.09,1.0,1000000.0,train,0.8133,0.8143040277777782,-0.0010040277777781936,0.00715,0.007267760687830688,-0.00011776068783068798,-0.1534,-0.15213169100529098,-0.0012683089947090331
NACA 6409,0.06,0.4,0.09,3.0,1000000.0,train,1.0247,1.0225718990740738,0.0021281009259261907,0.00696,0.00728686138888889,-0.0003268613888888902,-0.1516,-0.1505999645502645,-0.001000035449735509
NACA 6409,0.06,0.4,0.09,4.0,1000000.0,train,1.1322,1.134833010714286,-0.0026330107142860104,0.00751,0.008024472208994712,-0.0005144722089947115,-0.1511,-0.14962739457671964,-0.001472605423280371
NACA 6409,0.06,0.4,0.09,5.0,1000000.0,train,1.2368,1.2343259639129391,0.0024740360870607603,0.00817,0.008669074896584895,-0.0004990748965848953,-0.1501,-0.14872452786195278,-0.001375472138047229
NACA 6409,0.06,0.4,0.09,6.0,1000000.0,train,1.3377,1.3389934326719566,-0.0012934326719566958,0.00902,0.009538823531746031,-0.0005188235317460307,-0.1486,-0.14678721878306866,-0.0018127812169313473
NACA 6409,0.06,0.4,0.09,7.0,1000000.0,train,1.4146,1.4199696723544988,-0.0053696723544987,0.01163,0.011435405555555564,0.00019459444444443544,-0.1432,-0.14296876746031748,-0.00023123253968251878
NACA 6409,0.06,0.4,0.09,8.0,1000000.0,train,1.4623,1.4834075136243376,-0.021107513624337715,0.01587,0.014567291838624324,0.0013027081613756746,-0.1331,-0.13471044788359787,0.0016104478835978764
NACA 6409,0.06,0.4,0.09,9.0,1000000.0,train,1.5199,1.5443982797619054,-0.02449827976190533,0.01836,0.01740900829365081,0.0009509917063491927,-0.1244,-0.12519452182539678,0.0007945218253967851
NACA 6409,0.06,0.4,0.09,10.0,1000000.0,train,1.5718,1.5837280534391538,-0.011928053439153707,0.02133,0.02051746285714283,0.0008125371428571691,-0.1159,-0.1162771650793651,0.0003771650793650966
NACA 6409,0.06,0.4,0.09,11.0,1000000.0,train,1.6137,1.6209820618844122,-0.007282061884412272,0.02528,0.025924836351241338,-0.0006448363512413374,-0.1073,-0.10624465649165643,-0.0010553435083435758
NACA 6409,0.06,0.4,0.09,12.0,1000000.0,train,1.6377,1.6448096697607957,-0.007109669760795745,0.03116,0.034132175345950394,-0.002972175345950394,-0.0986,-0.09600384457486948,-0.002596155425130517
NACA 6409,0.06,0.4,0.09,13.0,1000000.0,train,1.6584,1.6559603824795595,0.00243961752044064,0.0382,0.03844623652116405,-0.00024623652116405326,-0.0919,-0.09184265713083205,-5.734286916794784e-05
NACA 6409,0.06,0.4,0.09,14.0,1000000.0,train,1.6444,1.643965719781146,0.0004342802188541661,0.04988,0.04090561874338625,0.008974381256613748,-0.0859,-0.08861795395622883,0.0027179539562288274
NACA 6412,0.06,0.4,0.12,-6.0,1000000.0,train,0.0434,0.0431052343073593,0.0002947656926407041,0.00929,0.010530944391534392,-0.0012409443915343925,-0.1529,-0.1532631575276576,0.00036315752765758713
NACA 6412,0.06,0.4,0.12,-5.0,1000000.0,train,0.156,0.1483937795574797,0.007606220442520295,0.00862,0.008930992088744578,-0.0003109920887445789,-0.1529,-0.1531632616402118,0.0002632616402117871
NACA 6412,0.06,0.4,0.12,-4.0,1000000.0,train,0.2682,0.2628351842592592,0.005364815740740769,0.00809,0.008324550529100524,-0.00023455052910052385,-0.1528,-0.15311685158730162,0.0003168515873016309
NACA 6412,0.06,0.4,0.12,-3.0,1000000.0,train,0.38,0.37720726944444494,0.0027927305555550674,0.00778,0.007974645542328039,-0.00019464554232803948,-0.1525,-0.1532477912698413,0.0007477912698413136
NACA 6412,0.06,0.4,0.12,-2.0,1000000.0,train,0.4909,0.4887315574074081,0.0021684425925919126,0.00764,0.0076858806481481514,-4.588064814815135e-05,-0.1522,-0.15286827632275132,0.0006682763227513211
NACA 6412,0.06,0.4,0.12,-1.0,1000000.0,train,0.6007,0.5988167738095237,0.001883226190476317,0.00764,0.007675577367724863,-3.557736772486289e-05,-0.1517,-0.15240323783068785,0.0007032378306878473
NACA 6412,0.06,0.4,0.12,0.0,1000000.0,train,0.7096,0.7070533373015873,0.0025466626984127494,0.00776,0.007694694166666674,6.53058333333267e-05,-0.1512,-0.15215141494709003,0.000951414947090029
NACA 6412,0.06,0.4,0.12,1.0,1000000.0,train,0.8181,0.8155160718253973,0.0025839281746027343,0.00788,0.007347400330687831,0.000532599669312169,-0.1507,-0.15186840648148145,0.0011684064814814488
NACA 6412,0.06,0.4,0.12,3.0,1000000.0,train,1.0287,1.0198072919312169,0.008892708068783062,0.00757,0.007436444523809521,0.00013355547619047902,-0.1485,-0.14994734153439146,0.0014473415343914664
NACA 6412,0.06,0.4,0.12,4.0,1000000.0,train,1.136,1.1350286218253969,0.0009713781746030214,0.00807,0.008066642764550264,3.3572354497368034e-06,-0.1479,-0.14934216679894186,0.0014421667989418518
NACA 6412,0.06,0.4,0.12,5.0,1000000.0,train,1.2405,1.2343436861351613,0.006156313864838614,0.00868,0.008693152118807118,-1.3152118807117572e-05,-0.1468,-0.14851306119528604,0.0017130611952860253
NACA 6412,0.06,0.4,0.12,6.0,1000000.0,train,1.3423,1.3395540541005284,0.0027459458994716357,0.00931,0.0095352701984127,-0.0002252701984126991,-0.1453,-0.14664516005290995,0.0013451600529099383
NACA 6412,0.06,0.4,0.12,7.0,1000000.0,train,1.4389,1.4299872017195763,0.008912798280423795,0.01013,0.010845380264550264,-0.0007153802645502635,-0.143,-0.14287033439153443,-0.00012966560846555675
NACA 6412,0.06,0.4,0.12,8.0,1000000.0,train,1.5193,1.5046948505291007,0.014605149470899415,0.0115,0.012872616402116396,-0.0013726164021163959,-0.1378,-0.13610401375661377,-0.0016959862433862383
NACA 6412,0.06,0.4,0.12,9.0,1000000.0,train,1.5723,1.5611781640211642,0.01112183597883587,0.01421,0.015695148267195768,-0.0014851482671957676,-0.1283,-0.1263576421957671,-0.0019423578042329082
NACA 6412,0.06,0.4,0.12,10.0,1000000.0,train,1.5994,1.597042954761905,0.0023570452380949902,0.01851,0.019550659140211615,-0.001040659140211616,-0.116,-0.11673745291005291,0.0007374529100529076
NACA 6412,0.06,0.4,0.12,11.0,1000000.0,train,1.627,1.6279711687627185,-0.0009711687627185217,0.02329,0.025362615451770435,-0.0020726154517704334,-0.1057,-0.10600122051282052,0.0003012205128205131
NACA 6412,0.06,0.4,0.12,12.0,1000000.0,train,1.658,1.6580077896020649,-7.789602064933732e-06,0.02848,0.032794445901505945,-0.004314445901505946,-0.0977,-0.09560149298756788,-0.0020985070124321104
NACA 6412,0.06,0.4,0.12,13.0,1000000.0,train,1.683,1.6710652578763843,0.011934742123615782,0.03486,0.03677735152116407,-0.001917351521164068,-0.091,-0.09160127221019711,0.0006012722101971096
NACA 6412,0.06,0.4,0.12,14.0,1000000.0,train,1.6988,1.6604839396224156,0.038316060377584504,0.04295,0.039119665965608494,0.003830334034391508,-0.0855,-0.08868829681337168,0.003188296813371669
NACA 0006,0.0,0.0,0.06,-6.0,2000000.0,train,-0.6567,-0.6531732026455025,-0.0035267973544974573,0.00965,0.013296824788359812,-0.0036468247883598114,-0.0012,-0.002302805555555556,0.0011028055555555563
NACA 0006,0.0,0.0,0.06,-5.0,2000000.0,train,-0.5518,-0.5518491619047614,4.916190476145221e-05,0.00805,0.009957011666666678,-0.0019070116666666786,-0.0001,-0.0004066964285714288,0.0003066964285714288
NACA 0006,0.0,0.0,0.06,-4.0,2000000.0,train,-0.4462,-0.44558599378306873,-0.000614006216931251,0.00702,0.007430492248677243,-0.000410492248677243,0.0011,0.0002733472222222222,0.0008266527777777779
NACA 0006,0.0,0.0,0.06,-3.0,2000000.0,train,-0.3427,-0.33566229510582013,-0.007037704894179875,0.00621,0.006334963955026454,-0.0001249639550264534,0.0027,0.0003612205026455026,0.0023387794973544975
NACA 0006,0.0,0.0,0.06,-2.0,2000000.0,train,-0.2202,-0.22532260787638278,0.005122607876382773,0.00491,0.005108036592111589,-0.00019803659211158845,-0.0005,9.911580086580195e-06,-0.0005099115800865802
NACA 0006,0.0,0.0,0.06,-1.0,2000000.0,train,-0.0999,-0.11377195238095242,0.013871952380952415,0.00367,0.004318780793650795,-0.0006487807936507947,-0.0029,-3.0551587301586315e-06,-0.0028969448412698414
NACA 0006,0.0,0.0,0.06,0.0,2000000.0,train,-0.0,0.0,-0.0,0.00324,0.0037232704894179904,-0.00048327048941799056,0.0,0.0,0.0
NACA 0006,0.0,0.0,0.06,1.0,2000000.0,train,0.0999,0.11837003174603151,-0.018470031746031512,0.00367,0.004186433373015873,-0.0005164333730158731,0.0029,-0.0009585777777777778,0.0038585777777777777
NACA 0006,0.0,0.0,0.06,2.0,2000000.0,train,0.2202,0.22510243558201032,-0.004902435582010312,0.00491,0.00510965816137566,-0.0001996581613756595,0.0005,4.724880952380954e-05,0.0004527511904761905
NACA 0006,0.0,0.0,0.06,3.0,2000000.0,train,0.3427,0.3352024778138529,0.007497522186147132,0.00621,0.006295719098124105,-8.571909812410492e-05,-0.0027,-0.0002105935305435307,-0.0024894064694564694
NACA 0006,0.0,0.0,0.06,4.0,2000000.0,train,0.4462,0.4456816459595955,0.0005183540404045117,0.00702,0.007465787726070223,-0.0004457877260702226,-0.0011,-0.0003137699013949014,-0.0007862300986050987
NACA 0006,0.0,0.0,0.06,5.0,2000000.0,train,0.5518,0.5534599485449735,-0.001659948544973533,0.00805,0.009721226878306885,-0.0016712268783068852,0.0001,0.00010196600529100531,-1.966005291005306e-06
NACA 0006,0.0,0.0,0.06,7.0,2000000.0,train,0.7585,0.7571917900793657,0.0013082099206342956,0.01222,0.015429174047619029,-0.003209174047619029,0.0026,0.0031217293650793593,-0.0005217293650793594
NACA 0006,0.0,0.0,0.06,8.0,2000000.0,train,0.8559,0.8678524928571429,-0.011952492857142949,0.01606,0.013785314444444434,0.002274685555555567,0.0044,0.0030734796296296297,0.0013265203703703705
NACA 0006,0.0,0.0,0.06,9.0,2000000.0,train,0.9457,0.9629708226190479,-0.017270822619047888,0.02122,0.017096528902116416,0.004123471097883583,0.0063,0.004973710317460321,0.0013262896825396789
NACA 0008,0.0,0.0,0.08,-6.0,2000000.0,train,-0.6734,-0.669811124074074,-0.0035888759259260494,0.00862,0.009914229140211657,-0.0012942291402116574,0.0017,0.000714817328042329,0.000985182671957671
NACA 0008,0.0,0.0,0.08,-5.0,2000000.0,train,-0.5742,-0.5640669674603174,-0.010133032539682674,0.00773,0.008515505634920633,-0.0007855056349206331,0.0042,0.0017239424603174602,0.0024760575396825394
NACA 0008,0.0,0.0,0.08,-4.0,2000000.0,train,-0.4526,-0.4492733326719575,-0.0033266673280424874,0.00686,0.007158188333333323,-0.0002981883333333232,0.0017,0.0008223281746031753,0.0008776718253968246
NACA 0008,0.0,0.0,0.08,-3.0,2000000.0,train,-0.3211,-0.33545326574074064,0.01435326574074064,0.0058,0.006214846653439154,-0.0004148466534391543,-0.0031,4.187526455026463e-05,-0.0031418752645502646
NACA 0008,0.0,0.0,0.08,-2.0,2000000.0,train,-0.2109,-0.22146614636844614,0.010566146368446133,0.00477,0.005084880679413176,-0.0003148806794131759,-0.0029,-0.0009301788961038959,-0.001969821103896104
NACA 0008,0.0,0.0,0.08,-1.0,2000000.0,train,-0.1069,-0.11108122460317467,0.004181224603174674,0.00419,0.004370817380952382,-0.00018081738095238227,-0.0011,-0.0006398845238095235,-0.00046011547619047657
NACA 0008,0.0,0.0,0.08,0.0,2000000.0,train,0.0,0.0,0.0,0.00402,0.004006079894179895,1.3920105820105014e-05,-0.0,0.0,-0.0
NACA 0008,0.0,0.0,0.08,1.0,2000000.0,train,0.1069,0.11093012896825388,-0.004030128968253888,0.00419,0.004330410555555558,-0.00014041055555555782,0.0011,0.0007145964285714284,0.00038540357142857165
NACA 0008,0.0,0.0,0.08,2.0,2000000.0,train,0.2109,0.22191155780423258,-0.011011557804232575,0.00477,0.005100842447089945,-0.0003308424470899454,0.0029,0.0008520583333333331,0.0020479416666666665
NACA 0008,0.0,0.0,0.08,3.0,2000000.0,train,0.3211,0.3341385413059164,-0.013038541305916418,0.0058,0.006186677391774897,-0.00038667739177489745,0.0031,0.0002033878186628189,0.002896612181337181
NACA 0008,0.0,0.0,0.08,4.0,2000000.0,train,0.4526,0.44821541778499246,0.0043845822150075375,0.00686,0.00719857914141414,-0.00033857914141414026,-0.0017,-0.0006679464886964888,-0.001032053511303511
NACA 0008,0.0,0.0,0.08,5.0,2000000.0,train,0.5741,0.5640780624338624,0.010021937566137673,0.00773,0.008538769219576713,-0.0008087692195767127,-0.0042,-0.0017320510582010573,-0.0024679489417989424
NACA 0008,0.0,0.0,0.08,6.0,2000000.0,train,0.6734,0.6641850724867723,0.009214927513227722,0.00862,0.01148529865079366,-0.0028652986507936608,-0.0017,0.0003506900793650788,-0.0020506900793650787
NACA 0008,0.0,0.0,0.08,7.0,2000000.0,train,0.7748,0.7654088797619045,0.009391120238095518,0.00972,0.012990825079365071,-0.0032708250793650716,0.0002,0.0018388373015873012,-0.0016388373015873011
NACA 0008,0.0,0.0,0.08,8.0,2000000.0,train,0.8767,0.8678524928571429,0.008847507142857092,0.01118,0.013785314444444434,-0.0026053144444444336,0.0018,0.0030734796296296297,-0.0012734796296296298
NACA 0008,0.0,0.0,0.08,9.0,2000000.0,train,0.9786,0.9629708226190479,0.015629177380952153,0.01266,0.017096528902116416,-0.004436528902116417,0.003,0.004973710317460321,-0.001973710317460321
NACA 0008,0.0,0.0,0.08,10.0,2000000.0,train,1.0733,1.0484848064814816,0.024815193518518353,0.01534,0.020150810396825362,-0.004810810396825363,0.0051,0.007159926587301582,-0.0020599265873015816
NACA 0008,0.0,0.0,0.08,11.0,2000000.0,train,1.1662,1.1684227458994707,-0.0022227458994708016,0.01792,0.018272907949735455,-0.00035290794973545647,0.0071,0.0073158846560846535,-0.00021588465608465314
NACA 0008,0.0,0.0,0.08,12.0,2000000.0,train,1.2552,1.261084738227512,-0.00588473822751201,0.02057,0.019108749034391553,0.0014612509656084481,0.0092,0.008857591798941805,0.00034240820105819504
NACA 0008,0.0,0.0,0.08,13.0,2000000.0,train,1.3062,1.3327088571428578,-0.026508857142857778,0.02747,0.0239170511904762,0.0035529488095238024,0.0143,0.013793262698412707,0.0005067373015872935
NACA 0008,0.0,0.0,0.08,14.0,2000000.0,train,1.3352,1.3794890363756627,-0.04428903637566273,0.03379,0.026530922235449714,0.007259077764550287,0.0206,0.017130993121693135,0.003469006878306865
NACA 0009,0.0,0.0,0.09,-6.0,2000000.0,train,-0.689,-0.6768473074074071,-0.012152692592592884,0.00853,0.009192687314814813,-0.0006626873148148135,0.0047,0.0018531058201058188,0.002846894179894181
NACA 0009,0.0,0.0,0.09,-5.0,2000000.0,train,-0.5685,-0.5666262489417988,-0.0018737510582012007,0.00764,0.008132410224867723,-0.000492410224867723,0.0024,0.0019546164021164037,0.0004453835978835961
NACA 0009,0.0,0.0,0.09,-4.0,2000000.0,train,-0.4357,-0.44639686481481466,0.010696864814814688,0.00669,0.0070470849206349185,-0.0003570849206349187,-0.0026,-0.0002234269841269843,-0.0023765730158730155
NACA 0009,0.0,0.0,0.09,-3.0,2000000.0,train,-0.3189,-0.3290039428571425,0.0101039428571425,0.00568,0.006025832063492058,-0.0003458320634920579,-0.0039,-0.0017517681216931216,-0.002148231878306878
NACA 0009,0.0,0.0,0.09,-2.0,2000000.0,train,-0.2151,-0.21778219491341985,0.0026821949134198386,0.00489,0.005166149422799422,-0.00027614942279942205,-0.002,-0.0017671517797017788,-0.0002328482202982212
NACA 0009,0.0,0.0,0.09,-1.0,2000000.0,train,-0.1084,-0.10914459497354495,0.0007445949735449542,0.00447,0.004828769629629631,-0.00035876962962963065,-0.0008,-0.000919845370370371,0.00011984537037037092
NACA 0009,0.0,0.0,0.09,0.0,2000000.0,train,0.0,0.0,0.0,0.00435,0.00440018620971621,-5.018620971621035e-05,-0.0,0.0,-0.0
NACA 0009,0.0,0.0,0.09,1.0,2000000.0,train,0.1084,0.10903371005290995,-0.0006337100529099499,0.00447,0.004835929907407408,-0.000365929907407408,0.0008,0.0009878211640211645,-0.0001878211640211645
NACA 0009,0.0,0.0,0.09,2.0,2000000.0,train,0.2151,0.21691708267195764,-0.001817082671957626,0.00489,0.0051705543915343925,-0.0002805543915343923,0.002,0.0019530326719576717,4.69673280423283e-05
NACA 0009,0.0,0.0,0.09,3.0,2000000.0,train,0.3189,0.3293578782106781,-0.010457878210678062,0.00568,0.0060245005134680115,-0.00034450051346801135,0.0039,0.0016285237974987975,0.002271476202501202
NACA 0009,0.0,0.0,0.09,4.0,2000000.0,train,0.4357,0.4460478269119768,-0.010347826911976832,0.00669,0.007044322712842713,-0.0003543227128427135,0.0026,0.00022207374939874948,0.0023779262506012505
NACA 0009,0.0,0.0,0.09,5.0,2000000.0,train,0.5686,0.5674716921957673,0.0011283078042326755,0.00764,0.008229673624338624,-0.000589673624338624,-0.0024,-0.0021001966931216936,-0.00029980330687830615
NACA 0009,0.0,0.0,0.09,6.0,2000000.0,train,0.689,0.6772408793650796,0.01175912063492035,0.00853,0.009386154576719584,-0.0008561545767195849,-0.0047,-0.0018712078042328031,-0.002828792195767197
NACA 0009,0.0,0.0,0.09,7.0,2000000.0,train,0.7858,0.7771739976190476,0.008626002380952458,0.00944,0.011065674404761906,-0.0016256744047619051,-0.0018,-6.384999999999987e-05,-0.00173615
NACA 0009,0.0,0.0,0.09,8.0,2000000.0,train,0.8848,0.8770543443121699,0.007745655687830144,0.01057,0.012357818505290991,-0.0017878185052909914,0.0006,0.0018034291005290986,-0.0012034291005290987
NACA 0009,0.0,0.0,0.09,9.0,2000000.0,train,0.985,0.9751738990740745,0.009826100925925507,0.01198,0.014261860648148153,-0.0022818606481481533,0.0023,0.0036318563492063497,-0.0013318563492063498
NACA 0009,0.0,0.0,0.09,10.0,2000000.0,train,1.0824,1.0694751846560842,0.012924815343915874,0.01386,0.016275388849206346,-0.002415388849206345,0.0042,0.0057679353174603185,-0.0015679353174603188
NACA 0009,0.0,0.0,0.09,11.0,2000000.0,train,1.1792,1.1760197988095236,0.0031802011904764615,0.01565,0.016720278505291012,-0.0010702785052910113,0.006,0.006678532142857143,-0.0006785321428571427
NACA 0009,0.0,0.0,0.09,12.0,2000000.0,train,1.2658,1.2676972363756602,-0.001897236375660194,0.01854,0.018384277843915366,0.0001557221560846353,0.0087,0.008644292063492069,5.570793650793056e-05
NACA 0009,0.0,0.0,0.09,13.0,2000000.0,train,1.3437,1.3374906420634929,0.0062093579365070095,0.02189,0.022932913333333346,-0.0010429133333333465,0.0122,0.01336181825396826,-0.0011618182539682598
NACA 0009,0.0,0.0,0.09,14.0,2000000.0,train,1.4086,1.3888317939153454,0.019768206084654683,0.02573,0.025535754219576698,0.0001942457804233015,0.0166,0.017134736772486777,-0.0005347367724867769
NACA 0010,0.0,0.0,0.1,-6.0,2000000.0,train,-0.6843,-0.6799922313492066,-0.004307768650793409,0.00842,0.009040267962962959,-0.0006202679629629584,0.0031,0.002125027380952378,0.0009749726190476219
NACA 0010,0.0,0.0,0.1,-5.0,2000000.0,train,-0.5511,-0.5657208937830689,0.014620893783068856,0.0075,0.008084546931216935,-0.0005845469312169352,-0.0019,0.0012707120370370373,-0.0031707120370370375
NACA 0010,0.0,0.0,0.1,-4.0,2000000.0,train,-0.4288,-0.44286162910052895,0.014061629100528938,0.00654,0.0069616524603174565,-0.0004216524603174567,-0.0044,-0.0012183174603174604,-0.00318168253968254
NACA 0010,0.0,0.0,0.1,-3.0,2000000.0,train,-0.3237,-0.32654632380952364,0.0028463238095236543,0.00568,0.00600385857142857,-0.00032385857142857005,-0.0028,-0.002468974867724868,-0.0003310251322751318
NACA 0010,0.0,0.0,0.1,-2.0,2000000.0,train,-0.2177,-0.21818225674603176,0.0004822567460317506,0.00506,0.005443167976190472,-0.00038316797619047157,-0.0014,-0.0017197597883597882,0.00031975978835978823
NACA 0010,0.0,0.0,0.1,-1.0,2000000.0,train,-0.1094,-0.1091210395502645,-0.0002789604497354936,0.00473,0.00510247417989418,-0.0003724741798941805,-0.0006,-0.0007833940476190483,0.00018339404761904838
NACA 0010,0.0,0.0,0.1,0.0,2000000.0,train,0.0,0.0,0.0,0.00464,0.004733373841991339,-9.337384199133939e-05,-0.0,0.0,-0.0
NACA 0010,0.0,0.0,0.1,1.0,2000000.0,train,0.1094,0.10918927592592581,0.0002107240740741867,0.00473,0.005069176891534393,-0.00033917689153439325,0.0006,0.0007889703703703709,-0.00018897037037037098
NACA 0010,0.0,0.0,0.1,2.0,2000000.0,train,0.2177,0.21794015022847527,-0.00024015022847526102,0.00506,0.005420937435064932,-0.00036093743506493154,0.0014,0.0017966215608465612,-0.00039662156084656125
NACA 0010,0.0,0.0,0.1,3.0,2000000.0,train,0.3237,0.32716153522126024,-0.003461535221260248,0.00568,0.006016982775372774,-0.0003369827753727742,0.0028,0.0023583685064935056,0.0004416314935064944
NACA 0010,0.0,0.0,0.1,4.0,2000000.0,train,0.4288,0.44125280429292907,-0.012452804292929054,0.00654,0.006880646839826843,-0.0003406468398268435,0.0044,0.0015544437229437222,0.002845556277056278
NACA 0010,0.0,0.0,0.1,5.0,2000000.0,train,0.5511,0.5664090259259259,-0.015309025925925868,0.0075,0.008154778068783071,-0.0006547780687830712,0.0019,-0.0014950760582010583,0.003395076058201058
NACA 0010,0.0,0.0,0.1,6.0,2000000.0,train,0.6844,0.6797949256613758,0.0046050743386242265,0.00842,0.009040099246031748,-0.0006200992460317478,-0.0031,-0.0020835534391534373,-0.0010164465608465626
NACA 0010,0.0,0.0,0.1,7.0,2000000.0,train,0.8019,0.7864659660533914,0.015434033946608583,0.0094,0.010435117792207797,-0.0010351177922077962,-0.0049,-0.0014629998196248194,-0.0034370001803751805
NACA 0010,0.0,0.0,0.1,8.0,2000000.0,train,0.8957,0.8844043300264557,0.011295669973544364,0.01039,0.011620055873015863,-0.0012300558730158635,-0.0014,0.0008024421957671956,-0.0022024421957671956
NACA 0010,0.0,0.0,0.1,9.0,2000000.0,train,0.9918,0.9820568538359797,0.009743146164020278,0.0116,0.013296157552910054,-0.0016961575529100548,0.0014,0.002794029365079367,-0.0013940293650793669
NACA 0010,0.0,0.0,0.1,10.0,2000000.0,train,1.0889,1.0807479944444434,0.008152005555556618,0.01312,0.01463641861111111,-0.00151641861111111,0.0036,0.004771012301587299,-0.0011710123015872993
NACA 0010,0.0,0.0,0.1,11.0,2000000.0,train,1.1857,1.1805838210317456,0.005116178968254337,0.0147,0.01587747874338625,-0.0011774787433862493,0.0055,0.00622059880952381,-0.0007205988095238102
NACA 0010,0.0,0.0,0.1,12.0,2000000.0,train,1.2748,1.2735742634920626,0.0012257365079373361,0.01703,0.017438984272486798,-0.00040898427248679814,0.0082,0.008375784920634923,-0.00017578492063492247
NACA 0010,0.0,0.0,0.1,13.0,2000000.0,train,1.3607,1.351025810185185,0.009674189814814937,0.01931,0.020415808253968257,-0.001105808253968256,0.0111,0.013031118915343915,-0.0019311189153439143
NACA 0010,0.0,0.0,0.1,14.0,2000000.0,train,1.4369,1.4130615974867735,0.023838402513226553,0.02201,0.02255256957671958,-0.0005425695767195815,0.0149,0.016935928330928326,-0.0020359283309283258
NACA 0012,0.0,0.0,0.12,-6.0,2000000.0,train,-0.6526,-0.6737621812169321,0.02116218121693214,0.00817,0.008917983465608462,-0.0007479834656084622,-0.0048,0.00013496851851851858,-0.004934968518518519
NACA 0012,0.0,0.0,0.12,-5.0,2000000.0,train,-0.5412,-0.5583728660052909,0.017172866005290888,0.00727,0.00800215264550265,-0.0007321526455026494,-0.0047,-0.0009040435185185177,-0.0037959564814814824
NACA 0012,0.0,0.0,0.12,-4.0,2000000.0,train,-0.4367,-0.4387066936507936,0.002006693650793645,0.00648,0.006932722301587302,-0.000452722301587302,-0.0029,-0.0025829527777777774,-0.0003170472222222224
NACA 0012,0.0,0.0,0.12,-3.0,2000000.0,train,-0.3298,-0.3288212638888887,-0.000978736111111267,0.00585,0.006269986706349209,-0.00041998670634920895,-0.0017,-0.002204780158730156,0.0005047801587301562
NACA 0012,0.0,0.0,0.12,-2.0,2000000.0,train,-0.2209,-0.21946956560846553,-0.0014304343915344797,0.00545,0.005818576825396822,-0.00036857682539682187,-0.0009,-0.0013731195767195767,0.00047311957671957675
NACA 0012,0.0,0.0,0.12,-1.0,2000000.0,train,-0.1108,-0.10988690674603181,-0.0009130932539681835,0.00523,0.005438879814814815,-0.00020887981481481493,-0.0004,-0.0006362828042328037,0.00023628280423280366
NACA 0012,0.0,0.0,0.12,0.0,2000000.0,train,0.0,0.0,0.0,0.00516,0.005277494265271764,-0.00011749426527176473,-0.0,0.0,-0.0
NACA 0012,0.0,0.0,0.12,1.0,2000000.0,train,0.1108,0.1099280141534392,0.0008719858465607994,0.00523,0.0054381407275132295,-0.00020814072751322923,0.0004,0.0006244445767195763,-0.0002244445767195763
NACA 0012,0.0,0.0,0.12,2.0,2000000.0,train,0.2209,0.21921907493987491,0.0016809250601250991,0.00545,0.00581342691919192,-0.00036342691919191965,0.0009,0.0014207518999518995,-0.0005207518999518995
NACA 0012,0.0,0.0,0.12,3.0,2000000.0,train,0.3298,0.3287016425925926,0.0010983574074073799,0.00585,0.006337011097883602,-0.00048701109788360213,0.0017,0.0023146555555555535,-0.0006146555555555536
NACA 0012,0.0,0.0,0.12,4.0,2000000.0,train,0.4367,0.4377768857744109,-0.0010768857744108962,0.00648,0.006857451482683985,-0.00037745148268398566,0.0029,0.002773865680615682,0.000126134319384318
NACA 0012,0.0,0.0,0.12,5.0,2000000.0,train,0.5412,0.5564774112433866,-0.015277411243386552,0.00727,0.007928260092592588,-0.0006582600925925872,0.0047,0.001324747354497354,0.003375252645502646
NACA 0012,0.0,0.0,0.12,6.0,2000000.0,train,0.6526,0.6745146851851858,-0.0219146851851858,0.00817,0.008926447804232795,-0.0007564478042327953,0.0048,-0.0002653431216931219,0.005065343121693122
NACA 0012,0.0,0.0,0.12,7.0,2000000.0,train,0.7823,0.7925329112914862,-0.01023291129148618,0.00916,0.010274856562049062,-0.0011148565620490627,0.0005,-0.0020216442640692642,0.0025216442640692643
NACA 0012,0.0,0.0,0.12,8.0,2000000.0,train,0.9136,0.894917292724868,0.018682707275131993,0.0102,0.011227553518518512,-0.0010275535185185116,-0.0043,-0.00036305780423280423,-0.0039369421957671956
NACA 0012,0.0,0.0,0.12,9.0,2000000.0,train,1.0182,0.9950215976190477,0.023178402380952257,0.01127,0.01233735920634921,-0.001067359206349209,-0.0034,0.0013269531746031736,-0.004726953174603173
NACA 0012,0.0,0.0,0.12,10.0,2000000.0,train,1.1048,1.0899437079365075,0.014856292063492482,0.01241,0.01368672813492065,-0.0012767281349206506,0.0012,0.0038098488095238098,-0.0026098488095238096
NACA 0012,0.0,0.0,0.12,11.0,2000000.0,train,1.1941,1.187932551190476,0.006167448809524023,0.01385,0.014808612433862441,-0.0009586124338624418,0.0049,0.00572280634920635,-0.0008228063492063502
NACA 0012,0.0,0.0,0.12,12.0,2000000.0,train,1.2863,1.2797969138888885,0.0065030861111115,0.01528,0.01636067272486774,-0.0010806727248677383,0.0077,0.008160575396825402,-0.0004605753968254019
NACA 0012,0.0,0.0,0.12,13.0,2000000.0,train,1.3712,1.3559127112433864,0.01528728875661356,0.01724,0.018619134960317453,-0.0013791349603174546,0.0111,0.01364105793650794,-0.00254105793650794
NACA 0012,0.0,0.0,0.12,14.0,2000000.0,train,1.4503,1.4188622767195769,0.03143772328042305,0.01927,0.020791389656084645,-0.0015213896560846464,0.0151,0.017511487193362183,-0.0024114871933621825
NACA 0015,0.0,0.0,0.15,-6.0,2000000.0,train,-0.6564,-0.6574698788359794,0.001069878835979421,0.008,0.00878288701058201,-0.0007828870105820104,-0.0043,-0.004188230423280423,-0.00011176957671957689
NACA 0015,0.0,0.0,0.15,-5.0,2000000.0,train,-0.5508,-0.5452978277777778,-0.005502172222222157,0.00728,0.008015942777777785,-0.0007359427777777847,-0.0029,-0.0044929013227513245,0.0015929013227513247
NACA 0015,0.0,0.0,0.15,-4.0,2000000.0,train,-0.443,-0.4367301886243386,-0.006269811375661405,0.00672,0.007275453769841276,-0.0005554537698412758,-0.0018,-0.003337085582010584,0.001537085582010584
NACA 0015,0.0,0.0,0.15,-3.0,2000000.0,train,-0.3338,-0.3297781011904762,-0.004021898809523805,0.00631,0.006558554960317462,-0.0002485549603174625,-0.0011,-0.002062516666666664,0.000962516666666664
NACA 0015,0.0,0.0,0.15,-2.0,2000000.0,train,-0.2233,-0.2204280825396824,-0.002871917460317591,0.00605,0.006309529761904759,-0.00025952976190475943,-0.0006,-0.0012142404761904756,0.0006142404761904757
NACA 0015,0.0,0.0,0.15,-1.0,2000000.0,train,-0.1119,-0.11051096706349213,-0.0013890329365078696,0.00589,0.0060516700529100525,-0.00016167005291005225,-0.0002,-0.000528732804232804,0.00032873280423280403
NACA 0015,0.0,0.0,0.15,0.0,2000000.0,train,-0.0,0.0,-0.0,0.00585,0.006376507354497346,-0.0005265073544973463,0.0,0.0,0.0
NACA 0015,0.0,0.0,0.15,1.0,2000000.0,train,0.1119,0.11050304457671963,0.0013969554232803744,0.00589,0.006019037883597882,-0.00012903788359788174,0.0002,0.0005255003968253968,-0.0003255003968253968
NACA 0015,0.0,0.0,0.15,2.0,2000000.0,train,0.2233,0.22030071541606547,0.0029992845839345306,0.00605,0.006304930450937951,-0.0002549304509379515,0.0006,0.001235680074555074,-0.000635680074555074
NACA 0015,0.0,0.0,0.15,3.0,2000000.0,train,0.3339,0.3294884382275134,0.004411561772486583,0.00631,0.006597205661375667,-0.00028720566137566735,0.0011,0.002190279761904759,-0.001090279761904759
NACA 0015,0.0,0.0,0.15,4.0,2000000.0,train,0.443,0.43670955317460314,0.006290446825396867,0.00672,0.007136522261904766,-0.000416522261904766,0.0018,0.003276958862433867,-0.001476958862433867
NACA 0015,0.0,0.0,0.15,5.0,2000000.0,train,0.5508,0.5455028398148145,0.0052971601851854455,0.00728,0.008088556732804241,-0.0008085567328042411,0.0029,0.004450492195767194,-0.0015504921957671938
NACA 0015,0.0,0.0,0.15,6.0,2000000.0,train,0.6564,0.6591532667989412,-0.0027532667989411674,0.008,0.008822240370370356,-0.000822240370370356,0.0043,0.0038036037037037004,0.0004963962962962996
NACA 0015,0.0,0.0,0.15,7.0,2000000.0,train,0.7591,0.7748904313492065,-0.015790431349206546,0.00882,0.00989718175925927,-0.00107718175925927,0.0064,0.0027793146825396847,0.0036206853174603156
NACA 0015,0.0,0.0,0.15,8.0,2000000.0,train,0.8654,0.8887429216931216,-0.023342921693121688,0.00976,0.010969462367724865,-0.0012094623677248659,0.0074,0.0018194382275132264,0.005580561772486774
NACA 0015,0.0,0.0,0.15,9.0,2000000.0,train,0.9914,0.9983769955026459,-0.006976995502645966,0.01089,0.012126980925925937,-0.001236980925925937,0.0038,0.0015544683862433854,0.0022455316137566144
NACA 0015,0.0,0.0,0.15,10.0,2000000.0,train,1.1194,1.0987168093915345,0.020683190608465463,0.01213,0.013279010793650795,-0.001149010793650795,-0.0006,0.0030001876984126975,-0.0036001876984126974
NACA 0015,0.0,0.0,0.15,11.0,2000000.0,train,1.2238,1.1922704908730148,0.031529509126985156,0.01336,0.014180882380952381,-0.000820882380952381,-0.0003,0.005587167724867726,-0.005887167724867726
NACA 0015,0.0,0.0,0.15,12.0,2000000.0,train,1.2908,1.279675524206349,0.011124475793651056,0.01455,0.015723286097883607,-0.0011732860978836065,0.0078,0.008825540873015887,-0.0010255408730158871
NACA 0015,0.0,0.0,0.15,13.0,2000000.0,train,1.3652,1.3488096989417984,0.016390301058201606,0.01604,0.017602917460317464,-0.0015629174603174652,0.0136,0.01572654087301587,-0.0021265408730158693
NACA 0015,0.0,0.0,0.15,14.0,2000000.0,train,1.4258,1.4057241382275127,0.020075861772487213,0.01803,0.019526585211640215,-0.001496585211640214,0.0209,0.020700640367965373,0.00019935963203462567
NACA 0018,0.0,0.0,0.18,-6.0,2000000.0,train,-0.6588,-0.6399798318783072,-0.01882016812169285,0.0081,0.009222656216931219,-0.0011226562169312192,-0.0039,-0.008071228571428569,0.004171228571428569
NACA 0018,0.0,0.0,0.18,-5.0,2000000.0,train,-0.5523,-0.5401808384920634,-0.012119161507936571,0.00756,0.008256237936507937,-0.0006962379365079369,-0.0027,-0.005455041798941795,0.0027550417989417953
NACA 0018,0.0,0.0,0.18,-4.0,2000000.0,train,-0.444,-0.43443627870370366,-0.009563721296296346,0.00714,0.0075814105952381,-0.0004414105952381007,-0.0018,-0.0038236387566137607,0.0020236387566137607
NACA 0018,0.0,0.0,0.18,-3.0,2000000.0,train,-0.3343,-0.32784777817460314,-0.006452221825396842,0.00684,0.006919214007936508,-7.921400793650842e-05,-0.0011,-0.0024756301587301557,0.0013756301587301556
NACA 0018,0.0,0.0,0.18,-2.0,2000000.0,train,-0.2235,-0.22001461984126985,-0.0034853801587301503,0.00663,0.006582225,4.77749999999999e-05,-0.0007,-0.0013048956349206349,0.0006048956349206349
NACA 0018,0.0,0.0,0.18,-1.0,2000000.0,train,-0.112,-0.11017109166666676,-0.00182890833333324,0.00651,0.0064596726719576706,5.0327328042329596e-05,-0.0003,-0.0006085875661375659,0.00030858756613756595
NACA 0018,0.0,0.0,0.18,0.0,2000000.0,train,-0.0,0.0,-0.0,0.00646,0.0072289424338624255,-0.0007689424338624259,0.0,0.0,0.0
NACA 0018,0.0,0.0,0.18,1.0,2000000.0,train,0.112,0.11012373941798953,0.0018762605820104722,0.00651,0.00644667514550264,6.332485449736004e-05,0.0003,0.0006172547619047616,-0.00031725476190476166
NACA 0018,0.0,0.0,0.18,2.0,2000000.0,train,0.2235,0.21980727652717671,0.0036927234728232894,0.00663,0.00662845045093795,1.5495490620492935e-06,0.0007,0.0013564939634439631,-0.0006564939634439631
NACA 0018,0.0,0.0,0.18,3.0,2000000.0,train,0.3343,0.3278229940476192,0.0064770059523807655,0.00684,0.006950903293650798,-0.00011090329365079799,0.0011,0.0024950353174603133,-0.0013950353174603132
NACA 0018,0.0,0.0,0.18,4.0,2000000.0,train,0.444,0.43348380873015857,0.010516191269841435,0.00714,0.007614741865079369,-0.00047474186507936913,0.0018,0.003998261640211643,-0.0021982616402116428
NACA 0018,0.0,0.0,0.18,5.0,2000000.0,train,0.5524,0.5349076662698411,0.017492333730158904,0.00756,0.008544918002645514,-0.0009849180026455144,0.0027,0.006387197089947089,-0.0036871970899470885
NACA 0018,0.0,0.0,0.18,6.0,2000000.0,train,0.6589,0.6418329739417986,0.01706702605820143,0.0081,0.009085930489417983,-0.000985930489417983,0.0039,0.0076555955026455,-0.0037555955026455003
NACA 0018,0.0,0.0,0.18,7.0,2000000.0,train,0.7631,0.7521333833333337,0.010966616666666318,0.00879,0.010153770291005303,-0.0013637702910053034,0.0055,0.008036015476190478,-0.0025360154761904785
NACA 0018,0.0,0.0,0.18,8.0,2000000.0,train,0.8642,0.8629012501322753,0.0012987498677247133,0.00959,0.010935827156084656,-0.0013458271560846564,0.0077,0.007822159391534394,-0.0001221593915343936
NACA 0018,0.0,0.0,0.18,9.0,2000000.0,train,0.9592,0.9810752667989415,-0.021875266798941473,0.01053,0.011991180132275155,-0.0014611801322751555,0.0109,0.005483529232804235,0.005416470767195765
NACA 0018,0.0,0.0,0.18,10.0,2000000.0,train,1.0609,1.0859450043650793,-0.025045004365079393,0.01163,0.013296760396825395,-0.0016667603968253952,0.0124,0.005873544841269837,0.006526455158730162
NACA 0018,0.0,0.0,0.18,11.0,2000000.0,train,1.1839,1.1851986519841262,-0.0012986519841262645,0.01301,0.014055655714285712,-0.0010456557142857117,0.0087,0.007309528835978837,0.001390471164021162
NACA 0018,0.0,0.0,0.18,12.0,2000000.0,train,1.2972,1.2691814671957675,0.028018532804232388,0.01459,0.01555336968253969,-0.0009633696825396901,0.0065,0.011186743253968269,-0.004686743253968269
NACA 0018,0.0,0.0,0.18,13.0,2000000.0,train,1.326,1.3334288351851837,-0.007428835185183669,0.01586,0.01747111835978836,-0.0016111183597883605,0.0208,0.019287324735449734,0.0015126752645502652
NACA 0018,0.0,0.0,0.18,14.0,2000000.0,train,1.389,1.3814959093915344,0.0075040906084655745,0.01796,0.019175731269841255,-0.0012157312698412547,0.0266,0.02369871841029342,0.0029012815897065773
NACA 0024,0.0,0.0,0.24,-6.0,2000000.0,train,-0.6317,-0.6159421238095243,-0.01575787619047575,0.00888,0.009903730806878314,-0.001023730806878313,-0.0088,-0.012344801587301588,0.0035448015873015878
NACA 0024,0.0,0.0,0.24,-5.0,2000000.0,train,-0.5311,-0.5210848466931213,-0.010015153306878743,0.0085,0.009202861798941801,-0.0007028617989418007,-0.0066,-0.008897541269841268,0.0022975412698412676
NACA 0024,0.0,0.0,0.24,-4.0,2000000.0,train,-0.428,-0.42178579735449767,-0.00621420264550232,0.00818,0.008588069404761898,-0.0004080694047618981,-0.0048,-0.006185803835978843,0.0013858038359788431
NACA 0024,0.0,0.0,0.24,-2.0,2000000.0,train,-0.2159,-0.21487785978835988,-0.0010221402116401268,0.0078,0.007620926177248672,0.00017907382275132722,-0.0021,-0.0023301886243386268,0.0002301886243386269
NACA 0024,0.0,0.0,0.24,-1.0,2000000.0,train,-0.1081,-0.10844441150793661,0.00034441150793661224,0.00771,0.00720008298941798,0.00050991701058202,-0.001,-0.0009515074074074079,-4.84925925925921e-05
NACA 0024,0.0,0.0,0.24,0.0,2000000.0,train,-0.0,0.0,-0.0,0.0077,0.008166163822751323,-0.0004661638227513223,0.0,0.0,0.0
NACA 0024,0.0,0.0,0.24,1.0,2000000.0,train,0.1081,0.10826506547619054,-0.00016506547619053735,0.00771,0.007245570753968248,0.000464429246031752,0.001,0.0009873456349206357,1.2654365079364273e-05
NACA 0024,0.0,0.0,0.24,2.0,2000000.0,train,0.2159,0.21469143144540662,0.0012085685545933922,0.0078,0.00767182116522366,0.0001281788347763397,0.0021,0.002374726851851852,-0.00027472685185185195
NACA 0024,0.0,0.0,0.24,4.0,2000000.0,train,0.428,0.42135701441798945,0.006642985582010541,0.00818,0.008609942843915348,-0.0004299428439153482,0.0048,0.0062767554232804265,-0.001476755423280427
NACA 0024,0.0,0.0,0.24,5.0,2000000.0,train,0.5311,0.5203555315175566,0.01074446848244337,0.0085,0.009282597205387209,-0.0007825972053872084,0.0066,0.009031413431938438,-0.0024314134319384385
NACA 0024,0.0,0.0,0.24,6.0,2000000.0,train,0.6318,0.6167512876984128,0.01504871230158722,0.00888,0.00981448779100529,-0.0009344877910052885,0.0088,0.01212559973544973,-0.003325599735449729
NACA 0024,0.0,0.0,0.24,7.0,2000000.0,train,0.7246,0.7030510593915342,0.021548940608465794,0.00932,0.01084303816137566,-0.0015230381613756602,0.0125,0.01716175251322752,-0.004661752513227518
NACA 0024,0.0,0.0,0.24,8.0,2000000.0,train,0.8158,0.797614773941799,0.018185226058200943,0.00996,0.011628380846560848,-0.001668380846560848,0.0162,0.020285396693121686,-0.004085396693121687
NACA 0024,0.0,0.0,0.24,9.0,2000000.0,train,0.9062,0.8853524858946605,0.02084751410533947,0.0108,0.012799842734487721,-0.0019998427344877206,0.0196,0.024206455808080795,-0.004606455808080796
NACA 0024,0.0,0.0,0.24,10.0,2000000.0,train,0.9923,0.9815809097041845,0.010719090295815414,0.01184,0.014015877972582974,-0.002175877972582974,0.0234,0.024478826839826832,-0.001078826839826831
NACA 0024,0.0,0.0,0.24,11.0,2000000.0,train,1.0705,1.1106549115079363,-0.040154911507936264,0.01318,0.014726460238095245,-0.0015464602380952444,0.0281,0.022563067857142873,0.005536932142857127
NACA 0024,0.0,0.0,0.24,12.0,2000000.0,train,1.138,1.1932387428571427,-0.05523874285714281,0.01496,0.01579192452380953,-0.00083192452380953,0.0341,0.02336485013227515,0.01073514986772485
NACA 0024,0.0,0.0,0.24,13.0,2000000.0,train,1.2376,1.2953077387566125,-0.0577077387566125,0.01729,0.01811006966931216,-0.0008200696693121609,0.0322,0.02570774629629632,0.006492253703703679
NACA 0024,0.0,0.0,0.24,14.0,2000000.0,train,1.3119,1.3379017046296295,-0.026001704629629474,0.02024,0.019261669444444428,0.0009783305555555732,0.0333,0.02733292952140453,0.005967070478595474
NACA 1408,0.01,0.4,0.08,-5.0,2000000.0,train,-0.4329,-0.4441923231481486,0.011292323148148598,0.00741,0.008210470515873015,-0.0008004705158730155,-0.0277,-0.025354957010582022,-0.0023450429894179767
NACA 1408,0.01,0.4,0.08,-4.0,2000000.0,train,-0.3101,-0.3262646053511303,0.01616460535113029,0.0066,0.007411760833333335,-0.0008117608333333354,-0.0302,-0.026784748232323245,-0.0034152517676767566
NACA 1408,0.01,0.4,0.08,-3.0,2000000.0,train,-0.2018,-0.2118717214165465,0.010071721416546497,0.00588,0.006596072932900433,-0.000716072932900433,-0.0292,-0.027556041089466087,-0.001643958910533913
NACA 1408,0.01,0.4,0.08,-2.0,2000000.0,train,-0.0953,-0.0983349058321309,0.0030349058321309103,0.00516,0.005670167493987497,-0.0005101674939874973,-0.028,-0.027985934319384332,-1.4065680615668597e-05
NACA 1408,0.01,0.4,0.08,-1.0,2000000.0,train,0.0124,0.012310770899470894,8.922910052910557e-05,0.00457,0.0050416253306878305,-0.00047162533068783024,-0.0272,-0.027409154365079343,0.00020915436507934482
NACA 1408,0.01,0.4,0.08,0.0,2000000.0,train,0.1201,0.12392416018518525,-0.003824160185185249,0.00411,0.004623053994708991,-0.0005130539947089908,-0.0265,-0.027107963359788326,0.0006079633597883272
NACA 1408,0.01,0.4,0.08,1.0,2000000.0,train,0.2251,0.23534004788359808,-0.010240047883598086,0.004,0.004690718267195771,-0.0006907182671957706,-0.0249,-0.026439459126984116,0.0015394591269841176
NACA 1408,0.01,0.4,0.08,2.0,2000000.0,train,0.3348,0.346937407010582,-0.012137407010582024,0.00451,0.005090791759259256,-0.0005807917592592559,-0.0241,-0.026185409259259274,0.0020854092592592736
NACA 1408,0.01,0.4,0.08,3.0,2000000.0,train,0.4658,0.4593540175925921,0.006445982407407902,0.00566,0.005848051878306878,-0.0001880518783068776,-0.0291,-0.02651447724867726,-0.00258552275132274
NACA 1408,0.01,0.4,0.08,4.0,2000000.0,train,0.565,0.5660554777777782,-0.0010554777777782576,0.00696,0.007150269404761914,-0.00019026940476191394,-0.0269,-0.025906855158730185,-0.0009931448412698156
NACA 1408,0.01,0.4,0.08,5.0,2000000.0,train,0.6692,0.6692190300865792,-1.903008657921923e-05,0.00793,0.00900686317460317,-0.0010768631746031713,-0.0256,-0.025193739069264063,-0.0004062609307359383
NACA 1408,0.01,0.4,0.08,6.0,2000000.0,train,0.7752,0.7741090800865809,0.0010909199134191416,0.00888,0.010277165046897532,-0.0013971650468975316,-0.0246,-0.024122061904761932,-0.0004779380952380681
NACA 1408,0.01,0.4,0.08,7.0,2000000.0,train,0.8801,0.8794575765873018,0.0006424234126981565,0.01004,0.01135809456349206,-0.0013180945634920591,-0.0236,-0.023044339285714283,-0.0005556607142857169
NACA 1408,0.01,0.4,0.08,8.0,2000000.0,train,0.9834,0.9849619886243389,-0.0015619886243388725,0.01137,0.012183614179894185,-0.0008136141798941853,-0.0224,-0.02198099206349208,-0.00041900793650791884
NACA 1408,0.01,0.4,0.08,9.0,2000000.0,train,1.084,1.0854317079365072,-0.0014317079365071539,0.01298,0.013949524312169306,-0.0009695243121693054,-0.021,-0.019856111111111123,-0.0011438888888888783
NACA 1408,0.01,0.4,0.08,10.0,2000000.0,train,1.1766,1.1655607383597888,0.011039261640211295,0.0156,0.0164427502910053,-0.0008427502910052995,-0.0186,-0.016999833068783093,-0.0016001669312169058
NACA 1408,0.01,0.4,0.08,11.0,2000000.0,train,1.2682,1.2764468887566134,-0.00824688875661339,0.01793,0.01723863448412698,0.0006913655158730207,-0.0163,-0.015434410052910045,-0.0008655899470899533
NACA 1408,0.01,0.4,0.08,12.0,2000000.0,train,1.3532,1.357995822486773,-0.004795822486773016,0.02063,0.019388152976190468,0.0012418470238095315,-0.0134,-0.012080146560846569,-0.0013198534391534317
NACA 1408,0.01,0.4,0.08,13.0,2000000.0,train,1.4152,1.429729932539683,-0.014529932539683044,0.02526,0.02419995509259257,0.00106004490740743,-0.0082,-0.006408916798941804,-0.0017910832010581967
NACA 1408,0.01,0.4,0.08,14.0,2000000.0,train,1.4329,1.4530179710317457,-0.02011797103174562,0.03166,0.02568677316137567,0.005973226838624331,0.0011,-0.004078942460317464,0.0051789424603174644
NACA 1410,0.01,0.4,0.1,-6.0,2000000.0,train,-0.5345,-0.5553206322751323,0.02082063227513231,0.00802,0.009399340476190472,-0.0013793404761904722,-0.0302,-0.02548538214285716,-0.00471461785714284
NACA 1410,0.01,0.4,0.1,-5.0,2000000.0,train,-0.4219,-0.4348706370370374,0.01297063703703738,0.00725,0.007998836388888883,-0.000748836388888883,-0.0302,-0.02754449074074074,-0.0026555092592592602
NACA 1410,0.01,0.4,0.1,-4.0,2000000.0,train,-0.3149,-0.3188684466931215,0.0039684466931214635,0.00656,0.007154749285714288,-0.0005947492857142885,-0.0289,-0.02835042037037041,-0.0005495796296295895
NACA 1410,0.01,0.4,0.1,-3.0,2000000.0,train,-0.2068,-0.20556261943241938,-0.0012373805675806315,0.00593,0.006476986305916307,-0.0005469863059163063,-0.0279,-0.02880113077200574,0.0009011307720057371
NACA 1410,0.01,0.4,0.1,-2.0,2000000.0,train,-0.0977,-0.09584250186387684,-0.0018574981361231535,0.0054,0.005663489240019239,-0.0002634892400192384,-0.0273,-0.028118051779701787,0.000818051779701786
NACA 1410,0.01,0.4,0.1,-1.0,2000000.0,train,0.0118,0.012629821428571419,-0.0008298214285714194,0.00501,0.00519177927248677,-0.0001817792724867701,-0.0268,-0.02723664695767193,0.0004366469576719302
NACA 1410,0.01,0.4,0.1,0.0,2000000.0,train,0.1213,0.12101483571428569,0.00028516428571431773,0.00472,0.004984730502645495,-0.000264730502645495,-0.0264,-0.026198440608465587,-0.000201559391534413
NACA 1410,0.01,0.4,0.1,1.0,2000000.0,train,0.2304,0.23063606480278973,-0.00023606480278973163,0.00464,0.004904728725348727,-0.00026472872534872693,-0.0257,-0.02525897117604619,-0.000441028823953811
NACA 1410,0.01,0.4,0.1,2.0,2000000.0,train,0.3368,0.3433758546296295,-0.006575854629629507,0.00478,0.005194019417989417,-0.00041401941798941636,-0.0242,-0.025192662433862433,0.0009926624338624339
NACA 1410,0.01,0.4,0.1,3.0,2000000.0,train,0.4426,0.4578863318783066,-0.01528633187830658,0.0054,0.0058535343386243366,-0.00045353433862433627,-0.0226,-0.025909973280423285,0.003309973280423286
NACA 1410,0.01,0.4,0.1,4.0,2000000.0,train,0.5711,0.5714701111111118,-0.0003701111111117372,0.00656,0.00695769222222223,-0.00039769222222223004,-0.0268,-0.026507000000000013,-0.0002929999999999877
NACA 1410,0.01,0.4,0.1,5.0,2000000.0,train,0.6925,0.6826236848484855,0.009876315151514548,0.00774,0.00834757142857142,-0.0006075714285714191,-0.0295,-0.02688649343434344,-0.002613506565656558
NACA 1410,0.01,0.4,0.1,6.0,2000000.0,train,0.7894,0.7828263234728234,0.006573676527176553,0.00868,0.009836379808802304,-0.0011563798088023037,-0.0266,-0.025365830026455035,-0.0012341699735449636
NACA 1410,0.01,0.4,0.1,7.0,2000000.0,train,0.8902,0.8864142301587302,0.0037857698412697705,0.00965,0.010775652777777766,-0.0011256527777777654,-0.0246,-0.023984246031746027,-0.0006157539682539737
NACA 1410,0.01,0.4,0.1,8.0,2000000.0,train,0.9925,0.988832432275132,0.0036675677248680927,0.01071,0.011725850105820113,-0.0010158501058201118,-0.0231,-0.022399370105820122,-0.0007006298941798772
NACA 1410,0.01,0.4,0.1,9.0,2000000.0,train,1.0936,1.0887014588624329,0.004898541137567047,0.01195,0.013172806071428561,-0.0012228060714285609,-0.0215,-0.020362733333333348,-0.0011372666666666503
NACA 1410,0.01,0.4,0.1,10.0,2000000.0,train,1.1921,1.1791566494708996,0.01294335052910034,0.01337,0.01502867263227514,-0.0016586726322751402,-0.0198,-0.017912271164021196,-0.0018877288359788053
NACA 1410,0.01,0.4,0.1,11.0,2000000.0,train,1.2851,1.2787511470899469,0.006348852910053049,0.01523,0.016653967261904754,-0.001423967261904753,-0.0173,-0.015875098941798928,-0.0014249010582010717
NACA 1410,0.01,0.4,0.1,12.0,2000000.0,train,1.3755,1.3632506808201057,0.012249319179894247,0.01704,0.01831509817460317,-0.001275098174603171,-0.0147,-0.012890208862433876,-0.0018097911375661233
NACA 1410,0.01,0.4,0.1,13.0,2000000.0,train,1.4508,1.450293219047619,0.0005067809523811029,0.01988,0.021311947076719566,-0.0014319470767195676,-0.0103,-0.007798636243386241,-0.002501363756613759
NACA 1410,0.01,0.4,0.1,14.0,2000000.0,train,1.5183,1.4805998087301573,0.0377001912698427,0.02247,0.022558205145502663,-8.820514550266292e-05,-0.005,-0.004628683838383837,-0.00037131616161616317
NACA 1412,0.01,0.4,0.12,-6.0,2000000.0,train,-0.5352,-0.5478411739417994,0.012641173941799422,0.00792,0.009129457539682537,-0.001209457539682537,-0.0299,-0.02724730000000001,-0.0026526999999999905
NACA 1412,0.01,0.4,0.12,-5.0,2000000.0,train,-0.4278,-0.4303232302910057,0.002523230291005707,0.00723,0.007939408373015872,-0.0007094083730158716,-0.0287,-0.02859737089947091,-0.00010262910052908844
NACA 1412,0.01,0.4,0.12,-4.0,2000000.0,train,-0.3189,-0.31682787724867706,-0.002072122751322958,0.00662,0.007056643174603175,-0.00043664317460317525,-0.0279,-0.028744439814814844,0.000844439814814843
NACA 1412,0.01,0.4,0.12,-3.0,2000000.0,train,-0.2092,-0.20387010898268387,-0.005329891017316124,0.00609,0.006504670988455988,-0.00041467098845598786,-0.0273,-0.029098671645021626,0.0017986716450216246
NACA 1412,0.01,0.4,0.12,-2.0,2000000.0,train,-0.0989,-0.09564208519721021,-0.0032579148027897936,0.00571,0.005706025906685904,3.9740933140955045e-06,-0.0268,-0.02810237876382877,0.0013023787638287675
NACA 1412,0.01,0.4,0.12,-1.0,2000000.0,train,0.0117,0.012654814021164012,-0.0009548140211640115,0.00543,0.005271502169312166,0.00015849783068783412,-0.0265,-0.027175343915343896,0.0006753439153438963
NACA 1412,0.01,0.4,0.12,0.0,2000000.0,train,0.1223,0.12076769285714287,0.0015323071428571394,0.00523,0.005043388756613751,0.00018661124338624924,-0.0261,-0.026105310449735436,5.310449735434347e-06
NACA 1412,0.01,0.4,0.12,1.0,2000000.0,train,0.233,0.2285421151996151,0.00445788480038492,0.00518,0.0051644012650312624,1.559873496873726e-05,-0.0258,-0.024664050937950946,-0.001135949062049054
NACA 1412,0.01,0.4,0.12,2.0,2000000.0,train,0.3428,0.3399882025132274,0.0028117974867725715,0.00526,0.005341594206349203,-8.159420634920329e-05,-0.0251,-0.02425741507936509,-0.0008425849206349124
NACA 1412,0.01,0.4,0.12,3.0,2000000.0,train,0.4499,0.45338073584656097,-0.003480735846560945,0.00558,0.005883347830687827,-0.00030334783068782737,-0.0238,-0.024570840740740743,0.0007708407407407414
NACA 1412,0.01,0.4,0.12,4.0,2000000.0,train,0.5532,0.5726484436507939,-0.0194484436507939,0.00628,0.006965181349206357,-0.0006851813492063574,-0.0216,-0.026515639682539702,0.004915639682539701
NACA 1412,0.01,0.4,0.12,5.0,2000000.0,train,0.6722,0.6838359007215017,-0.011635900721501669,0.00735,0.008307928968253955,-0.0009579289682539556,-0.0235,-0.02697186962481964,0.0034718696248196394
NACA 1412,0.01,0.4,0.12,6.0,2000000.0,train,0.806,0.7976013763227509,0.008398623677249195,0.00852,0.009717237222222215,-0.0011972372222222149,-0.0289,-0.027553136375661366,-0.001346863624338633
NACA 1412,0.01,0.4,0.12,7.0,2000000.0,train,0.9132,0.894975289285714,0.018224710714285997,0.00952,0.010651926269841265,-0.001131926269841264,-0.0285,-0.02517229642857145,-0.0033277035714285516
NACA 1412,0.01,0.4,0.12,8.0,2000000.0,train,1.0048,0.9915200164021158,0.01327998359788407,0.0105,0.011561552645502656,-0.0010615526455026551,-0.0246,-0.022673329629629636,-0.0019266703703703647
NACA 1412,0.01,0.4,0.12,9.0,2000000.0,train,1.1005,1.0895617339947077,0.010938266005292352,0.01161,0.013067663849206339,-0.0014576638492063386,-0.0218,-0.02040897142857144,-0.0013910285714285597
NACA 1412,0.01,0.4,0.12,10.0,2000000.0,train,1.1972,1.180381994708995,0.016818005291004967,0.01283,0.014835945119047626,-0.0020059451190476262,-0.0195,-0.018007419312169343,-0.0014925806878306573
NACA 1412,0.01,0.4,0.12,11.0,2000000.0,train,1.291,1.2797398125661372,0.0112601874338627,0.01424,0.016388568214285706,-0.0021485682142857072,-0.017,-0.01565245052910052,-0.0013475494708994826
NACA 1412,0.01,0.4,0.12,12.0,2000000.0,train,1.3787,1.364975650661375,0.013724349338624986,0.01595,0.018023302380952386,-0.0020733023809523868,-0.0138,-0.012852935052910065,-0.0009470649470899352
NACA 1412,0.01,0.4,0.12,13.0,2000000.0,train,1.4595,1.455019446825396,0.004480553174603941,0.01782,0.020401469378306874,-0.002581469378306875,-0.0097,-0.007856341798941797,-0.0018436582010582028
NACA 1412,0.01,0.4,0.12,14.0,2000000.0,train,1.5203,1.4863106289682517,0.03398937103174826,0.02016,0.02165313482804235,-0.00149313482804235,-0.0029,-0.0045536100288600286,0.0016536100288600288
NACA 2408,0.02,0.4,0.08,-6.0,2000000.0,train,-0.418,-0.4425061906084655,0.02450619060846554,0.00817,0.01005466275132275,-0.0018846627513227493,-0.0558,-0.050433501984127035,-0.005366498015872967
NACA 2408,0.02,0.4,0.08,-5.0,2000000.0,train,-0.3058,-0.33115660502645483,0.025356605026454815,0.00716,0.009118831613756621,-0.0019588316137566213,-0.0558,-0.05066644087301591,-0.005133559126984093
NACA 2408,0.02,0.4,0.08,-4.0,2000000.0,train,-0.1979,-0.20921212777777784,0.011312127777777847,0.00649,0.007790003571428577,-0.0013000035714285773,-0.0547,-0.0525449841269841,-0.002155015873015899
NACA 2408,0.02,0.4,0.08,-3.0,2000000.0,train,-0.0887,-0.08857095462962958,-0.00012904537037042307,0.00595,0.006224375013227512,-0.0002743750132275114,-0.0539,-0.05334069616402111,-0.0005593038359788943
NACA 2408,0.02,0.4,0.08,-2.0,2000000.0,train,0.0212,0.022367002777777766,-0.0011670027777777661,0.00545,0.005879236428571427,-0.000429236428571427,-0.0534,-0.053019512301587364,-0.000380487698412639
NACA 2408,0.02,0.4,0.08,-1.0,2000000.0,train,0.1312,0.13223034852092352,-0.001030348520923513,0.00503,0.005299407234247233,-0.0002694072342472329,-0.0532,-0.05368916581289085,0.0004891658128908516
NACA 2408,0.02,0.4,0.08,0.0,2000000.0,train,0.2399,0.2452420630952379,-0.005342063095237909,0.00441,0.004924546309523811,-0.0005145463095238114,-0.0529,-0.05345303650793652,0.000553036507936519
NACA 2408,0.02,0.4,0.08,1.0,2000000.0,train,0.3412,0.353577257010582,-0.01237725701058201,0.00394,0.004667479510582012,-0.0007274795105820121,-0.0504,-0.052485534920634916,0.0020855349206349155
NACA 2408,0.02,0.4,0.08,2.0,2000000.0,train,0.4657,0.46528483888888844,0.0004151611111115616,0.00447,0.004994669854497356,-0.0005246698544973559,-0.0533,-0.05222805515873015,-0.0010719448412698507
NACA 2408,0.02,0.4,0.08,3.0,2000000.0,train,0.572,0.5749838609788358,-0.0029838609788358506,0.00526,0.005819603280423284,-0.0005596032804232841,-0.0523,-0.05148016322751324,-0.0008198367724867595
NACA 2408,0.02,0.4,0.08,4.0,2000000.0,train,0.6742,0.6801889841269845,-0.0059889841269844535,0.00684,0.006954464060846552,-0.00011446406084655251,-0.0511,-0.05108648267195768,-1.3517328042320087e-05
NACA 2408,0.02,0.4,0.08,5.0,2000000.0,train,0.7782,0.7780629559523811,0.0001370440476189394,0.00822,0.008965030304232804,-0.0007450303042328046,-0.05,-0.049194817195767175,-0.0008051828042328277
NACA 2408,0.02,0.4,0.08,6.0,2000000.0,train,0.884,0.882376857804233,0.00162314219576698,0.00926,0.01033882538359788,-0.0010788253835978812,-0.0492,-0.048012150529100586,-0.0011878494708994145
NACA 2408,0.02,0.4,0.08,7.0,2000000.0,train,0.9885,0.988918268217894,-0.00041826821789392454,0.01038,0.011045997596200079,-0.0006659975962000787,-0.0482,-0.047193481397306405,-0.0010065186026935943
NACA 2408,0.02,0.4,0.08,8.0,2000000.0,train,1.0905,1.093078310978835,-0.0025783109788348746,0.01173,0.011865263981481484,-0.00013526398148148294,-0.0468,-0.045797998015873,-0.0010020019841270045
NACA 2408,0.02,0.4,0.08,9.0,2000000.0,train,1.1885,1.1948664023809523,-0.0063664023809524295,0.01343,0.012755554365079361,0.0006744456349206378,-0.045,-0.043940564285714315,-0.0010594357142856836
NACA 2408,0.02,0.4,0.08,10.0,2000000.0,train,1.2831,1.2875006460317466,-0.004400646031746724,0.01529,0.01428099732804232,0.0010090026719576806,-0.0429,-0.041365864021164024,-0.0015341359788359765
NACA 2408,0.02,0.4,0.08,11.0,2000000.0,train,1.3669,1.3717258408730157,-0.004825840873015741,0.01816,0.01664419579365078,0.001515804206349218,-0.0393,-0.036956658333333336,-0.002343341666666665
NACA 2408,0.02,0.4,0.08,12.0,2000000.0,train,1.4456,1.4457693948412698,-0.00016939484126976545,0.02099,0.01874471722222222,0.002245282777777781,-0.0353,-0.03196286362433861,-0.0033371363756613884
NACA 2408,0.02,0.4,0.08,13.0,2000000.0,train,1.5155,1.5097063424603179,0.0057936575396821954,0.02393,0.023025920026455034,0.0009040799735449655,-0.0304,-0.02558795912698413,-0.0048120408730158715
NACA 2408,0.02,0.4,0.08,14.0,2000000.0,train,1.5052,1.5299201451058222,-0.0247201451058221,0.03172,0.025798340939153445,0.005921659060846553,-0.0173,-0.019134852910052923,0.0018348529100529233
NACA 2410,0.02,0.4,0.1,-6.0,2000000.0,train,-0.419,-0.4305177376984127,0.011517737698412689,0.00779,0.009204098333333327,-0.001414098333333327,-0.0552,-0.052842945634920625,-0.0023570543650793738
NACA 2410,0.02,0.4,0.1,-5.0,2000000.0,train,-0.3102,-0.3169747455026455,0.006774745502645507,0.00712,0.008240864947089945,-0.0011208649470899456,-0.0543,-0.053122677380952395,-0.0011773226190476063
NACA 2410,0.02,0.4,0.1,-4.0,2000000.0,train,-0.2,-0.2005679817460317,0.0005679817460316761,0.00656,0.00701157246031746,-0.0004515724603174603,-0.0537,-0.053296856349206306,-0.0004031436507936914
NACA 2410,0.02,0.4,0.1,-3.0,2000000.0,train,-0.0893,-0.08859817685185181,-0.0007018231481481924,0.00609,0.006229705568783067,-0.00013970556878306704,-0.0533,-0.053316779497354444,1.677949735444384e-05
NACA 2410,0.02,0.4,0.1,-2.0,2000000.0,train,0.0216,0.022350393518518506,-0.0007503935185185044,0.00569,0.0058998539285714255,-0.00020985392857142578,-0.053,-0.052959331746031804,-4.0668253968194346e-05
NACA 2410,0.02,0.4,0.1,-1.0,2000000.0,train,0.1326,0.13274936082251088,-0.00014936082251088,0.00538,0.005465384377104374,-8.538437710437375e-05,-0.0528,-0.053404722558922584,0.0006047225589225838
NACA 2410,0.02,0.4,0.1,0.0,2000000.0,train,0.2424,0.24333574708994699,-0.0009357470899469811,0.00496,0.005359866402116405,-0.00039986640211640487,-0.0526,-0.05215438465608463,-0.0004456153439153718
NACA 2410,0.02,0.4,0.1,1.0,2000000.0,train,0.351,0.35289320224867743,-0.0018932022486774502,0.00467,0.004928205701058199,-0.0002582057010581994,-0.052,-0.051824023809523806,-0.00017597619047619167
NACA 2410,0.02,0.4,0.1,2.0,2000000.0,train,0.4534,0.4660418428571424,-0.012641842857142371,0.00469,0.0051135101719576755,-0.00042351017195767574,-0.0493,-0.05206379325396826,0.0027637932539682636
NACA 2410,0.02,0.4,0.1,4.0,2000000.0,train,0.6918,0.688515733068783,0.0032842669312169726,0.00629,0.006712213478835976,-0.00042221347883597635,-0.0532,-0.051805195634920614,-0.0013948043650793829
NACA 2410,0.02,0.4,0.1,5.0,2000000.0,train,0.7905,0.7868295152116402,0.0036704847883597402,0.00769,0.008393967989417994,-0.0007039679894179944,-0.051,-0.04990323650793645,-0.0010967634920635433
NACA 2410,0.02,0.4,0.1,6.0,2000000.0,train,0.8924,0.8883004478835977,0.0040995521164022275,0.00895,0.009849158558201052,-0.000899158558201052,-0.0494,-0.04849960767195772,-0.0009003923280422807
NACA 2410,0.02,0.4,0.1,7.0,2000000.0,train,0.9956,0.9918484396464655,0.003751560353534522,0.01006,0.010739262596200082,-0.0006792625962000823,-0.0481,-0.04746093457190956,-0.0006390654280904393
NACA 2410,0.02,0.4,0.1,8.0,2000000.0,train,1.0975,1.09578726653439,0.0017127334656099613,0.01121,0.011534949537037037,-0.00032494953703703783,-0.0467,-0.04596198134920633,-0.000738018650793669
NACA 2410,0.02,0.4,0.1,9.0,2000000.0,train,1.1969,1.1951560809523811,0.001743919047618947,0.01251,0.012717917460317453,-0.00020791746031745273,-0.045,-0.04396993730158734,-0.0010300626984126593
NACA 2410,0.02,0.4,0.1,10.0,2000000.0,train,1.2926,1.2877237015873018,0.00487629841269821,0.014,0.014240363994708986,-0.0002403639947089857,-0.0429,-0.041378030687830705,-0.0015219693121692954
NACA 2410,0.02,0.4,0.1,11.0,2000000.0,train,1.3831,1.373068088095238,0.010031911904762048,0.01574,0.016413979126984116,-0.0006739791269841158,-0.0401,-0.03720795277777778,-0.0028920472222222146
NACA 2410,0.02,0.4,0.1,12.0,2000000.0,train,1.4669,1.4488852571428572,0.018014742857142885,0.01772,0.018175462103174608,-0.000455462103174608,-0.0364,-0.03248516878306877,-0.0039148312169312305
NACA 2410,0.02,0.4,0.1,13.0,2000000.0,train,1.5391,1.5239164634920632,0.01518353650793669,0.02004,0.02072563887566139,-0.0006856388756613929,-0.0313,-0.027018623015873024,-0.004281376984126978
NACA 2410,0.02,0.4,0.1,14.0,2000000.0,train,1.5808,1.5512104359788386,0.02958956402116142,0.02346,0.023722294629629638,-0.00026229462962963634,-0.0222,-0.019596469179894202,-0.002603530820105799
NACA 2412,0.02,0.4,0.12,-6.0,2000000.0,train,-0.4224,-0.42282845595238067,0.0004284559523806686,0.00777,0.008881816626984135,-0.0011118166269841355,-0.054,-0.05405563174603169,5.5631746031688245e-05
NACA 2412,0.02,0.4,0.12,-5.0,2000000.0,train,-0.3118,-0.3109707984126987,-0.0008292015873013203,0.00718,0.007559351904761907,-0.0003793519047619069,-0.0535,-0.05311811719576725,-0.0003818828042327499
NACA 2412,0.02,0.4,0.12,-4.0,2000000.0,train,-0.2007,-0.19964879523809517,-0.001051204761904817,0.00668,0.006914994444444448,-0.0002349944444444479,-0.0531,-0.05305593968253963,-4.4060317460369036e-05
NACA 2412,0.02,0.4,0.12,-3.0,2000000.0,train,-0.0894,-0.08886815978835978,-0.000531840211640211,0.00627,0.006312886164021163,-4.2886164021162763e-05,-0.0528,-0.05296450410052909,0.00016450410052908787
NACA 2412,0.02,0.4,0.12,-2.0,2000000.0,train,0.0221,0.02245368399470899,-0.00035368399470898926,0.00596,0.006043322936507932,-8.332293650793222e-05,-0.0525,-0.052634794841269865,0.00013479484126986685
NACA 2412,0.02,0.4,0.12,-1.0,2000000.0,train,0.1337,0.13349551005290994,0.00020448994709007517,0.00574,0.005927623875661383,-0.00018762387566138242,-0.0524,-0.052722806216931206,0.00032280621693120404
NACA 2412,0.02,0.4,0.12,0.0,2000000.0,train,0.2443,0.24321982460317443,0.0010801753968255612,0.00545,0.005532234986772488,-8.223498677248798e-05,-0.0522,-0.051797554894179886,-0.00040244510582011783
NACA 2412,0.02,0.4,0.12,1.0,2000000.0,train,0.3548,0.35328476507936524,0.001515234920634767,0.00526,0.005572841507936508,-0.0003128415079365083,-0.0518,-0.05078578253968254,-0.0010142174603174556
NACA 2412,0.02,0.4,0.12,2.0,2000000.0,train,0.4634,0.4640612697089945,-0.0006612697089944941,0.00519,0.005406238386243389,-0.0002162383862433885,-0.0509,-0.0508567824074075,-4.321759259250102e-05
NACA 2412,0.02,0.4,0.12,3.0,2000000.0,train,0.5672,0.578612611111111,-0.011412611111110915,0.00542,0.005938702182539681,-0.0005187021825396806,-0.0486,-0.051267611904761944,0.002667611904761946
NACA 2412,0.02,0.4,0.12,4.0,2000000.0,train,0.6919,0.6936539978835982,-0.0017539978835982017,0.00619,0.006652734087301584,-0.00046273408730158373,-0.0515,-0.051864427910052885,0.0003644279100528877
NACA 2412,0.02,0.4,0.12,5.0,2000000.0,train,0.8161,0.8018529234367474,0.014247076563252636,0.00732,0.007605764938672439,-0.00028576493867243924,-0.0549,-0.05073316619769117,-0.004166833802308825
NACA 2412,0.02,0.4,0.12,6.0,2000000.0,train,0.9073,0.9010000242063492,0.006299975793650825,0.00854,0.009329867023809512,-0.0007898670238095113,-0.051,-0.049681925793650814,-0.0013180742063491832
NACA 2412,0.02,0.4,0.12,7.0,2000000.0,train,1.0042,0.9998832127946141,0.004316787205385864,0.00974,0.010300702821067821,-0.0005607028210678211,-0.0484,-0.04805814660894656,-0.00034185339105343576
NACA 2412,0.02,0.4,0.12,8.0,2000000.0,train,1.103,1.0991406701058193,0.0038593298941806964,0.01091,0.011293957711640207,-0.0003839577116402076,-0.0464,-0.045947855158730184,-0.0004521448412698123
NACA 2412,0.02,0.4,0.12,9.0,2000000.0,train,1.2005,1.196713848280423,0.003786151719576969,0.01215,0.012498551931216928,-0.000348551931216929,-0.0442,-0.04358752182539687,-0.0006124781746031302
NACA 2412,0.02,0.4,0.12,10.0,2000000.0,train,1.2952,1.2882429674603177,0.006957032539682162,0.01345,0.01394444891534392,-0.0004944489153439202,-0.0418,-0.04075926957671959,-0.0010407304232804074
NACA 2412,0.02,0.4,0.12,11.0,2000000.0,train,1.384,1.3726470448412693,0.011352955158730582,0.015,0.016044661428571416,-0.0010446614285714168,-0.0386,-0.03654549563492063,-0.002054504365079375
NACA 2412,0.02,0.4,0.12,12.0,2000000.0,train,1.4664,1.4482584654761905,0.0181415345238094,0.01666,0.017709746269841276,-0.001049746269841275,-0.0345,-0.031728638227513234,-0.002771361772486769
NACA 2412,0.02,0.4,0.12,13.0,2000000.0,train,1.5304,1.524917772619047,0.005482227380952942,0.01871,0.020060616653439164,-0.0013506166534391628,-0.0276,-0.026524905952380967,-0.0010750940476190324
NACA 2412,0.02,0.4,0.12,14.0,2000000.0,train,1.584,1.5576979899470915,0.026302010052908553,0.02153,0.02245808562169312,-0.0009280856216931192,-0.0207,-0.01942872870370372,-0.00127127129629628
NACA 2414,0.02,0.4,0.14,-6.0,2000000.0,train,-0.4232,-0.4168443785714281,-0.006355621428571934,0.00783,0.00861527175925926,-0.0007852717592592602,-0.0533,-0.0542030097883598,0.0009030097883597973
NACA 2414,0.02,0.4,0.14,-5.0,2000000.0,train,-0.3124,-0.3104380482804233,-0.0019619517195766933,0.00729,0.007549220740740745,-0.00025922074074074576,-0.0528,-0.052778968650793706,-2.103134920629357e-05
NACA 2414,0.02,0.4,0.14,-4.0,2000000.0,train,-0.201,-0.19978112103174595,-0.0012188789682540668,0.00685,0.007040118214285715,-0.00019011821428571458,-0.0525,-0.052514029761904744,1.4029761904746363e-05
NACA 2414,0.02,0.4,0.14,-3.0,2000000.0,train,-0.0893,-0.08895605978835976,-0.0003439402116402479,0.00651,0.0064573567195767186,5.2643280423281605e-05,-0.0522,-0.052556589021163974,0.0003565890211639708
NACA 2414,0.02,0.4,0.14,-2.0,2000000.0,train,0.0225,0.02231750304232805,0.00018249695767194943,0.00626,0.006276803650793652,-1.6803650793651738e-05,-0.052,-0.05201307341269843,1.3073412698433318e-05
NACA 2414,0.02,0.4,0.14,0.0,2000000.0,train,0.2457,0.24422203134920625,0.0014779686507937484,0.00589,0.005962801018518513,-7.280101851851305e-05,-0.0516,-0.051173861243386194,-0.00042613875661380585
NACA 2414,0.02,0.4,0.14,1.0,2000000.0,train,0.3569,0.354091790740741,0.002808209259259009,0.00576,0.005953141349206349,-0.0001931413492063487,-0.0513,-0.05033303677248678,-0.0009669632275132178
NACA 2414,0.02,0.4,0.14,2.0,2000000.0,train,0.4679,0.4627435506613757,0.005156449338624303,0.00572,0.006259329113756618,-0.0005393291137566177,-0.0509,-0.048930408333333425,-0.001969591666666576
NACA 2414,0.02,0.4,0.14,3.0,2000000.0,train,0.5764,0.5728814083333325,0.00351859166666757,0.00582,0.006271662261904761,-0.00045166226190476114,-0.0499,-0.048832145634920686,-0.001067854365079314
NACA 2414,0.02,0.4,0.14,4.0,2000000.0,train,0.6796,0.6894764898148147,-0.009876489814814704,0.00625,0.006745532195767193,-0.0004955321957671923,-0.0476,-0.049905877116402104,0.002305877116402101
NACA 2414,0.02,0.4,0.14,5.0,2000000.0,train,0.7944,0.8063200655002394,-0.011920065500239385,0.0071,0.007617400256132761,-0.0005174002561327603,-0.0483,-0.050947102705627696,0.0026471027056276936
NACA 2414,0.02,0.4,0.14,6.0,2000000.0,train,0.9326,0.9222596937830692,0.010340306216930828,0.0083,0.008763978439153433,-0.0004639784391534327,-0.0548,-0.05217691613756614,-0.0026230838624338587
NACA 2414,0.02,0.4,0.14,7.0,2000000.0,train,1.0229,1.0165219490740751,0.006378050925924805,0.00944,0.009943817341269846,-0.0005038173412698459,-0.0509,-0.04954509484126986,-0.0013549051587301436
NACA 2414,0.02,0.4,0.14,8.0,2000000.0,train,1.1104,1.103745103174604,0.006654896825396106,0.0106,0.010996937103174597,-0.0003969371031745973,-0.0464,-0.04565378253968253,-0.0007462174603174651
NACA 2414,0.02,0.4,0.14,9.0,2000000.0,train,1.2022,1.1964029951058195,0.005797004894180446,0.01185,0.01218704764550264,-0.00033704764550264096,-0.0431,-0.04241294246031748,-0.0006870575396825188
NACA 2414,0.02,0.4,0.14,10.0,2000000.0,train,1.2927,1.2839472238095229,0.008752776190477096,0.01314,0.013594531613756611,-0.00045453161375661084,-0.0399,-0.038761483068783055,-0.001138516931216943
NACA 2414,0.02,0.4,0.14,11.0,2000000.0,train,1.3763,1.362825355555555,0.013474644444445127,0.01459,0.015603235833333324,-0.0010132358333333237,-0.0356,-0.03362839166666666,-0.00197160833333334
NACA 2414,0.02,0.4,0.14,12.0,2000000.0,train,1.4473,1.4379333515873016,0.009366648412698408,0.01623,0.017064662936507942,-0.0008346629365079405,-0.0295,-0.028824707671957668,-0.0006752923280423304
NACA 2414,0.02,0.4,0.14,13.0,2000000.0,train,1.5124,1.511468010978837,0.0009319890211629822,0.01835,0.019361537089947093,-0.0010115370899470913,-0.0234,-0.02265568082010584,-0.0007443191798941623
NACA 2414,0.02,0.4,0.14,14.0,2000000.0,train,1.5681,1.5537108105820128,0.01438918941798728,0.02125,0.021797513597883594,-0.0005475135978835928,-0.0174,-0.017630571957671988,0.00023057195767198918
NACA 2415,0.02,0.4,0.15,-5.0,2000000.0,train,-0.3124,-0.30999656494708994,-0.0024034350529100745,0.00736,0.0076653224867724926,-0.00030532248677249234,-0.0525,-0.05247988849206357,-2.01115079364253e-05
NACA 2415,0.02,0.4,0.15,-4.0,2000000.0,train,-0.2011,-0.19962744880952366,-0.0014725511904763455,0.00695,0.007204699007936501,-0.000254699007936501,-0.0521,-0.05205557103174604,-4.442896825396225e-05
NACA 2415,0.02,0.4,0.15,-3.0,2000000.0,train,-0.0894,-0.08894967089947087,-0.000450329100529126,0.00664,0.006478695608465607,0.00016130439153439272,-0.0518,-0.05251103346560842,0.0007110334656084197
NACA 2415,0.02,0.4,0.15,-2.0,2000000.0,train,0.0225,0.02219521547619048,0.000304784523809519,0.00643,0.00652915722222223,-9.915722222223009e-05,-0.0516,-0.051435692460317484,-0.00016430753968251638
NACA 2415,0.02,0.4,0.15,-1.0,2000000.0,train,0.1347,0.13369420912698413,0.0010057908730158605,0.00628,0.006714350264550267,-0.0004343502645502671,-0.0514,-0.05153981732804232,0.00013981732804231595
NACA 2415,0.02,0.4,0.15,0.0,2000000.0,train,0.2462,0.2439709675925926,0.0022290324074074053,0.0061,0.006207704404761897,-0.00010770440476189688,-0.0512,-0.05065585965608462,-0.0005441403439153808
NACA 2415,0.02,0.4,0.15,1.0,2000000.0,train,0.3576,0.3535590514550264,0.004040948544973555,0.00597,0.0062723188888888885,-0.0003023188888888889,-0.051,-0.049679523280423285,-0.0013204767195767117
NACA 2415,0.02,0.4,0.15,2.0,2000000.0,train,0.4688,0.4612654394179893,0.007534560582010685,0.00597,0.00661811682539683,-0.0006481168253968305,-0.0506,-0.04810327724867733,-0.0024967227513226706
NACA 2415,0.02,0.4,0.15,3.0,2000000.0,train,0.5786,0.5696410551587299,0.008958944841270133,0.00606,0.0068016007936507914,-0.0007416007936507912,-0.0499,-0.04730521706349208,-0.0025947829365079167
NACA 2415,0.02,0.4,0.15,4.0,2000000.0,train,0.6842,0.683093311640212,0.0011066883597879995,0.00638,0.006957761878306878,-0.0005777618783068782,-0.0483,-0.047865389417989394,-0.0004346105820106083
NACA 2415,0.02,0.4,0.15,5.0,2000000.0,train,0.7863,0.8028469964526206,-0.016546996452620588,0.00706,0.007688312914862922,-0.0006283129148629213,-0.0459,-0.049866026911976925,0.003966026911976922
NACA 2415,0.02,0.4,0.15,6.0,2000000.0,train,0.9138,0.9202611972222227,-0.006461197222222714,0.00813,0.008891087407407405,-0.0007610874074074053,-0.0498,-0.05137374021164022,0.0015737402116402233
NACA 2415,0.02,0.4,0.15,7.0,2000000.0,train,1.0404,1.0187184593915353,0.021681540608464722,0.00939,0.009936882817460316,-0.000546882817460315,-0.0539,-0.049510582142857175,-0.0043894178571428286
NACA 2415,0.02,0.4,0.15,8.0,2000000.0,train,1.1173,1.1006294071428588,0.01667059285714112,0.01047,0.01090988511904762,-0.00043988511904761995,-0.0472,-0.044358240079365036,-0.0028417599206349634
NACA 2415,0.02,0.4,0.15,9.0,2000000.0,train,1.2029,1.1924371374338625,0.010462862566137598,0.01169,0.01205961867724867,-0.000369618677248669,-0.0426,-0.04095384854497353,-0.0016461514550264664
NACA 2415,0.02,0.4,0.15,10.0,2000000.0,train,1.2891,1.277630843650792,0.011469156349207976,0.01301,0.013476780661375663,-0.00046678066137566254,-0.0385,-0.03695720767195764,-0.0015427923280423583
NACA 2415,0.02,0.4,0.15,12.0,2000000.0,train,1.4366,1.4267486436507932,0.009851356349206863,0.01616,0.016884945317460313,-0.0007249453174603127,-0.027,-0.02603052671957671,-0.0009694732804232907
NACA 2415,0.02,0.4,0.15,13.0,2000000.0,train,1.5016,1.50048105767196,0.0011189423280399957,0.01837,0.019484759391534396,-0.001114759391534395,-0.0213,-0.02010261296296296,-0.0011973870370370378
NACA 2415,0.02,0.4,0.15,14.0,2000000.0,train,1.5594,1.5417096227513254,0.017690377248674505,0.02124,0.021730030383597877,-0.0004900303835978781,-0.0158,-0.016118759656084676,0.0003187596560846745
NACA 2421,0.02,0.4,0.21,-6.0,2000000.0,train,-0.418,-0.41248159841269777,-0.005518401587302213,0.00836,0.008944557738095233,-0.0005845577380952337,-0.0515,-0.05416071269841263,0.002660712698412636
NACA 2421,0.02,0.4,0.21,-5.0,2000000.0,train,-0.3095,-0.30931811335978837,-0.00018188664021162593,0.00801,0.007757845343915349,0.0002521546560846511,-0.0506,-0.05248493769841279,0.0018849376984127891
NACA 2421,0.02,0.4,0.21,-4.0,2000000.0,train,-0.1999,-0.19926538267195745,-0.0006346173280425416,0.00774,0.007289295833333324,0.0004507041666666767,-0.0498,-0.05198826415343914,0.0021882641534391456
NACA 2421,0.02,0.4,0.21,-2.0,2000000.0,train,0.0208,0.0219069523809524,-0.0011069523809523994,0.00743,0.007132483492063499,0.0002975165079365013,-0.0486,-0.05030319484126988,0.0017031948412698852
NACA 2421,0.02,0.4,0.21,-1.0,2000000.0,train,0.1319,0.13055596917989404,0.0013440308201059514,0.00735,0.008098703174603173,-0.0007487031746031729,-0.0481,-0.04858748888888888,0.00048748888888888037
NACA 2421,0.02,0.4,0.21,0.0,2000000.0,train,0.2427,0.24148479603174597,0.0012152039682540305,0.00728,0.006959260462962965,0.0003207395370370351,-0.0476,-0.049090101322751295,0.0014901013227512916
NACA 2421,0.02,0.4,0.21,1.0,2000000.0,train,0.3528,0.3511673308201058,0.0016326691798941861,0.00722,0.006778166825396823,0.0004418331746031765,-0.047,-0.048529850264550284,0.0015298502645502837
NACA 2421,0.02,0.4,0.21,2.0,2000000.0,train,0.4624,0.4588848965608464,0.0035151034391535663,0.00725,0.006985989629629629,0.00026401037037037094,-0.0463,-0.04717793386243393,0.0008779338624339272
NACA 2421,0.02,0.4,0.21,3.0,2000000.0,train,0.5708,0.5604622138888885,0.010337786111111469,0.0074,0.007815993769841276,-0.0004159937698412757,-0.0454,-0.044121002380952415,-0.001278997619047588
NACA 2421,0.02,0.4,0.21,4.0,2000000.0,train,0.6775,0.6624228214285713,0.015077178571428651,0.00764,0.008338615714285718,-0.0006986157142857179,-0.0443,-0.04165029880952383,-0.002649701190476167
NACA 2421,0.02,0.4,0.21,5.0,2000000.0,train,0.7804,0.7640915488095248,0.016308451190475193,0.00801,0.0089660080952381,-0.0009560080952380999,-0.0425,-0.03939618571428574,-0.003103814285714261
NACA 2421,0.02,0.4,0.21,6.0,2000000.0,train,0.8791,0.8747979818783072,0.004302018121692841,0.00849,0.009531534457671948,-0.0010415344576719492,-0.04,-0.039688964814814855,-0.00031103518518514617
NACA 2421,0.02,0.4,0.21,7.0,2000000.0,train,0.9672,0.9794453857142852,-0.01224538571428524,0.0091,0.01050885642857142,-0.0014088564285714197,-0.0353,-0.0387508234126984,0.003450823412698402
NACA 2421,0.02,0.4,0.21,8.0,2000000.0,train,1.0479,1.0803888746031756,-0.03248887460317551,0.01003,0.011122275119047611,-0.0010922751190476105,-0.0293,-0.03832767658730157,0.009027676587301574
NACA 2421,0.02,0.4,0.21,9.0,2000000.0,train,1.1598,1.1770684592592593,-0.01726845925925935,0.01138,0.012138482883597887,-0.0007584828835978871,-0.0309,-0.03661009338624335,0.005710093386243353
NACA 2421,0.02,0.4,0.21,10.0,2000000.0,train,1.2364,1.2548423234126973,-0.01844232341269736,0.01277,0.013596541256613758,-0.0008265412566137581,-0.026,-0.031589412037036975,0.005589412037036976
NACA 2421,0.02,0.4,0.21,11.0,2000000.0,train,1.3044,1.3361645746031732,-0.03176457460317317,0.0145,0.015661206468253967,-0.0011612064682539665,-0.02,-0.027043486904761906,0.007043486904761906
NACA 2421,0.02,0.4,0.21,12.0,2000000.0,train,1.3711,1.4105519785714273,-0.03945197857142735,0.01674,0.016987043492063484,-0.0002470434920634826,-0.015,-0.02305113148148146,0.008051131481481462
NACA 2421,0.02,0.4,0.21,13.0,2000000.0,train,1.4316,1.479295687566138,-0.04769568756613807,0.01962,0.020062641269841284,-0.0004426412698412853,-0.0103,-0.015553997619047613,0.005253997619047613
NACA 2421,0.02,0.4,0.21,14.0,2000000.0,train,1.4849,1.5152309219576732,-0.030330921957673063,0.02325,0.02174808379629629,0.0015019162037037091,-0.0059,-0.013385177910052917,0.007485177910052917
NACA 4412,0.04,0.4,0.12,-6.0,2000000.0,train,-0.1907,-0.18289538018278012,-0.007804619817219888,0.00761,0.00876386019360268,-0.0011538601936026812,-0.1034,-0.10114450963203456,-0.0022554903679654487
NACA 4412,0.04,0.4,0.12,-5.0,2000000.0,train,-0.078,-0.07367069735449734,-0.004329302645502658,0.00713,0.008265514074074071,-0.0011355140740740713,-0.1033,-0.10008990753968267,-0.0032100924603173375
NACA 4412,0.04,0.4,0.12,-4.0,2000000.0,train,0.0349,0.03725125875050874,-0.0023512587505087404,0.00677,0.008188426140618649,-0.001418426140618649,-0.1033,-0.10012172563085073,-0.0031782743691492754
NACA 4412,0.04,0.4,0.12,-3.0,2000000.0,train,0.1478,0.14988720476190479,-0.0020872047619047984,0.00651,0.007983184828042333,-0.0014731848280423333,-0.1032,-0.10186105158730153,-0.0013389484126984652
NACA 4412,0.04,0.4,0.12,-2.0,2000000.0,train,0.2604,0.2593971714285715,0.0010028285714285268,0.00635,0.007652932857142852,-0.001302932857142852,-0.1032,-0.10106048492063485,-0.002139515079365148
NACA 4412,0.04,0.4,0.12,-1.0,2000000.0,train,0.3728,0.37163815859788385,0.0011618414021161705,0.00628,0.007547360476190474,-0.0012673604761904737,-0.1032,-0.10104622923280426,-0.002153770767195737
NACA 4412,0.04,0.4,0.12,0.0,2000000.0,train,0.4849,0.480854920238095,0.0040450797619049905,0.00626,0.007497869695767205,-0.001237869695767205,-0.1033,-0.09857886203703702,-0.004721137962962987
NACA 4412,0.04,0.4,0.12,1.0,2000000.0,train,0.5959,0.5876663511904758,0.008233648809524152,0.00595,0.0069088131349206335,-0.000958813134920633,-0.1033,-0.09889140727513229,-0.00440859272486771
NACA 4412,0.04,0.4,0.12,2.0,2000000.0,train,0.6984,0.6938217157407414,0.004578284259258658,0.00537,0.006994461031746035,-0.0016244610317460353,-0.1012,-0.09788979338624346,-0.0033102066137565417
NACA 4412,0.04,0.4,0.12,3.0,2000000.0,train,0.82,0.8065948772486774,0.013405122751322551,0.00568,0.007324093095238098,-0.001644093095238098,-0.1033,-0.09850241111111138,-0.004797588888888621
NACA 4412,0.04,0.4,0.12,4.0,2000000.0,train,0.9289,0.9144019428571432,0.01449805714285679,0.00616,0.00761896768518518,-0.0014589676851851805,-0.1028,-0.09730660026455035,-0.0054933997354496555
NACA 4412,0.04,0.4,0.12,5.0,2000000.0,train,1.0345,1.0163997307359307,0.01810026926406927,0.0069,0.008419537839105339,-0.0015195378391053387,-0.1017,-0.09586540791245796,-0.005834592087542043
NACA 4412,0.04,0.4,0.12,6.0,2000000.0,train,1.1337,1.1195355570105825,0.014164442989417436,0.00809,0.009356417407407407,-0.001266417407407407,-0.0998,-0.09338647671957673,-0.006413523280423272
NACA 4412,0.04,0.4,0.12,7.0,2000000.0,train,1.2243,1.2094243794973536,0.014875620502646347,0.00986,0.01056132912698413,-0.0007013291269841286,-0.0965,-0.09182017698412694,-0.004679823015873066
NACA 4412,0.04,0.4,0.12,8.0,2000000.0,train,1.311,1.295258744708993,0.015741255291007006,0.01172,0.012372277208994689,-0.0006522772089946893,-0.0926,-0.08641709761904762,-0.006182902380952385
NACA 4412,0.04,0.4,0.12,9.0,2000000.0,train,1.3962,1.379140955026455,0.017059044973545046,0.01336,0.0146345133068783,-0.0012745133068783002,-0.0886,-0.08168230608465618,-0.006917693915343817
NACA 4412,0.04,0.4,0.12,10.0,2000000.0,train,1.4726,1.4380405853174607,0.0345594146825392,0.01497,0.01614010996031746,-0.00117010996031746,-0.083,-0.07609621706349208,-0.006903782936507924
NACA 4412,0.04,0.4,0.12,11.0,2000000.0,train,1.5399,1.5133367206349224,0.02656327936507763,0.01686,0.018443388359788378,-0.0015833883597883777,-0.0764,-0.06961383465608464,-0.006786165343915351
NACA 4412,0.04,0.4,0.12,12.0,2000000.0,train,1.6014,1.5874979239417992,0.013902076058200707,0.01918,0.021391432883597905,-0.002211432883597906,-0.0697,-0.06362025502645496,-0.006079744973545034
NACA 4412,0.04,0.4,0.12,13.0,2000000.0,train,1.6541,1.626510776190476,0.02758922380952389,0.02228,0.02407638380952382,-0.0017963838095238181,-0.0631,-0.05911936507936502,-0.003980634920634982
NACA 4412,0.04,0.4,0.12,14.0,2000000.0,train,1.6943,1.6410930164021162,0.05320698359788367,0.02664,0.025977140978836005,0.0006628590211639959,-0.0564,-0.05639529034391533,-4.7096560846712765e-06
NACA 4421,0.04,0.4,0.21,-6.0,2000000.0,train,-0.1845,-0.18153126748436765,-0.002968732515632344,0.0083,0.008968425749158238,-0.0006684257491582375,-0.0975,-0.09916271756854247,0.001662717568542471
NACA 4421,0.04,0.4,0.21,-5.0,2000000.0,train,-0.0743,-0.07386902195767196,-0.0004309780423280424,0.00805,0.008574939074074079,-0.0005249390740740788,-0.0967,-0.09716713531746039,0.0004671353174603987
NACA 4421,0.04,0.4,0.21,-4.0,2000000.0,train,0.0359,0.03646661986161988,-0.000566619861619877,0.00788,0.008639159553317058,-0.0007591595533170577,-0.096,-0.096790342958893,0.0007903429588929922
NACA 4421,0.04,0.4,0.21,-3.0,2000000.0,train,0.1462,0.1461923058201058,7.694179894185416e-06,0.00777,0.008828158875661378,-0.0010581588756613776,-0.0953,-0.096426964021164,0.0011269640211640092
NACA 4421,0.04,0.4,0.21,-2.0,2000000.0,train,0.256,0.2528904179894182,0.003109582010581813,0.00774,0.00865505957671957,-0.000915059576719569,-0.0945,-0.09480374510582007,0.0003037451058200691
NACA 4421,0.04,0.4,0.21,-1.0,2000000.0,train,0.3662,0.3590686780423282,0.007131321957671799,0.00774,0.00870512234126984,-0.0009651223412698393,-0.0939,-0.09335379523809524,-0.0005462047619047561
NACA 4421,0.04,0.4,0.21,0.0,2000000.0,train,0.4754,0.46407433306878315,0.011325666931216838,0.00778,0.008561976772486778,-0.0007819767724867787,-0.0931,-0.09188964034391532,-0.0012103596560846808
NACA 4421,0.04,0.4,0.21,1.0,2000000.0,train,0.5846,0.5688571407407402,0.015742859259259778,0.00779,0.008401330383597878,-0.0006113303835978776,-0.0924,-0.09038234589947093,-0.002017654100529065
NACA 4421,0.04,0.4,0.21,2.0,2000000.0,train,0.6901,0.6686320105820109,0.02146798941798911,0.00776,0.008657031626984122,-0.0008970316269841213,-0.0911,-0.08775879616402112,-0.0033412038359788843
NACA 4421,0.04,0.4,0.21,4.0,2000000.0,train,0.8921,0.868384696596922,0.023715303403078036,0.00797,0.009108218957431455,-0.0011382189574314552,-0.0868,-0.08225487225829732,-0.004545127741702681
NACA 4421,0.04,0.4,0.21,5.0,2000000.0,train,0.9915,0.9819064520322263,0.009593547967773786,0.00827,0.009763338460798462,-0.0014933384607984622,-0.0845,-0.08334290090187592,-0.001157099098124087
NACA 4421,0.04,0.4,0.21,6.0,2000000.0,train,1.0777,1.0718955714285714,0.00580442857142871,0.0088,0.010534152103174611,-0.0017341521031746104,-0.0794,-0.07871528214285715,-0.0006847178571428442
NACA 4421,0.04,0.4,0.21,7.0,2000000.0,train,1.1831,1.1546491743265999,0.028450825673400182,0.00972,0.011791896311928807,-0.0020718963119288076,-0.0792,-0.07494113624338623,-0.004258863756613773
NACA 4421,0.04,0.4,0.21,8.0,2000000.0,train,1.2664,1.2409662178451173,0.025433782154882678,0.01087,0.012456722594997591,-0.0015867225949975916,-0.0749,-0.07144411693121701,-0.003455883068782986
NACA 4421,0.04,0.4,0.21,9.0,2000000.0,train,1.3452,1.3256718984126992,0.019528101587300783,0.01237,0.014225559735449759,-0.001855559735449758,-0.0705,-0.0666477571428571,-0.00385224285714289
NACA 4421,0.04,0.4,0.21,10.0,2000000.0,train,1.4183,1.393562163840788,0.02473783615921188,0.01425,0.01574144235930736,-0.001491442359307359,-0.0657,-0.06333560386002889,-0.002364396139971109
NACA 4421,0.04,0.4,0.21,11.0,2000000.0,train,1.4836,1.4685240657407412,0.015075934259258794,0.01667,0.018422059867724876,-0.0017520598677248748,-0.0604,-0.05812737169312168,-0.00227262830687832
NACA 4421,0.04,0.4,0.21,12.0,2000000.0,train,1.5398,1.5304334191798936,0.00936658082010644,0.01979,0.021577750211640233,-0.0017877502116402343,-0.0549,-0.05310740701058202,-0.0017925929894179807
NACA 4421,0.04,0.4,0.21,13.0,2000000.0,train,1.5874,1.5779111888888884,0.00948881111111155,0.02381,0.02514137984126984,-0.001331379841269839,-0.0495,-0.04883988333333329,-0.0006601166666667102
NACA 4421,0.04,0.4,0.21,14.0,2000000.0,train,1.6268,1.5979115313492058,0.028888468650794197,0.02882,0.02780597781746031,0.001014022182539688,-0.0445,-0.04585180079365075,0.0013518007936507495
NACA 4424,0.04,0.4,0.24,-6.0,2000000.0,train,-0.1846,-0.18112635081770093,-0.00347364918229906,0.0087,0.008975000749158238,-0.0002750007491582381,-0.0942,-0.0991306897907647,0.004930689790764692
NACA 4424,0.04,0.4,0.24,-5.0,2000000.0,train,-0.0778,-0.0735441886243386,-0.004255811375661389,0.00848,0.008672349074074074,-0.00019234907407407464,-0.0928,-0.09650681865079369,0.0037068186507936973
NACA 4424,0.04,0.4,0.24,-4.0,2000000.0,train,0.0287,0.03419206891534389,-0.00549206891534389,0.00834,0.008923976772486778,-0.0005839767724867776,-0.0913,-0.09436148981481474,0.00306148981481473
NACA 4424,0.04,0.4,0.24,-3.0,2000000.0,train,0.1352,0.13849722208994722,-0.0032972220899472326,0.00826,0.009469834947089948,-0.001209834947089948,-0.0898,-0.09168212394179891,0.0018821239417989022
NACA 4424,0.04,0.4,0.24,-2.0,2000000.0,train,0.241,0.2410651722222221,-6.517222222210406e-05,0.00822,0.009464369179894194,-0.0012443691798941937,-0.0883,-0.08912856838624338,0.0008285683862433724
NACA 4424,0.04,0.4,0.24,-1.0,2000000.0,train,0.346,0.3440347616402117,0.0019652383597882905,0.00823,0.009362620119047616,-0.0011326201190476164,-0.0866,-0.0874778562169312,0.0008778562169312054
NACA 4424,0.04,0.4,0.24,0.0,2000000.0,train,0.446,0.4438070279100531,0.0021929720899468985,0.00828,0.00933914201058201,-0.00105914201058201,-0.0839,-0.08496497843915347,0.0010649784391534717
NACA 4424,0.04,0.4,0.24,1.0,2000000.0,train,0.5435,0.5390054470899465,0.0044945529100535175,0.00832,0.009368875582010588,-0.0010488755820105885,-0.0808,-0.08133357367724864,0.0005335736772486416
NACA 4424,0.04,0.4,0.24,2.0,2000000.0,train,0.6456,0.6389856808201057,0.006614319179894301,0.00844,0.009452191309523796,-0.0010121913095237963,-0.079,-0.0792111711640212,0.0002111711640211955
NACA 4424,0.04,0.4,0.24,3.0,2000000.0,train,0.7483,0.7369640097041841,0.01133599029581589,0.00863,0.009804858237133241,-0.001174858237133241,-0.0775,-0.076653857034632,-0.0008461429653680019
NACA 4424,0.04,0.4,0.24,4.0,2000000.0,train,0.8511,0.8428058299783548,0.00829417002164512,0.00893,0.00984517954906205,-0.0009151795490620496,-0.0761,-0.0758282867003367,-0.00027171329966330093
NACA 4424,0.04,0.4,0.24,5.0,2000000.0,train,0.9494,0.9341778287518037,0.015222171248196359,0.00945,0.010633580034872536,-0.0011835800348725355,-0.0741,-0.07156401796536799,-0.0025359820346320117
NACA 4424,0.04,0.4,0.24,8.0,2000000.0,train,1.2198,1.2096799984006739,0.010120001599326134,0.01206,0.013325397234247239,-0.0012653972342472394,-0.0651,-0.06462369377104382,-0.00047630622895618313
NACA 4424,0.04,0.4,0.24,9.0,2000000.0,train,1.298,1.2939071626984129,0.00409283730158716,0.01369,0.015031912500000005,-0.0013419125000000039,-0.0612,-0.059721003439153424,-0.0014789965608465738
NACA 4424,0.04,0.4,0.24,10.0,2000000.0,train,1.3709,1.3608670651635395,0.010032934836460505,0.01574,0.016617629925444913,-0.000877629925444913,-0.0571,-0.05705171034151033,-4.8289658489665543e-05
NACA 4424,0.04,0.4,0.24,11.0,2000000.0,train,1.4371,1.4426841900793643,-0.005584190079364282,0.01832,0.019392133013468,-0.0010721330134680004,-0.0528,-0.05312550918710915,0.0003255091871091492
NACA 4424,0.04,0.4,0.24,12.0,2000000.0,train,1.4956,1.505573500529099,-0.009973500529099066,0.02162,0.02278318614838866,-0.001163186148388659,-0.0484,-0.048694724134199174,0.00029472413419917576
NACA 4424,0.04,0.4,0.24,13.0,2000000.0,train,1.5448,1.5483743218253967,-0.0035743218253967424,0.02579,0.026678474854497355,-0.000888474854497355,-0.0439,-0.04427468624338624,0.0003746862433862408
NACA 4424,0.04,0.4,0.24,14.0,2000000.0,train,1.5861,1.5682511182539687,0.017848881746031386,0.03091,0.028734908386243384,0.0021750916137566155,-0.0397,-0.042520577116402114,0.002820577116402115
NACA 6409,0.06,0.4,0.09,-6.0,2000000.0,train,0.0341,0.041974428354978395,-0.007874428354978397,0.00795,0.009996743835978839,-0.0020467438359788384,-0.1535,-0.15350925990860995,9.259908609948742e-06
NACA 6409,0.06,0.4,0.09,-5.0,2000000.0,train,0.1473,0.1469091327320827,0.00039086726791728865,0.00717,0.008468748556998551,-0.0012987485569985512,-0.1538,-0.15362031441798954,-0.0001796855820104526
NACA 6409,0.06,0.4,0.09,-4.0,2000000.0,train,0.2604,0.2598350288359788,0.0005649711640212107,0.00672,0.008321227010582001,-0.0016012270105820008,-0.154,-0.15412289232804235,0.0001228923280423566
NACA 6409,0.06,0.4,0.09,-3.0,2000000.0,train,0.3732,0.37316954126984153,3.045873015844469e-05,0.0064,0.00775257272486773,-0.0013525727248677299,-0.1542,-0.15406950555555554,-0.00013049444444446223
NACA 6409,0.06,0.4,0.09,-2.0,2000000.0,train,0.4854,0.4845645523208271,0.0008354476791728738,0.00627,0.007440073385040893,-0.0011700733850408922,-0.1543,-0.1539924899230398,-0.00030751007696019905
NACA 6409,0.06,0.4,0.09,-1.0,2000000.0,train,0.5969,0.5968086055555556,9.13944444443926e-05,0.00627,0.007293063095238098,-0.0010230630952380972,-0.1543,-0.15352134920634938,-0.0007786507936506093
NACA 6409,0.06,0.4,0.09,0.0,2000000.0,train,0.708,0.7070921532467535,0.0009078467532465107,0.00636,0.007285512020202024,-0.0009255120202020239,-0.1544,-0.15302671938431947,-0.0013732806156805388
NACA 6409,0.06,0.4,0.09,1.0,2000000.0,train,0.8188,0.817399996825397,0.0014000031746029817,0.00648,0.007107378703703704,-0.0006273787037037043,-0.1545,-0.15255704814814813,-0.0019429518518518651
NACA 6409,0.06,0.4,0.09,3.0,2000000.0,train,1.0353,1.0229045490740736,0.012395450925926532,0.00591,0.00728039638888889,-0.0013703963888888893,-0.154,-0.1506143145502645,-0.0033856854497354982
NACA 6409,0.06,0.4,0.09,4.0,2000000.0,train,1.1448,1.1404522583333332,0.004347741666666849,0.00633,0.007355338161375665,-0.0010253381613756652,-0.1539,-0.150957166005291,-0.0029428339947090154
NACA 6409,0.06,0.4,0.09,5.0,2000000.0,train,1.2495,1.241947580182781,0.007552419817218992,0.00706,0.00790728263468014,-0.0008472826346801396,-0.153,-0.15040118817941317,-0.002598811820586827
NACA 6409,0.06,0.4,0.09,6.0,2000000.0,train,1.3432,1.3446011251322734,-0.0014011251322734175,0.00861,0.009051945119047609,-0.00044194511904760946,-0.1504,-0.14805404417989407,-0.0023459558201059383
NACA 6409,0.06,0.4,0.09,7.0,2000000.0,train,1.411,1.421400444576721,-0.010400444576720957,0.01208,0.011367162777777787,0.0007128372222222137,-0.1434,-0.14318792301587305,-0.00021207698412695208
NACA 6409,0.06,0.4,0.09,8.0,2000000.0,train,1.491,1.489571356481481,0.0014286435185191237,0.0141,0.014236594378306867,-0.00013659437830686703,-0.1385,-0.13558788835978836,-0.0029121116402116565
NACA 6409,0.06,0.4,0.09,9.0,2000000.0,train,1.5661,1.5587289064814822,0.007371093518517835,0.01578,0.016486352738095247,-0.0007063527380952485,-0.1327,-0.12737715304232797,-0.005322846957672045
NACA 6409,0.06,0.4,0.09,10.0,2000000.0,train,1.6279,1.6077997642857154,0.020100235714284542,0.01786,0.0187124842063492,-0.0008524842063491987,-0.1249,-0.12035764629629632,-0.004542353703703678
NACA 6409,0.06,0.4,0.09,11.0,2000000.0,train,1.6794,1.6645048146825425,0.014895185317457482,0.02071,0.021752734484126998,-0.001042734484126999,-0.1165,-0.11341845740740737,-0.0030815425925926343
NACA 6409,0.06,0.4,0.09,12.0,2000000.0,train,1.7291,1.7169035670634936,0.012196432936506518,0.02398,0.025189783690476208,-0.0012097836904762065,-0.1091,-0.10629723492063503,-0.0028027650793649717
NACA 6409,0.06,0.4,0.09,13.0,2000000.0,train,1.7561,1.7525382206349214,0.003561779365078621,0.02937,0.029781632222222226,-0.0004116322222222253,-0.1005,-0.09918291071428573,-0.001317089285714279
NACA 6409,0.06,0.4,0.09,14.0,2000000.0,train,1.7844,1.7578219373015889,0.02657806269841112,0.03539,0.03195292444444443,0.0034370755555555646,-0.0941,-0.09633032182539684,0.0022303218253968415
NACA 6412,0.06,0.4,0.12,-6.0,2000000.0,train,0.0408,0.042993832190957176,-0.0021938321909571734,0.0076,0.009632282063492065,-0.0020322820634920647,-0.1523,-0.15304972816257828,0.0007497281625782892
NACA 6412,0.06,0.4,0.12,-5.0,2000000.0,train,0.1545,0.1483775486050987,0.006122451394901307,0.00718,0.008656950580808072,-0.001476950580808072,-0.1525,-0.1530965021164022,0.0005965021164021922
NACA 6412,0.06,0.4,0.12,-4.0,2000000.0,train,0.2678,0.2625243287037037,0.005275671296296303,0.00691,0.008190473306878299,-0.0012804733068782987,-0.1526,-0.15309798492063492,0.0004979849206349085
NACA 6412,0.06,0.4,0.12,-3.0,2000000.0,train,0.3806,0.3769587138888893,0.0036412861111106976,0.00677,0.007845429828042328,-0.0010754298280423284,-0.1526,-0.15321501190476194,0.0006150119047619307
NACA 6412,0.06,0.4,0.12,-2.0,2000000.0,train,0.4929,0.4885686018518523,0.004331398148147703,0.00673,0.007590102711640214,-0.0008601027116402144,-0.1526,-0.15287958584656094,0.00027958584656093133
NACA 6412,0.06,0.4,0.12,-1.0,2000000.0,train,0.6047,0.5986274182539681,0.006072581746031869,0.00679,0.007590283478835979,-0.0008002834788359793,-0.1525,-0.1523418600529101,-0.00015813994708990808
NACA 6412,0.06,0.4,0.12,0.0,2000000.0,train,0.7161,0.7076892150793654,0.008410784920634518,0.00689,0.007437688650793658,-0.0005476886507936578,-0.1525,-0.1523032407407408,-0.00019675925925918825
NACA 6412,0.06,0.4,0.12,1.0,2000000.0,train,0.8275,0.8186120408730162,0.008887959126983813,0.007,0.007187018346560845,-0.00018701834656084486,-0.1526,-0.15229376362433858,-0.0003062363756614339
NACA 6412,0.06,0.4,0.12,2.0,2000000.0,train,0.9384,0.9117213000000007,0.026678699999999278,0.00684,0.007597402671957665,-0.0007574026719576656,-0.1529,-0.15070535291005294,-0.0021946470899470716
NACA 6412,0.06,0.4,0.12,4.0,2000000.0,train,1.1532,1.1407274694444445,0.012472530555555528,0.00678,0.007405165383597885,-0.0006251653835978857,-0.1515,-0.15065740489417986,-0.000842595105820132
NACA 6412,0.06,0.4,0.12,5.0,2000000.0,train,1.2609,1.242044902405003,0.018855097594996817,0.00725,0.007939016523569029,-0.0006890165235690282,-0.1511,-0.15017518817941317,-0.0009248118205868461
NACA 6412,0.06,0.4,0.12,6.0,2000000.0,train,1.363,1.3451165798941787,0.017883420105821335,0.00798,0.009050208452380944,-0.0010702084523809448,-0.1497,-0.14791798544973536,-0.0017820145502646378
NACA 6412,0.06,0.4,0.12,7.0,2000000.0,train,1.4559,1.4316399739417982,0.024260026058201767,0.00916,0.010793202486772487,-0.0016332024867724872,-0.1468,-0.14308167328042326,-0.0037183267195767533
NACA 6412,0.06,0.4,0.12,8.0,2000000.0,train,1.5279,1.5090462378306877,0.018853762169312338,0.01121,0.012830427830687826,-0.0016204278306878265,-0.1402,-0.1364109208994709,-0.003789079100529086
NACA 6412,0.06,0.4,0.12,9.0,2000000.0,train,1.5736,1.5707703521164025,0.00282964788359763,0.01414,0.015486630000000006,-0.0013466300000000066,-0.1293,-0.1273151403439152,-0.001984859656084803
NACA 6412,0.06,0.4,0.12,10.0,2000000.0,train,1.621,1.6149304944444456,0.006069505555554411,0.01717,0.018251911269841263,-0.0010819112698412618,-0.1198,-0.12016426296296295,0.0003642629629629496
NACA 6412,0.06,0.4,0.12,12.0,2000000.0,train,1.7172,1.7172572753968267,-5.727539682665039e-05,0.02405,0.0252932900793651,-0.0012432900793651024,-0.1046,-0.10563467380952393,0.0010346738095239338
NACA 6412,0.06,0.4,0.12,13.0,2000000.0,train,1.7557,1.75212888452381,0.0035711154761899344,0.02874,0.029883161944444455,-0.0011431619444444534,-0.0978,-0.09846093849206347,0.0006609384920634731
NACA 6412,0.06,0.4,0.12,14.0,2000000.0,train,1.7853,1.7588349345238108,0.02646506547618932,0.03473,0.03197676638888888,0.002753233611111114,-0.0917,-0.09581141626984128,0.004111416269841281
NACA 0021,0.0,0.0,0.21,-6.0,500000.0,test,-0.604,-0.6347191862433869,0.030719186243386876,0.01153,0.010134906058201056,0.0013950939417989444,-0.016,-0.009338388888888887,-0.006661611111111113
NACA 0021,0.0,0.0,0.21,-5.0,500000.0,test,-0.5086,-0.5290120477513224,0.020412047751322326,0.0108,0.00952413054232804,0.00127586945767196,-0.0123,-0.008328774735449733,-0.003971225264550267
NACA 0021,0.0,0.0,0.21,-4.0,500000.0,test,-0.4095,-0.42429188148148117,0.014791881481481195,0.01025,0.009108957976190482,0.0011410420238095187,-0.0094,-0.006829241931216929,-0.0025707580687830715
NACA 0021,0.0,0.0,0.21,-3.0,500000.0,test,-0.3085,-0.319390173809524,0.010890173809524006,0.00987,0.008571835820105823,0.001298164179894177,-0.0068,-0.0051652222222222195,-0.0016347777777777801
NACA 0021,0.0,0.0,0.21,-2.0,500000.0,test,-0.2059,-0.2125212792328043,0.006621279232804311,0.00964,0.008084211058201058,0.0015557889417989416,-0.0045,-0.003816444312169313,-0.0006835556878306867
NACA 0021,0.0,0.0,0.21,-1.0,500000.0,test,-0.1033,-0.10598628597883591,0.0026862859788359117,0.00949,0.007884161441798938,0.0016058385582010618,-0.0022,-0.0019769759259259273,-0.00022302407407407288
NACA 0021,0.0,0.0,0.21,0.0,500000.0,test,-0.0,0.0,-0.0,0.00945,0.008032141785714283,0.001417858214285717,0.0,0.0,0.0
NACA 0021,0.0,0.0,0.21,1.0,500000.0,test,0.1033,0.10574295119047618,-0.0024429511904761753,0.00949,0.00787021675925926,0.0016197832407407395,0.0022,0.0020262976190476185,0.0001737023809523816
NACA 0021,0.0,0.0,0.21,2.0,500000.0,test,0.2059,0.21305254656084677,-0.0071525465608467675,0.00964,0.008032301957671954,0.001607698042328045,0.0045,0.0037312015873015884,0.0007687984126984113
NACA 0021,0.0,0.0,0.21,3.0,500000.0,test,0.3086,0.31946518373015875,-0.010865183730158767,0.00987,0.00855183119047619,0.0013181688095238106,0.0068,0.005157760714285718,0.0016422392857142814
NACA 0021,0.0,0.0,0.21,4.0,500000.0,test,0.4095,0.42943531230158716,-0.019935312301587182,0.01025,0.009007602288359786,0.0012423977116402148,0.0094,0.005270661507936508,0.004129338492063492
NACA 0021,0.0,0.0,0.21,5.0,500000.0,test,0.5087,0.5285713075396828,-0.019871307539682803,0.0108,0.009756399735449733,0.0010436002645502675,0.0123,0.008182885449735446,0.004117114550264554
NACA 0021,0.0,0.0,0.21,6.0,500000.0,test,0.6041,0.6343540750000002,-0.030254075000000213,0.01153,0.010237557473544982,0.001292442526455018,0.016,0.009558386772486768,0.006441613227513233
NACA 0021,0.0,0.0,0.21,7.0,500000.0,test,0.6943,0.7557675519841266,-0.06146755198412657,0.01252,0.011188159722222233,0.0013318402777777669,0.0206,0.00724146428571429,0.01335853571428571
NACA 0021,0.0,0.0,0.21,8.0,500000.0,test,0.7949,0.8706685414021166,-0.07576854140211653,0.01386,0.01265686037037037,0.0012031396296296303,0.0225,0.005931220899470899,0.0165687791005291
NACA 0021,0.0,0.0,0.21,9.0,500000.0,test,0.9277,0.9902990839947088,-0.06259908399470882,0.01565,0.014633247579365103,0.0010167524206348977,0.0166,0.0028543671957671933,0.013745632804232806
NACA 0021,0.0,0.0,0.21,10.0,500000.0,test,1.0593,1.058981147354498,0.00031885264550179926,0.01762,0.01818340813492062,-0.0005634081349206212,0.0099,0.008517240211640208,0.0013827597883597931
NACA 0021,0.0,0.0,0.21,11.0,500000.0,test,1.1068,1.107696532275132,-0.0008965322751319782,0.01939,0.021087889973545007,-0.001697889973545006,0.0183,0.020682804629629625,-0.002382804629629625
NACA 0021,0.0,0.0,0.21,12.0,500000.0,test,1.1185,1.1498803658730168,-0.031380365873016736,0.02157,0.023632386349206367,-0.002062386349206368,0.0325,0.028530680555555535,0.003969319444444466
NACA 0021,0.0,0.0,0.21,13.0,500000.0,test,1.1532,1.1821600107142867,-0.028960010714286666,0.02529,0.02722441246031743,-0.00193441246031743,0.0396,0.035531928968253954,0.00406807103174605
NACA 0021,0.0,0.0,0.21,14.0,500000.0,test,1.1932,1.2057616599206364,-0.012561659920636403,0.03007,0.030308781746031722,-0.00023878174603172292,0.0435,0.03772857182539682,0.005771428174603174
NACA 2418,0.02,0.4,0.18,-5.0,500000.0,test,-0.2906,-0.2942840093915343,0.003684009391534293,0.01047,0.010329097473544978,0.00014090252645502198,-0.0569,-0.056890802645502676,-9.19735449732284e-06
NACA 2418,0.02,0.4,0.18,-4.0,500000.0,test,-0.1845,-0.18627906997354488,0.0017790699735448778,0.00984,0.009541458452380937,0.00029854154761906233,-0.0553,-0.05592069510582006,0.0006206951058200585
NACA 2418,0.02,0.4,0.18,-3.0,500000.0,test,-0.078,-0.07776288115680619,-0.00023711884319381482,0.00937,0.008940195287397791,0.0004298047126022088,-0.0537,-0.055067915283790306,0.001367915283790308
NACA 2418,0.02,0.4,0.18,-2.0,500000.0,test,0.0276,0.02749858849206348,0.0001014115079365184,0.00899,0.008353482341269843,0.0006365176587301569,-0.052,-0.05298028492063487,0.0009802849206348718
NACA 2418,0.02,0.4,0.18,-1.0,500000.0,test,0.1319,0.13040852473544956,0.0014914752645504292,0.00871,0.008198768915343914,0.0005112310846560868,-0.0501,-0.048635853703703685,-0.0014641462962963134
NACA 2418,0.02,0.4,0.18,0.0,500000.0,test,0.236,0.2357509801587304,0.00024901984126959875,0.00861,0.00795350865079365,0.00065649134920635,-0.048,-0.04793206984126979,-6.79301587302103e-05
NACA 2418,0.02,0.4,0.18,1.0,500000.0,test,0.3402,0.34185977843915355,-0.0016597784391535475,0.00862,0.007886419828042326,0.0007335801719576731,-0.0459,-0.046360703439153446,0.0004607034391534426
NACA 2418,0.02,0.4,0.18,2.0,500000.0,test,0.4436,0.4474447664021166,-0.0038447664021166172,0.00878,0.00822754001322751,0.00055245998677249,-0.0434,-0.04414902645502647,0.0007490264550264678
NACA 2418,0.02,0.4,0.18,3.0,500000.0,test,0.5452,0.5632884904761905,-0.018088490476190433,0.00913,0.008355774166666672,0.0007742258333333276,-0.0404,-0.04473302857142859,0.004333028571428595
NACA 2418,0.02,0.4,0.18,4.0,500000.0,test,0.6515,0.6747233464285713,-0.02322334642857138,0.00978,0.00885659472222222,0.0009234052777777804,-0.0383,-0.0444245138888889,0.006124513888888898
NACA 2418,0.02,0.4,0.18,5.0,500000.0,test,0.794,0.7685929123015884,0.0254070876984116,0.01066,0.009378815079365084,0.001281184920634915,-0.0447,-0.040371918650793696,-0.0043280813492063
NACA 2418,0.02,0.4,0.18,6.0,500000.0,test,0.9542,0.8701779124338634,0.0840220875661366,0.01166,0.010072340925925929,0.0015876590740740715,-0.0555,-0.03869819378306882,-0.016801806216931184
NACA 2418,0.02,0.4,0.18,7.0,500000.0,test,1.0351,0.970717333333332,0.06438266666666792,0.01253,0.011238044126984124,0.0012919558730158757,-0.0505,-0.03656545634920635,-0.013934543650793656
NACA 2418,0.02,0.4,0.18,8.0,500000.0,test,1.0803,1.0673703837301578,0.012929616269842237,0.01347,0.013195938386243394,0.00027406161375660536,-0.038,-0.035841890079365064,-0.0021581099206349347
NACA 2418,0.02,0.4,0.18,9.0,500000.0,test,1.1304,1.132632901984129,-0.0022329019841289544,0.01491,0.01623516456349206,-0.0013251645634920588,-0.0271,-0.029688327380952395,0.002588327380952396
NACA 2418,0.02,0.4,0.18,10.0,500000.0,test,1.1925,1.1975302470899467,-0.0050302470899468155,0.01693,0.01836258515873015,-0.0014325851587301507,-0.02,-0.02227096666666666,0.0022709666666666586
NACA 2418,0.02,0.4,0.18,11.0,500000.0,test,1.2484,1.2487146370370363,-0.00031463703703638046,0.0197,0.021337361772486782,-0.0016373617724867832,-0.0133,-0.013508296031746022,0.00020829603174602265
NACA 2418,0.02,0.4,0.18,12.0,500000.0,test,1.2981,1.2891535619047616,0.00894643809523843,0.02329,0.02518751452380952,-0.0018975145238095195,-0.0074,-0.007597553968253963,0.00019755396825396274
NACA 2418,0.02,0.4,0.18,13.0,500000.0,test,1.3385,1.3267179427248668,0.011782057275133262,0.02804,0.03060801604497355,-0.002568016044973552,-0.0024,-0.0011315399470899464,-0.0012684600529100534
NACA 2418,0.02,0.4,0.18,14.0,500000.0,test,1.3661,1.3459740748677256,0.020125925132274514,0.03448,0.0343509616137566,0.00012903838624339636,0.0016,0.00019452195767195765,0.0014054780423280425
NACA 2424,0.02,0.4,0.24,-6.0,500000.0,test,-0.3661,-0.40183686269841207,0.035736862698412086,0.01218,0.011047607182539677,0.0011323928174603228,-0.0599,-0.057502227777777755,-0.002397772222222247
NACA 2424,0.02,0.4,0.24,-5.0,500000.0,test,-0.2698,-0.2942840093915343,0.024484009391534334,0.01169,0.010329097473544978,0.0013609025264550226,-0.0567,-0.056890802645502676,0.00019080264550267595
NACA 2424,0.02,0.4,0.24,-4.0,500000.0,test,-0.1719,-0.18627906997354488,0.014379069973544878,0.01132,0.009541458452380937,0.0017785415476190627,-0.0538,-0.05592069510582006,0.00212069510582006
NACA 2424,0.02,0.4,0.24,-3.0,500000.0,test,-0.0733,-0.07776288115680619,0.004462881156806181,0.01107,0.008940195287397791,0.002129804712602209,-0.0509,-0.055067915283790306,0.004167915283790305
NACA 2424,0.02,0.4,0.24,-2.0,500000.0,test,0.0249,0.02749858849206348,-0.0025985884920634826,0.01087,0.008353482341269843,0.0025165176587301566,-0.0479,-0.05298028492063487,0.005080284920634871
NACA 2424,0.02,0.4,0.24,-1.0,500000.0,test,0.123,0.13040852473544956,-0.007408524735449562,0.01073,0.008198768915343914,0.002531231084656086,-0.0449,-0.048635853703703685,0.003735853703703683
NACA 2424,0.02,0.4,0.24,0.0,500000.0,test,0.2207,0.2357509801587304,-0.015050980158730382,0.0107,0.00795350865079365,0.00274649134920635,-0.0419,-0.04793206984126979,0.006032069841269791
NACA 2424,0.02,0.4,0.24,1.0,500000.0,test,0.3185,0.34185977843915355,-0.023359778439153545,0.01073,0.007886419828042326,0.002843580171957674,-0.0388,-0.046360703439153446,0.007560703439153445
NACA 2424,0.02,0.4,0.24,2.0,500000.0,test,0.4155,0.4474447664021166,-0.03194476640211663,0.01086,0.00822754001322751,0.0026324599867724903,-0.0357,-0.04414902645502647,0.008449026455026466
NACA 2424,0.02,0.4,0.24,3.0,500000.0,test,0.5102,0.5632884904761905,-0.053088490476190464,0.01108,0.008355774166666672,0.002724225833333328,-0.0321,-0.04473302857142859,0.012633028571428596
NACA 2424,0.02,0.4,0.24,4.0,500000.0,test,0.5975,0.6747233464285713,-0.07722334642857132,0.01138,0.00885659472222222,0.0025234052777777793,-0.0271,-0.0444245138888889,0.0173245138888889
NACA 2424,0.02,0.4,0.24,5.0,500000.0,test,0.6835,0.7685929123015884,-0.08509291230158844,0.01189,0.009378815079365084,0.002511184920634915,-0.022,-0.040371918650793696,0.018371918650793698
NACA 2424,0.02,0.4,0.24,6.0,500000.0,test,0.7651,0.8701779124338634,-0.10507791243386344,0.01268,0.010072340925925929,0.0026076590740740715,-0.0161,-0.03869819378306882,0.022598193783068817
NACA 2424,0.02,0.4,0.24,7.0,500000.0,test,0.8505,0.970717333333332,-0.12021733333333195,0.01392,0.011238044126984124,0.0026819558730158764,-0.0114,-0.03656545634920635,0.025165456349206347
NACA 2424,0.02,0.4,0.24,8.0,500000.0,test,0.9876,1.0673703837301578,-0.07977038373015777,0.01581,0.013195938386243394,0.002614061613756607,-0.0189,-0.035841890079365064,0.016941890079365064
NACA 2424,0.02,0.4,0.24,9.0,500000.0,test,1.083,1.132632901984129,-0.04963290198412906,0.01756,0.01623516456349206,0.0013248354365079408,-0.0194,-0.029688327380952395,0.010288327380952395
NACA 2424,0.02,0.4,0.24,10.0,500000.0,test,1.1068,1.1975302470899467,-0.0907302470899467,0.0194,0.01836258515873015,0.0010374148412698493,-0.0067,-0.02227096666666666,0.015570966666666658
NACA 2424,0.02,0.4,0.24,11.0,500000.0,test,1.1565,1.2487146370370363,-0.09221463703703625,0.0222,0.021337361772486782,0.000862638227513219,-0.0002,-0.013508296031746022,0.013308296031746021
NACA 2424,0.02,0.4,0.24,12.0,500000.0,test,1.2056,1.2891535619047616,-0.0835535619047616,0.02589,0.02518751452380952,0.0007024854761904786,0.0045,-0.007597553968253963,0.012097553968253964
NACA 2424,0.02,0.4,0.24,13.0,500000.0,test,1.2492,1.3267179427248668,-0.07751794272486667,0.03059,0.03060801604497355,-1.801604497355183e-05,0.0084,-0.0011315399470899464,0.009531539947089947
NACA 2424,0.02,0.4,0.24,14.0,500000.0,test,1.2844,1.3459740748677256,-0.06157407486772559,0.03649,0.0343509616137566,0.002139038386243401,0.0114,0.00019452195767195765,0.011205478042328043
NACA 4415,0.04,0.4,0.15,-6.0,500000.0,test,-0.1735,-0.16861123264790767,-0.004888767352092316,0.01145,0.011173377694805193,0.0002766223051948076,-0.1059,-0.10294655955988455,-0.0029534404401154457
NACA 4415,0.04,0.4,0.15,-5.0,500000.0,test,-0.0647,-0.062400417328042315,-0.0022995826719576784,0.01054,0.010694074828042341,-0.00015407482804234013,-0.1049,-0.10163472777777774,-0.003265272222222254
NACA 4415,0.04,0.4,0.15,-4.0,500000.0,test,0.0453,0.04172377976190477,0.003576220238095229,0.00986,0.009391306309523811,0.0004686936904761893,-0.1041,-0.10125265674603182,-0.002847343253968182
NACA 4415,0.04,0.4,0.15,-3.0,500000.0,test,0.1551,0.15025214920634922,0.004847850793650771,0.00937,0.008199901494709002,0.001170098505290998,-0.1032,-0.10194432380952374,-0.001255676190476257
NACA 4415,0.04,0.4,0.15,-2.0,500000.0,test,0.2642,0.25952239603174604,0.004677603968253952,0.00904,0.007882132539682533,0.0011578674603174664,-0.1023,-0.10120934047619042,-0.0010906595238095868
NACA 4415,0.04,0.4,0.15,-1.0,500000.0,test,0.3719,0.37139750780423303,0.0005024921957669792,0.00879,0.007720549206349203,0.0010694507936507966,-0.1012,-0.1009662625661376,-0.0002337374338624021
NACA 4415,0.04,0.4,0.15,0.0,500000.0,test,0.4745,0.4785724567460313,-0.00407245674603135,0.00822,0.007801200171957685,0.0004187998280423145,-0.0993,-0.09771890013227513,-0.0015810998677248667
NACA 4415,0.04,0.4,0.15,1.0,500000.0,test,0.5695,0.5834257210317456,-0.013925721031745608,0.00794,0.007179529404761908,0.0007604705952380915,-0.0945,-0.09812368743386243,0.0036236874338624325
NACA 4415,0.04,0.4,0.15,2.0,500000.0,test,0.7266,0.6904810324074078,0.036118967592592255,0.0085,0.007279047063492065,0.0012209529365079354,-0.1039,-0.0970101727513228,-0.006889827248677205
NACA 4415,0.04,0.4,0.15,3.0,500000.0,test,0.8187,0.8044334243386243,0.01426657566137568,0.00903,0.007442324920634924,0.0015876750793650755,-0.0999,-0.09826055767195796,-0.0016394423280420428
NACA 4415,0.04,0.4,0.15,4.0,500000.0,test,0.9162,0.9093663298941802,0.006833670105819811,0.0096,0.008027373664021157,0.0015726263359788425,-0.097,-0.0962262764550265,-0.0007737235449735008
NACA 4415,0.04,0.4,0.15,5.0,500000.0,test,1.0149,1.015285875180375,-0.00038587518037513924,0.01024,0.008682496013708515,0.001557503986291486,-0.0945,-0.09567324838864844,0.0011732483886484346
NACA 4415,0.04,0.4,0.15,6.0,500000.0,test,1.1108,1.115892460582011,-0.005092460582011071,0.01101,0.00971278338624338,0.0012972166137566205,-0.0916,-0.09283850211640211,0.0012385021164021126
NACA 4415,0.04,0.4,0.15,7.0,500000.0,test,1.2027,1.1968108279100513,0.005889172089948769,0.01185,0.011117417936507945,0.0007325820634920543,-0.0881,-0.08935203174603175,0.001252031746031751
NACA 4415,0.04,0.4,0.15,8.0,500000.0,test,1.2825,1.2732284661375648,0.009271533862435177,0.01301,0.013305035304232788,-0.0002950353042327873,-0.0826,-0.08196138809523806,-0.0006386119047619432
NACA 4415,0.04,0.4,0.15,9.0,500000.0,test,1.3503,1.3569104082010577,-0.006610408201057627,0.01482,0.01676975076719577,-0.0019497507671957688,-0.0756,-0.07602535052910056,0.0004253505291005599
NACA 4415,0.04,0.4,0.15,10.0,500000.0,test,1.4051,1.398154343121693,0.0069456568783070605,0.01755,0.01951347051587303,-0.00196347051587303,-0.0676,-0.06855650846560843,0.0009565084656084355
NACA 4415,0.04,0.4,0.15,11.0,500000.0,test,1.4477,1.4301176883597881,0.017582311640211845,0.02132,0.024183065396825406,-0.0028630653968254073,-0.0594,-0.05849726362433865,-0.0009027363756613505
NACA 4415,0.04,0.4,0.15,12.0,500000.0,test,1.4789,1.457730685185185,0.0211693148148151,0.02636,0.030135331322751344,-0.003775331322751343,-0.0516,-0.05014201481481481,-0.0014579851851851885
NACA 4415,0.04,0.4,0.15,13.0,500000.0,test,1.5007,1.4734308026455027,0.027269197354497177,0.03285,0.03460307537037037,-0.001753075370370373,-0.0452,-0.04610711560846561,0.0009071156084656112
NACA 4418,0.04,0.4,0.18,-6.0,500000.0,test,-0.1694,-0.16809167312409826,-0.0013083268759017386,0.01146,0.011298542059884557,0.00016145794011544236,-0.1039,-0.10223966908369408,-0.0016603309163059216
NACA 4418,0.04,0.4,0.18,-5.0,500000.0,test,-0.0613,-0.06273240939153436,0.001432409391534363,0.01081,0.010824919034391547,-1.4919034391547292e-05,-0.1027,-0.10064294285714277,-0.002057057142857227
NACA 4418,0.04,0.4,0.18,-3.0,500000.0,test,0.1548,0.14678570661375664,0.008014293386243349,0.00996,0.00911157752645503,0.0008484224735449703,-0.1003,-0.09649890687830691,-0.0038010931216930915
NACA 4418,0.04,0.4,0.18,-2.0,500000.0,test,0.2617,0.253028975925926,0.008671024074073996,0.00977,0.008935442592592588,0.0008345574074074113,-0.0989,-0.09497429510582008,-0.003925704894179927
NACA 4418,0.04,0.4,0.18,-1.0,500000.0,test,0.3671,0.3581463716931218,0.00895362830687818,0.00961,0.008951180515873014,0.0006588194841269865,-0.0974,-0.09315005634920637,-0.004249943650793633
NACA 4418,0.04,0.4,0.18,0.0,500000.0,test,0.4695,0.46198894735449736,0.007511052645502614,0.00932,0.008851015661375668,0.0004689843386243321,-0.0954,-0.09126660780423283,-0.004133392195767166
NACA 4418,0.04,0.4,0.18,2.0,500000.0,test,0.6661,0.6653586216931218,0.0007413783068782598,0.00927,0.008978427658730153,0.0002915723412698478,-0.0885,-0.08689161997354496,-0.001608380026455039
NACA 4418,0.04,0.4,0.18,3.0,500000.0,test,0.8,0.7509471451058202,0.049052854894179876,0.00991,0.009646461058201062,0.0002635389417989381,-0.0926,-0.08108427632275131,-0.011515723677248693
NACA 4418,0.04,0.4,0.18,4.0,500000.0,test,0.9334,0.858456348713324,0.07494365128667602,0.01055,0.009801860888648393,0.0007481391113516069,-0.0978,-0.08014447384559885,-0.01765552615440115
NACA 4418,0.04,0.4,0.18,5.0,500000.0,test,1.0099,0.9797654186988928,0.030134581301107244,0.01112,0.010172151635401635,0.0009478483645983648,-0.0909,-0.08285595804473306,-0.008044041955266937
NACA 4418,0.04,0.4,0.18,6.0,500000.0,test,1.0919,1.064981117857143,0.026918882142857203,0.0118,0.011184376494708997,0.0006156235052910027,-0.0852,-0.0773340861111111,-0.007865913888888895
NACA 4418,0.04,0.4,0.18,7.0,500000.0,test,1.1703,1.138091512566138,0.032208487433861954,0.01261,0.012745461917989417,-0.00013546191798941704,-0.0792,-0.0714805084656085,-0.007719491534391512
NACA 4418,0.04,0.4,0.18,8.0,500000.0,test,1.2474,1.2118390973544975,0.0355609026455026,0.01378,0.013782473518518516,-2.4735185185156827e-06,-0.0735,-0.06694919074074078,-0.006550809259259216
NACA 4418,0.04,0.4,0.18,9.0,500000.0,test,1.3194,1.2892729658730158,0.030127034126984142,0.01541,0.016273680000000016,-0.000863680000000016,-0.0678,-0.060505003042328045,-0.007294996957671954
NACA 4418,0.04,0.4,0.18,10.0,500000.0,test,1.3822,1.3434162240259737,0.03878377597402638,0.01772,0.019083638787878787,-0.0013636387878787869,-0.0615,-0.05507727925685429,-0.0064227207431457115
NACA 4418,0.04,0.4,0.18,11.0,500000.0,test,1.435,1.3984711596560835,0.03652884034391657,0.02089,0.023347830066137578,-0.002457830066137579,-0.0549,-0.04939837579365081,-0.005501624206349184
NACA 4418,0.04,0.4,0.18,12.0,500000.0,test,1.4758,1.4394581502645505,0.036341849735449516,0.02521,0.029022766851851886,-0.0038127668518518863,-0.0483,-0.04363529232804232,-0.004664707671957681
NACA 4418,0.04,0.4,0.18,13.0,500000.0,test,1.5022,1.462495038095238,0.039704961904762026,0.03114,0.034076857222222215,-0.002936857222222214,-0.0421,-0.03918551825396823,-0.0029144817460317676
NACA 4418,0.04,0.4,0.18,14.0,500000.0,test,1.5182,1.4676588214285704,0.05054117857142959,0.0388,0.03805316289682541,0.0007468371031745941,-0.0372,-0.0371079257936508,-9.207420634919916e-05
NACA 0021,0.0,0.0,0.21,-6.0,1000000.0,test,-0.6309,-0.6362073537037041,0.005307353703704054,0.00955,0.00961202708994709,-6.202708994709066e-05,-0.0096,-0.00900375317460317,-0.0005962468253968289
NACA 0021,0.0,0.0,0.21,-5.0,1000000.0,test,-0.5296,-0.5328442138888887,0.003244213888888736,0.00902,0.008955746468253966,6.425353174603458e-05,-0.0074,-0.0073870406084656105,-1.2959391534389866e-05
NACA 0021,0.0,0.0,0.21,-4.0,1000000.0,test,-0.4261,-0.427440159259259,0.0013401592592590106,0.00861,0.00826485148148148,0.00034514851851851977,-0.0055,-0.005692046825396825,0.00019204682539682508
NACA 0021,0.0,0.0,0.21,-3.0,1000000.0,test,-0.321,-0.32031195317460337,-0.0006880468253966376,0.00832,0.007878913835978836,0.0004410861640211632,-0.0039,-0.004420579365079365,0.0005205793650793654
NACA 0021,0.0,0.0,0.21,-2.0,1000000.0,test,-0.2145,-0.21472931309523824,0.00022931309523824273,0.00813,0.007241211362433857,0.0008887886375661428,-0.0025,-0.002697544708994709,0.00019754470899470888
NACA 0021,0.0,0.0,0.21,-1.0,1000000.0,test,-0.1075,-0.10718255767195768,-0.00031744232804231665,0.00801,0.007132172222222223,0.0008778277777777765,-0.0012,-0.0013976478835978847,0.00019764788359788476
NACA 0021,0.0,0.0,0.21,0.0,1000000.0,test,-0.0,0.0,-0.0,0.00798,0.007590266044973538,0.0003897339550264613,0.0,0.0,0.0
NACA 0021,0.0,0.0,0.21,1.0,1000000.0,test,0.1075,0.10736504312169307,0.0001349568783069327,0.00801,0.007205027195767198,0.000804972804232802,0.0012,0.0013464658730158738,-0.00014646587301587392
NACA 0021,0.0,0.0,0.21,2.0,1000000.0,test,0.2145,0.21507531825396844,-0.0005753182539684487,0.00813,0.007170039140211639,0.0009599608597883613,0.0025,0.002627182804232804,-0.00012718280423280404
NACA 0021,0.0,0.0,0.21,3.0,1000000.0,test,0.321,0.3211748064814816,-0.00017480648148160416,0.00832,0.007759212208994708,0.0005607877910052909,0.0039,0.004235490873015873,-0.00033549087301587305
NACA 0021,0.0,0.0,0.21,4.0,1000000.0,test,0.4262,0.42774913082010585,-0.0015491308201058263,0.00861,0.008210346626984132,0.000399653373015868,0.0055,0.005496926587301586,3.073412698413776e-06
NACA 0021,0.0,0.0,0.21,5.0,1000000.0,test,0.5296,0.5274552869047621,0.0021447130952378934,0.00902,0.00927513068783069,-0.0002551306878306892,0.0074,0.008227039417989418,-0.0008270394179894173
NACA 0021,0.0,0.0,0.21,6.0,1000000.0,test,0.631,0.6353539056878306,-0.0043539056878305615,0.00955,0.009650961653439157,-0.00010096165343915706,0.0096,0.009279105291005283,0.00032089470899471575
NACA 0021,0.0,0.0,0.21,7.0,1000000.0,test,0.7288,0.750084885714286,-0.021284885714285995,0.01024,0.010483755449735462,-0.0002437554497354607,0.0124,0.008481711904761907,0.003918288095238092
NACA 0021,0.0,0.0,0.21,8.0,1000000.0,test,0.8201,0.8643359271164026,-0.04423592711640256,0.0111,0.011660386560846562,-0.0005603865608465614,0.0164,0.007504798280423279,0.008895201719576723
NACA 0021,0.0,0.0,0.21,9.0,1000000.0,test,0.8989,0.9851058712962968,-0.08620587129629675,0.01216,0.012943617341269871,-0.0007836173412698703,0.0228,0.004427163227513227,0.018372836772486772
NACA 0021,0.0,0.0,0.21,10.0,1000000.0,test,1.003,1.080907435714286,-0.07790743571428616,0.01372,0.014184159365079359,-0.00046415936507935955,0.0228,0.0064727436507936486,0.016327256349206353
NACA 0021,0.0,0.0,0.21,11.0,1000000.0,test,1.1277,1.1650385455026449,-0.037338545502644926,0.01558,0.01604593055555557,-0.0004659305555555701,0.0177,0.010318118783068788,0.0073818812169312124
NACA 0021,0.0,0.0,0.21,12.0,1000000.0,test,1.2055,1.219457490079365,-0.013957490079365087,0.0175,0.01889469142857142,-0.001394691428571418,0.0206,0.019272557142857135,0.0013274428571428652
NACA 0021,0.0,0.0,0.21,13.0,1000000.0,test,1.2325,1.2731178429894172,-0.040617842989417285,0.01979,0.021373734629629635,-0.0015837346296296365,0.0322,0.0272107437830688,0.0049892562169312
NACA 0021,0.0,0.0,0.21,14.0,1000000.0,test,1.2805,1.3033466724867722,-0.02284667248677219,0.02323,0.023541614761904753,-0.0003116147619047528,0.0375,0.031082145767195785,0.006417854232804214
NACA 2418,0.02,0.4,0.18,-6.0,1000000.0,test,-0.4104,-0.40689644841269823,-0.0035035515873017564,0.00923,0.009588864126984124,-0.0003588641269841233,-0.0547,-0.05552045476190467,0.0008204547619046695
NACA 2418,0.02,0.4,0.18,-5.0,1000000.0,test,-0.3025,-0.3002899113756615,-0.0022100886243384688,0.00867,0.00883030869047619,-0.00016030869047618974,-0.0536,-0.05462482288359789,0.001024822883597891
NACA 2418,0.02,0.4,0.18,-4.0,1000000.0,test,-0.1939,-0.19222324894179874,-0.0016767510582012535,0.00825,0.008289073227513221,-3.907322751322065e-05,-0.0526,-0.05359586706349205,0.0009958670634920494
NACA 2418,0.02,0.4,0.18,-3.0,1000000.0,test,-0.0849,-0.08404478512506022,-0.0008552148749397803,0.00794,0.007650904110149109,0.0002890958898508905,-0.0517,-0.0528023106541607,0.0011023106541607
NACA 2418,0.02,0.4,0.18,-2.0,1000000.0,test,0.0241,0.023792193650793676,0.0003078063492063243,0.00773,0.007683255912698412,4.6744087301588307e-05,-0.0508,-0.0508594801587302,5.9480158730203236e-05
NACA 2418,0.02,0.4,0.18,-1.0,1000000.0,test,0.1324,0.13054855251322736,0.0018514474867726283,0.00755,0.008112675396825397,-0.0005626753968253967,-0.0498,-0.04861551666666666,-0.0011844833333333402
NACA 2418,0.02,0.4,0.18,0.0,1000000.0,test,0.2405,0.23778798835978848,0.002712011640211509,0.00739,0.007601305687830692,-0.00021130568783069188,-0.0488,-0.04800677156084655,-0.0007932284391534497
NACA 2418,0.02,0.4,0.18,1.0,1000000.0,test,0.3488,0.34475019047619065,0.0040498095238093446,0.00736,0.007336447711640213,2.3552288359787038e-05,-0.0477,-0.04700806375661378,-0.0006919362433862181
NACA 2418,0.02,0.4,0.18,2.0,1000000.0,test,0.4567,0.44915102777777804,0.00754897222222195,0.00743,0.007780685648148147,-0.000350685648148147,-0.0466,-0.04467061851851854,-0.0019293814814814597
NACA 2418,0.02,0.4,0.18,5.0,1000000.0,test,0.767,0.7689328051587314,-0.0019328051587313988,0.00842,0.009149547777777786,-0.0007295477777777854,-0.04,-0.04047163611111117,0.0004716361111111664
NACA 2418,0.02,0.4,0.18,6.0,1000000.0,test,0.8846,0.8755344592592599,0.009065540740740174,0.00932,0.00976558167989418,-0.0004455816798941796,-0.0412,-0.039861531481481506,-0.0013384685185184944
NACA 2418,0.02,0.4,0.18,7.0,1000000.0,test,1.0273,0.9719201138888873,0.055379886111112775,0.01055,0.010894779801587297,-0.00034477980158729646,-0.0487,-0.0367789630952381,-0.0119210369047619
NACA 2418,0.02,0.4,0.18,8.0,1000000.0,test,1.1238,1.071962122222222,0.05183787777777793,0.01169,0.011859022341269834,-0.00016902234126983315,-0.0468,-0.036080828174603174,-0.010719171825396827
NACA 2418,0.02,0.4,0.18,9.0,1000000.0,test,1.1662,1.1615936280423274,0.00460637195767255,0.01275,0.013228122658730166,-0.00047812265873016686,-0.0337,-0.03373855171957673,3.8551719576729315e-05
NACA 2418,0.02,0.4,0.18,10.0,1000000.0,test,1.2316,1.2287941075396822,0.002805892460317816,0.01439,0.015007979113756625,-0.000617979113756625,-0.0263,-0.026780084788359762,0.00048008478835976157
NACA 2418,0.02,0.4,0.18,11.0,1000000.0,test,1.2972,1.3003163664021158,-0.0031163664021158777,0.01648,0.017309310965608487,-0.0008293109656084853,-0.0202,-0.020623837169312185,0.0004238371693121856
NACA 2418,0.02,0.4,0.18,12.0,1000000.0,test,1.3577,1.3576846157407403,1.5384259259620947e-05,0.01913,0.020034932341269844,-0.0009049323412698429,-0.0144,-0.015348906878306886,0.0009489068783068867
NACA 2418,0.02,0.4,0.18,13.0,1000000.0,test,1.4112,1.4122060275132278,-0.0010060275132277585,0.02254,0.024244166521164037,-0.0017041665211640356,-0.0091,-0.008625706481481487,-0.0004742935185185135
NACA 2418,0.02,0.4,0.18,14.0,1000000.0,test,1.4541,1.4411589939153429,0.012941006084657092,0.02714,0.026730139656084683,0.00040986034391531784,-0.0044,-0.006455531481481487,0.002055531481481487
NACA 2424,0.02,0.4,0.24,-6.0,1000000.0,test,-0.3908,-0.40689644841269823,0.01609644841269825,0.01006,0.009588864126984124,0.00047113587301587587,-0.0549,-0.05552045476190467,0.0006204547619046707
NACA 2424,0.02,0.4,0.24,-5.0,1000000.0,test,-0.2901,-0.3002899113756615,0.010189911375661498,0.00968,0.00883030869047619,0.000849691309523809,-0.0526,-0.05462482288359789,0.002024822883597892
NACA 2424,0.02,0.4,0.24,-4.0,1000000.0,test,-0.1877,-0.19222324894179874,0.00452324894179873,0.00944,0.008289073227513221,0.0011509267724867794,-0.0504,-0.05359586706349205,0.00319586706349205
NACA 2424,0.02,0.4,0.24,-3.0,1000000.0,test,-0.0852,-0.08404478512506022,-0.001155214874939775,0.00925,0.007650904110149109,0.001599095889850891,-0.0483,-0.0528023106541607,0.0045023106541607
NACA 2424,0.02,0.4,0.24,-2.0,1000000.0,test,0.018,0.023792193650793676,-0.005792193650793677,0.00912,0.007683255912698412,0.001436744087301588,-0.0463,-0.0508594801587302,0.0045594801587302
NACA 2424,0.02,0.4,0.24,-1.0,1000000.0,test,0.1209,0.13054855251322736,-0.009648552513227368,0.00904,0.008112675396825397,0.0009273246031746025,-0.0442,-0.04861551666666666,0.004415516666666654
NACA 2424,0.02,0.4,0.24,0.0,1000000.0,test,0.2232,0.23778798835978848,-0.014587988359788473,0.00897,0.007601305687830692,0.0013686943121693088,-0.0421,-0.04800677156084655,0.005906771560846555
NACA 2424,0.02,0.4,0.24,1.0,1000000.0,test,0.3247,0.34475019047619065,-0.020050190476190666,0.00896,0.007336447711640213,0.001623552288359786,-0.0399,-0.04700806375661378,0.007108063756613783
NACA 2424,0.02,0.4,0.24,2.0,1000000.0,test,0.4252,0.44915102777777804,-0.023951027777778022,0.00905,0.007780685648148147,0.0012693143518518538,-0.0374,-0.04467061851851854,0.00727061851851854
NACA 2424,0.02,0.4,0.24,3.0,1000000.0,test,0.5214,0.5565923499999998,-0.03519234999999987,0.0092,0.008088247460317464,0.0011117525396825353,-0.0342,-0.043198108333333346,0.008998108333333345
NACA 2424,0.02,0.4,0.24,4.0,1000000.0,test,0.6137,0.6629031277777777,-0.04920312777777769,0.00946,0.008476322936507937,0.0009836770634920628,-0.0303,-0.04174039841269844,0.011440398412698442
NACA 2424,0.02,0.4,0.24,5.0,1000000.0,test,0.7094,0.7689328051587314,-0.05953280515873138,0.00991,0.009149547777777786,0.0007604522222222146,-0.0273,-0.04047163611111117,0.013171636111111166
NACA 2424,0.02,0.4,0.24,6.0,1000000.0,test,0.802,0.8755344592592599,-0.07353445925925983,0.01053,0.00976558167989418,0.0007644183201058197,-0.024,-0.039861531481481506,0.015861531481481506
NACA 2424,0.02,0.4,0.24,7.0,1000000.0,test,0.8883,0.9719201138888873,-0.08362011388888735,0.01136,0.010894779801587297,0.0004652201984127035,-0.0197,-0.0367789630952381,0.0170789630952381
NACA 2424,0.02,0.4,0.24,8.0,1000000.0,test,0.9648,1.071962122222222,-0.10716212222222199,0.01255,0.011859022341269834,0.0006909776587301665,-0.0136,-0.036080828174603174,0.022480828174603174
NACA 2424,0.02,0.4,0.24,10.0,1000000.0,test,1.1624,1.2287941075396822,-0.06639410753968211,0.01617,0.015007979113756625,0.0011620208862433753,-0.0147,-0.026780084788359762,0.012080084788359763
NACA 2424,0.02,0.4,0.24,11.0,1000000.0,test,1.2132,1.3003163664021158,-0.08711636640211573,0.01844,0.017309310965608487,0.0011306890343915146,-0.0073,-0.020623837169312185,0.013323837169312184
NACA 2424,0.02,0.4,0.24,12.0,1000000.0,test,1.2703,1.3576846157407403,-0.0873846157407403,0.02146,0.020034932341269844,0.0014250676587301558,-0.0025,-0.015348906878306886,0.012848906878306886
NACA 2424,0.02,0.4,0.24,13.0,1000000.0,test,1.3231,1.4122060275132278,-0.08910602751322783,0.02529,0.024244166521164037,0.0010458334788359634,0.0014,-0.008625706481481487,0.010025706481481487
NACA 2424,0.02,0.4,0.24,14.0,1000000.0,test,1.367,1.4411589939153429,-0.07415899391534286,0.03021,0.026730139656084683,0.0034798603439153176,0.0049,-0.006455531481481487,0.011355531481481487
NACA 4415,0.04,0.4,0.15,-6.0,1000000.0,test,-0.1814,-0.1786864951298701,-0.002713504870129918,0.00909,0.00952112692640692,-0.0004311269264069186,-0.1034,-0.10237017709235201,-0.0010298229076479981
NACA 4415,0.04,0.4,0.15,-5.0,1000000.0,test,-0.0701,-0.07127941005291007,0.001179410052910071,0.00853,0.008774024113756612,-0.00024402411375661244,-0.103,-0.100630392857143,-0.002369607142857
NACA 4415,0.04,0.4,0.15,-4.0,1000000.0,test,0.0411,0.03826937779812779,0.0028306222018722044,0.00811,0.008425353918396421,-0.00031535391839642227,-0.1025,-0.1006642153133904,-0.0018357846866095956
NACA 4415,0.04,0.4,0.15,-3.0,1000000.0,test,0.1521,0.1500445714285715,0.0020554285714285137,0.00782,0.008097803716931223,-0.0002778037169312228,-0.102,-0.10187459047619041,-0.00012540952380958592
NACA 4415,0.04,0.4,0.15,-2.0,1000000.0,test,0.2627,0.2593401682539682,0.0033598317460317717,0.00765,0.007757575317460311,-0.00010757531746031102,-0.1015,-0.10107237380952376,-0.0004276261904762463
NACA 4415,0.04,0.4,0.15,-1.0,1000000.0,test,0.3727,0.3715242466931219,0.00117575330687808,0.00757,0.007662385317460313,-9.238531746031276e-05,-0.1009,-0.10101966256613759,0.00011966256613758774
NACA 4415,0.04,0.4,0.15,0.0,1000000.0,test,0.4816,0.4796663464285711,0.0019336535714288838,0.00747,0.007694600568783082,-0.00022460056878308154,-0.1002,-0.09815892076719578,-0.0020410792328042215
NACA 4415,0.04,0.4,0.15,1.0,1000000.0,test,0.5876,0.5846653011904758,0.0029346988095242388,0.00707,0.007081202579365078,-1.1202579365077701e-05,-0.0991,-0.098208466005291,-0.0008915339947089956
NACA 4415,0.04,0.4,0.15,2.0,1000000.0,test,0.6861,0.6922282157407412,-0.006128215740741183,0.00686,0.0071246549206349236,-0.0002646549206349238,-0.0956,-0.09741792671957679,0.0018179267195767845
NACA 4415,0.04,0.4,0.15,3.0,1000000.0,test,0.8305,0.8049572687830687,0.02554273121693129,0.00734,0.0073911949206349244,-5.1194920634924264e-05,-0.1025,-0.09835201322751354,-0.004147986772486456
NACA 4415,0.04,0.4,0.15,4.0,1000000.0,test,0.9273,0.9110113285714289,0.016288671428571155,0.00779,0.00783545379629629,-4.545379629629018e-05,-0.0994,-0.09664895978835984,-0.00275104021164016
NACA 4415,0.04,0.4,0.15,5.0,1000000.0,test,1.028,1.0147281918470419,0.013271808152958142,0.00834,0.008556539902597403,-0.00021653990259740304,-0.0972,-0.09551283172198176,-0.0016871682780182362
NACA 4415,0.04,0.4,0.15,6.0,1000000.0,test,1.128,1.1170923736772491,0.010907626322750774,0.00901,0.009506809100529099,-0.000496809100529098,-0.0951,-0.09326811719576719,-0.0018318828042328122
NACA 4415,0.04,0.4,0.15,7.0,1000000.0,test,1.222,1.2054148683862422,0.016585131613757742,0.00998,0.010706390793650801,-0.0007263907936508017,-0.0921,-0.09167021031746031,-0.0004297896825396913
NACA 4415,0.04,0.4,0.15,8.0,1000000.0,test,1.3045,1.2864023280423262,0.018097671957673755,0.01134,0.012706696653439136,-0.0013666966534391367,-0.0871,-0.08466781428571428,-0.0024321857142857173
NACA 4415,0.04,0.4,0.15,9.0,1000000.0,test,1.3729,1.368050789153439,0.004849210846560981,0.01323,0.015166228703703695,-0.0019362287037036942,-0.0801,-0.08012861164021172,2.8611640211714806e-05
NACA 4415,0.04,0.4,0.15,10.0,1000000.0,test,1.4327,1.4208414470899475,0.011858552910052556,0.01568,0.017182077380952385,-0.0015020773809523852,-0.0725,-0.07334483148148149,0.0008448314814814978
NACA 4415,0.04,0.4,0.15,11.0,1000000.0,test,1.4847,1.4846527912698424,4.7208730157510814e-05,0.01873,0.020039807275132278,-0.0013098072751322777,-0.0649,-0.06600470806878303,0.0011047080687830307
NACA 4415,0.04,0.4,0.15,12.0,1000000.0,test,1.5303,1.543355825661375,-0.013055825661375087,0.02249,0.024477944100529118,-0.001987944100529118,-0.0578,-0.05851377989417982,0.0007137798941798251
NACA 4415,0.04,0.4,0.15,13.0,1000000.0,test,1.5697,1.5743848646825398,-0.004684864682539702,0.02715,0.02760940825396827,-0.000459408253968268,-0.0515,-0.05457298214285712,0.003072982142857124
NACA 4415,0.04,0.4,0.15,14.0,1000000.0,test,1.5989,1.5875868505291004,0.011313149470899564,0.03319,0.029806755462962964,0.0033832445370370334,-0.0461,-0.05203613478835976,0.005936134788359755
NACA 4418,0.04,0.4,0.18,-6.0,1000000.0,test,-0.1785,-0.1772871324314576,-0.0012128675685423862,0.00928,0.00971593414862914,-0.0004359341486291392,-0.1015,-0.10040305169552659,-0.001096948304473419
NACA 4418,0.04,0.4,0.18,-5.0,1000000.0,test,-0.0684,-0.07106275529100532,0.00266275529100532,0.00884,0.009160202050264554,-0.00032020205026455327,-0.1008,-0.09773673412698419,-0.003063265873015808
NACA 4418,0.04,0.4,0.18,-4.0,1000000.0,test,0.0414,0.03793657144892148,0.0034634285510785207,0.00852,0.009010086775539283,-0.0004900867755392828,-0.1,-0.0970896794668295,-0.0029103205331705018
NACA 4418,0.04,0.4,0.18,-3.0,1000000.0,test,0.1508,0.14657015661375666,0.004229843386243326,0.00832,0.008962457526455027,-0.0006424575264550279,-0.0991,-0.09645297910052911,-0.0026470208994708866
NACA 4418,0.04,0.4,0.18,-2.0,1000000.0,test,0.26,0.25288791481481493,0.00711208518518508,0.00823,0.00879371037037036,-0.0005637103703703614,-0.0982,-0.09485491177248674,-0.0033450882275132543
NACA 4418,0.04,0.4,0.18,-1.0,1000000.0,test,0.3686,0.35850287724867747,0.010097122751322518,0.0082,0.008839411071428568,-0.0006394110714285674,-0.0973,-0.09324192301587302,-0.004058076984126982
NACA 4418,0.04,0.4,0.18,0.0,1000000.0,test,0.4764,0.46254548068783086,0.013854519312169133,0.00817,0.00877067066137567,-0.0006006706613756706,-0.0963,-0.09142172447089948,-0.004878275529100515
NACA 4418,0.04,0.4,0.18,1.0,1000000.0,test,0.5822,0.565743507407407,0.016456492592593075,0.00796,0.008612608716931211,-0.0006526087169312113,-0.0951,-0.0897291824074074,-0.0053708175925926
NACA 4418,0.04,0.4,0.18,2.0,1000000.0,test,0.6873,0.6669703161375663,0.020329683862433723,0.0079,0.008808597738095232,-0.0009085977380952313,-0.0936,-0.08723001283068779,-0.006369987169312211
NACA 4418,0.04,0.4,0.18,3.0,1000000.0,test,0.7865,0.7518115034391534,0.034688496560846604,0.00793,0.009481841335978842,-0.001551841335978842,-0.0905,-0.08123423187830686,-0.009265768121693135
NACA 4418,0.04,0.4,0.18,4.0,1000000.0,test,0.9069,0.862716891835017,0.044183108164983054,0.00845,0.009448159671717173,-0.0009981596717171734,-0.092,-0.08101999289321794,-0.010980007106782055
NACA 4418,0.04,0.4,0.18,5.0,1000000.0,test,1.0268,0.9796346964766705,0.04716530352332948,0.00904,0.009954257746512745,-0.0009142577465127456,-0.0943,-0.0828500413780664,-0.011449958621933598
NACA 4418,0.04,0.4,0.18,6.0,1000000.0,test,1.1081,1.0671700817460321,0.04092991825396797,0.00959,0.010788929510582019,-0.001198929510582019,-0.0883,-0.07802239563492064,-0.010277604365079365
NACA 4418,0.04,0.4,0.18,7.0,1000000.0,test,1.1923,1.1481301290885049,0.044169870911495046,0.01042,0.012226580359547852,-0.001806580359547852,-0.0833,-0.07346872592592595,-0.009831274074074053
NACA 4418,0.04,0.4,0.18,8.0,1000000.0,test,1.2746,1.2287129011784508,0.04588709882154918,0.0116,0.013103875372775367,-0.0015038753727753679,-0.0786,-0.0689549280423281,-0.009645071957671905
NACA 4418,0.04,0.4,0.18,9.0,1000000.0,test,1.3502,1.307537263095239,0.04266273690476097,0.01321,0.01510645846560848,-0.0018964584656084808,-0.0732,-0.0640675034391534,-0.009132496560846595
NACA 4418,0.04,0.4,0.18,10.0,1000000.0,test,1.4186,1.370140495851371,0.048459504148629096,0.01529,0.01720675672438673,-0.0019167567243867315,-0.0675,-0.05930860505050511,-0.008191394949494897
NACA 4418,0.04,0.4,0.18,11.0,1000000.0,test,1.4755,1.4394275472222224,0.0360724527777776,0.01815,0.01994991621693122,-0.0017999162169312216,-0.0609,-0.05453154735449731,-0.00636845264550269
NACA 4418,0.04,0.4,0.18,12.0,1000000.0,test,1.5239,1.4974286543650788,0.02647134563492126,0.0218,0.024200250132275142,-0.002400250132275142,-0.0545,-0.04888479682539682,-0.005615203174603178
NACA 4418,0.04,0.4,0.18,13.0,1000000.0,test,1.5615,1.5344703829365065,0.027029617063493605,0.02657,0.02841979198412699,-0.0018497919841269916,-0.0483,-0.044523053571428536,-0.0037769464285714663
NACA 0021,0.0,0.0,0.21,-6.0,2000000.0,test,-0.6521,-0.6384136513227515,-0.013686348677248494,0.00842,0.009268394272486772,-0.0008483942724867716,-0.0052,-0.008383048015873014,0.003183048015873014
NACA 0021,0.0,0.0,0.21,-5.0,2000000.0,test,-0.5471,-0.5392191353174602,-0.00788086468253979,0.00799,0.008286070317460315,-0.00029607031746031395,-0.0037,-0.0056063433862433825,0.0019063433862433823
NACA 0021,0.0,0.0,0.21,-4.0,2000000.0,test,-0.4399,-0.4339934564814813,-0.005906543518518714,0.00764,0.007619583928571435,2.0416071428564983e-05,-0.0026,-0.0038934609788359833,0.0012934609788359834
NACA 0021,0.0,0.0,0.21,-3.0,2000000.0,test,-0.3313,-0.32702848928571426,-0.00427151071428572,0.00738,0.007038797341269841,0.0003412026587301595,-0.0018,-0.002633749603174599,0.0008337496031745992
NACA 0021,0.0,0.0,0.21,-2.0,2000000.0,test,-0.2214,-0.219887380952381,-0.0015126190476190127,0.00721,0.006612576111111111,0.0005974238888888893,-0.0011,-0.001329001190476191,0.00022900119047619097
NACA 0021,0.0,0.0,0.21,-1.0,2000000.0,test,-0.1109,-0.11010044722222233,-0.0007995527777776706,0.00712,0.006509406005291003,0.000610593994708997,-0.0005,-0.0006201764550264548,0.00012017645502645483
NACA 0021,0.0,0.0,0.21,0.0,2000000.0,test,-0.0,0.0,-0.0,0.00706,0.007348145291005285,-0.00028814529100528504,0.0,0.0,0.0
NACA 0021,0.0,0.0,0.21,1.0,2000000.0,test,0.1109,0.10992464973544984,0.0009753502645501594,0.00712,0.006566903399470894,0.0005530966005291059,0.0005,0.0006565222222222223,-0.00015652222222222226
NACA 0021,0.0,0.0,0.21,2.0,2000000.0,test,0.2214,0.2197114035113037,0.00168859648869632,0.00721,0.0066657190223665215,0.0005442809776334788,0.0011,0.0013767098364598363,-0.0002767098364598363
NACA 0021,0.0,0.0,0.21,3.0,2000000.0,test,0.3313,0.32750735515873025,0.0037926448412697322,0.00738,0.006996636626984132,0.0003833633730158685,0.0018,0.002553757539682535,-0.0007537575396825351
NACA 0021,0.0,0.0,0.21,4.0,2000000.0,test,0.4399,0.43267818095238075,0.00722181904761926,0.00764,0.007689970753968257,-4.997075396825663e-05,0.0026,0.0041485616402116435,-0.0015485616402116436
NACA 0021,0.0,0.0,0.21,5.0,2000000.0,test,0.5471,0.5325695009259258,0.014530499074074221,0.00799,0.008672177764550277,-0.0006821777645502763,0.0037,0.006816815343915344,-0.0031168153439153435
NACA 0021,0.0,0.0,0.21,6.0,2000000.0,test,0.6522,0.639616118386243,0.012583881613757009,0.00842,0.009150669378306872,-0.0007306693783068717,0.0052,0.008083873280423278,-0.0028838732804232787
NACA 0021,0.0,0.0,0.21,7.0,2000000.0,test,0.7549,0.7492485063492066,0.005651493650793427,0.00897,0.010165988544973558,-0.0011959885449735579,0.007,0.008621090873015871,-0.001621090873015871
NACA 0021,0.0,0.0,0.21,8.0,2000000.0,test,0.854,0.8606277251322754,-0.006627725132275386,0.00966,0.010947079656084656,-0.0012870796560846554,0.0093,0.00827060105820106,0.00102939894179894
NACA 0021,0.0,0.0,0.21,9.0,2000000.0,test,0.9466,0.9798656556878304,-0.03326565568783035,0.01046,0.011993291243386264,-0.0015332912433862634,0.0129,0.005720473677248679,0.007179526322751321
NACA 0021,0.0,0.0,0.21,10.0,2000000.0,test,1.0268,1.083441274206349,-0.056641274206349124,0.01145,0.013317632619047618,-0.001867632619047618,0.0186,0.006344997222222219,0.01225500277777778
NACA 0021,0.0,0.0,0.21,11.0,2000000.0,test,1.1073,1.1820836797619039,-0.07478367976190392,0.01273,0.014058114603174606,-0.0013281146031746058,0.0237,0.007849767724867725,0.015850232275132273
NACA 0021,0.0,0.0,0.21,12.0,2000000.0,test,1.219,1.2673279671957676,-0.048327967195767485,0.01444,0.015546320238095247,-0.0011063202380952476,0.0212,0.011514565476190487,0.009685434523809513
NACA 0021,0.0,0.0,0.21,13.0,2000000.0,test,1.2989,1.3310161129629614,-0.03211611296296146,0.01639,0.017467393359788363,-0.0010773933597883652,0.0238,0.019726229497354496,0.004073770502645506
NACA 0021,0.0,0.0,0.21,14.0,2000000.0,test,1.3482,1.377815576058201,-0.029615576058200865,0.01867,0.0191535257142857,-0.00048352571428570204,0.0313,0.02411085729918231,0.007189142700817691
NACA 2418,0.02,0.4,0.18,-6.0,2000000.0,test,-0.4221,-0.4124815984126977,-0.009618401587302261,0.00806,0.008944557738095231,-0.0008845577380952319,-0.0521,-0.05416071269841262,0.0020607126984126187
NACA 2418,0.02,0.4,0.18,-5.0,2000000.0,test,-0.3117,-0.30931811335978837,-0.0023818866402116057,0.00765,0.007757845343915347,-0.00010784534391534723,-0.0516,-0.05248493769841278,0.0008849376984127813
NACA 2418,0.02,0.4,0.18,-4.0,2000000.0,test,-0.2009,-0.19926538267195745,-0.0016346173280425425,0.00731,0.007289295833333324,2.070416666667598e-05,-0.0511,-0.05198826415343916,0.0008882641534391639
NACA 2418,0.02,0.4,0.18,-3.0,2000000.0,test,-0.0895,-0.08894967089947087,-0.0005503291005291289,0.00708,0.006478695608465608,0.0006013043915343921,-0.0507,-0.05251103346560843,0.0018110334656084304
NACA 2418,0.02,0.4,0.18,-2.0,2000000.0,test,0.0222,0.021906952380952395,0.000293047619047606,0.00691,0.007132483492063499,-0.00022248349206349834,-0.0503,-0.05030319484126988,3.194841269885118e-06
NACA 2418,0.02,0.4,0.18,-1.0,2000000.0,test,0.1344,0.130555969179894,0.0038440308201059814,0.00681,0.008098703174603176,-0.001288703174603176,-0.0501,-0.04858748888888887,-0.0015125111111111283
NACA 2418,0.02,0.4,0.18,0.0,2000000.0,test,0.2462,0.24148479603174594,0.004715203968254061,0.0067,0.0069592604629629615,-0.00025926046296296124,-0.0498,-0.0490901013227513,-0.0007098986772486951
NACA 2418,0.02,0.4,0.18,1.0,2000000.0,test,0.3574,0.35116733082010587,0.006232669179894124,0.00661,0.006778166825396823,-0.00016816682539682291,-0.0494,-0.048529850264550284,-0.0008701497354497156
NACA 2418,0.02,0.4,0.18,2.0,2000000.0,test,0.4687,0.4588848965608464,0.009815103439153594,0.00664,0.006985989629629628,-0.0003459896296296276,-0.0491,-0.047177933862433935,-0.0019220661375660628
NACA 2418,0.02,0.4,0.18,3.0,2000000.0,test,0.5793,0.5604622138888885,0.018837786111111532,0.00675,0.007815993769841276,-0.0010659937698412761,-0.0486,-0.04412100238095243,-0.004478997619047569
NACA 2418,0.02,0.4,0.18,4.0,2000000.0,test,0.6871,0.6624228214285713,0.024677178571428704,0.007,0.008338615714285718,-0.0013386157142857178,-0.0476,-0.04165029880952383,-0.005949701190476171
NACA 2418,0.02,0.4,0.18,5.0,2000000.0,test,0.7916,0.7640915488095249,0.02750845119047507,0.00741,0.0089660080952381,-0.0015560080952380997,-0.046,-0.03939618571428574,-0.006603814285714257
NACA 2418,0.02,0.4,0.18,7.0,2000000.0,test,0.9888,0.9794453857142852,0.009354614285714824,0.00896,0.010508856428571422,-0.0015488564285714226,-0.0405,-0.03875082341269839,-0.0017491765873016082
NACA 2418,0.02,0.4,0.18,8.0,2000000.0,test,1.1155,1.0803888746031753,0.035111125396824594,0.01021,0.011122275119047611,-0.0009122751190476109,-0.0447,-0.03832767658730157,-0.006372323412698423
NACA 2418,0.02,0.4,0.18,9.0,2000000.0,test,1.207,1.1770684592592593,0.02993154074074078,0.01139,0.012138482883597885,-0.0007484828835978841,-0.0417,-0.03661009338624335,-0.005089906613756648
NACA 2418,0.02,0.4,0.18,10.0,2000000.0,test,1.2647,1.254842323412697,0.009857676587302855,0.01258,0.01359654125661376,-0.0010165412566137608,-0.032,-0.031589412037036975,-0.00041058796296302574
NACA 2418,0.02,0.4,0.18,11.0,2000000.0,test,1.3358,1.3361645746031732,-0.00036457460317307344,0.01425,0.01566120646825397,-0.0014112064682539702,-0.026,-0.027043486904761906,0.0010434869047619075
NACA 2418,0.02,0.4,0.18,12.0,2000000.0,test,1.4047,1.4105519785714273,-0.005851978571427274,0.01626,0.016987043492063484,-0.0007270434920634838,-0.0206,-0.023051131481481458,0.0024511314814814576
NACA 2418,0.02,0.4,0.18,13.0,2000000.0,test,1.4673,1.479295687566138,-0.011995687566138002,0.01882,0.020062641269841284,-0.001242641269841284,-0.0154,-0.015553997619047617,0.00015399761904761645
NACA 2418,0.02,0.4,0.18,14.0,2000000.0,test,1.5238,1.5152309219576732,0.008569078042326872,0.02206,0.021748083796296294,0.00031191620370370557,-0.0106,-0.013385177910052917,0.0027851779100529165
NACA 2424,0.02,0.4,0.24,-6.0,2000000.0,test,-0.4097,-0.4124815984126977,0.0027815984126977056,0.00875,0.008944557738095231,-0.00019455773809523048,-0.0513,-0.05416071269841262,0.0028607126984126208
NACA 2424,0.02,0.4,0.24,-5.0,2000000.0,test,-0.3045,-0.30931811335978837,0.0048181133597883785,0.00845,0.007757845343915347,0.0006921546560846523,-0.0498,-0.05248493769841278,0.0026849376984127843
NACA 2424,0.02,0.4,0.24,-4.0,2000000.0,test,-0.1977,-0.19926538267195745,0.001565382671957466,0.00825,0.007289295833333324,0.0009607041666666767,-0.0485,-0.05198826415343916,0.003488264153439162
NACA 2424,0.02,0.4,0.24,-3.0,2000000.0,test,-0.0903,-0.08894967089947087,-0.001350329100529138,0.00807,0.006478695608465608,0.0015913043915343926,-0.0473,-0.05251103346560843,0.005211033465608431
NACA 2424,0.02,0.4,0.24,-2.0,2000000.0,test,0.0178,0.021906952380952395,-0.004106952380952395,0.00797,0.007132483492063499,0.000837516507936501,-0.0463,-0.05030319484126988,0.004003194841269882
NACA 2424,0.02,0.4,0.24,-1.0,2000000.0,test,0.126,0.130555969179894,-0.004555969179894009,0.0079,0.008098703174603176,-0.0001987031746031754,-0.0453,-0.04858748888888887,0.0032874888888888704
NACA 2424,0.02,0.4,0.24,0.0,2000000.0,test,0.2337,0.24148479603174594,-0.00778479603174595,0.00786,0.0069592604629629615,0.0009007395370370392,-0.0442,-0.0490901013227513,0.004890101322751299
NACA 2424,0.02,0.4,0.24,1.0,2000000.0,test,0.3403,0.35116733082010587,-0.01086733082010588,0.00784,0.006778166825396823,0.0010618331746031764,-0.0429,-0.048529850264550284,0.005629850264550283
NACA 2424,0.02,0.4,0.24,2.0,2000000.0,test,0.4453,0.4588848965608464,-0.013584896560846438,0.00788,0.006985989629629628,0.0008940103703703722,-0.0414,-0.047177933862433935,0.005777933862433936
NACA 2424,0.02,0.4,0.24,3.0,2000000.0,test,0.5487,0.5604622138888885,-0.01176221388888854,0.00803,0.007815993769841276,0.00021400623015872464,-0.0396,-0.04412100238095243,0.0045210023809524255
NACA 2424,0.02,0.4,0.24,4.0,2000000.0,test,0.6441,0.6624228214285713,-0.018322821428571334,0.00825,0.008338615714285718,-8.86157142857176e-05,-0.0362,-0.04165029880952383,0.005450298809523829
NACA 2424,0.02,0.4,0.24,5.0,2000000.0,test,0.74,0.7640915488095249,-0.02409154880952491,0.00865,0.0089660080952381,-0.00031600809523809996,-0.0332,-0.03939618571428574,0.0061961857142857416
NACA 2424,0.02,0.4,0.24,6.0,2000000.0,test,0.8366,0.8747979818783072,-0.03819798187830714,0.00919,0.00953153445767195,-0.0003415344576719499,-0.0306,-0.03968896481481485,0.009088964814814849
NACA 2424,0.02,0.4,0.24,7.0,2000000.0,test,0.9297,0.9794453857142852,-0.04974538571428522,0.00989,0.010508856428571422,-0.0006188564285714224,-0.0277,-0.03875082341269839,0.011050823412698394
NACA 2424,0.02,0.4,0.24,8.0,2000000.0,test,1.0175,1.0803888746031753,-0.06288887460317527,0.01078,0.011122275119047611,-0.00034227511904761157,-0.024,-0.03832767658730157,0.014327676587301573
NACA 2424,0.02,0.4,0.24,10.0,2000000.0,test,1.1865,1.254842323412697,-0.06834232341269697,0.0136,0.01359654125661376,3.4587433862393047e-06,-0.017,-0.031589412037036975,0.014589412037036974
NACA 2424,0.02,0.4,0.24,11.0,2000000.0,test,1.2642,1.3361645746031732,-0.07196457460317318,0.01554,0.01566120646825397,-0.00012120646825397076,-0.014,-0.027043486904761906,0.013043486904761906
NACA 2424,0.02,0.4,0.24,12.0,2000000.0,test,1.3266,1.4105519785714273,-0.08395197857142733,0.01799,0.016987043492063484,0.001002956507936515,-0.009,-0.023051131481481458,0.014051131481481459
NACA 2424,0.02,0.4,0.24,13.0,2000000.0,test,1.3869,1.479295687566138,-0.09239568756613803,0.02103,0.020062641269841284,0.0009673587301587162,-0.0049,-0.015553997619047617,0.010653997619047617
NACA 2424,0.02,0.4,0.24,14.0,2000000.0,test,1.4384,1.5152309219576732,-0.07683092195767327,0.02505,0.021748083796296294,0.003301916203703705,-0.0011,-0.013385177910052917,0.012285177910052916
NACA 4415,0.04,0.4,0.15,-5.0,2000000.0,test,-0.0751,-0.07367069735449734,-0.0014293026455026586,0.00736,0.008265514074074071,-0.0009055140740740712,-0.1018,-0.10008990753968267,-0.0017100924603173362
NACA 4415,0.04,0.4,0.15,-4.0,2000000.0,test,0.0378,0.03725125875050874,0.0005487412494912594,0.00709,0.008188426140618649,-0.001098426140618649,-0.1017,-0.10012172563085073,-0.0015782743691492712
NACA 4415,0.04,0.4,0.15,-2.0,2000000.0,test,0.2631,0.25939717142857155,0.0037028285714284515,0.0068,0.00765293285714285,-0.0008529328571428504,-0.1015,-0.10106048492063485,-0.00043951507936515477
NACA 4415,0.04,0.4,0.15,-1.0,2000000.0,test,0.3754,0.37163815859788374,0.0037618414021162727,0.00677,0.007547360476190474,-0.0007773604761904737,-0.1014,-0.10104622923280426,-0.00035377076719574074
NACA 4415,0.04,0.4,0.15,1.0,2000000.0,test,0.5995,0.5876663511904758,0.0118336488095242,0.00664,0.006908813134920632,-0.00026881313492063165,-0.1013,-0.09889140727513229,-0.0024085927248677086
NACA 4415,0.04,0.4,0.15,2.0,2000000.0,test,0.7094,0.6938217157407414,0.015578284259258668,0.00636,0.006994461031746034,-0.000634461031746034,-0.101,-0.09788979338624346,-0.00311020661375655
NACA 4415,0.04,0.4,0.15,3.0,2000000.0,test,0.813,0.8065948772486773,0.006405122751322656,0.00617,0.007324093095238098,-0.001154093095238098,-0.0989,-0.0985024111111114,-0.0003975888888886059
NACA 4415,0.04,0.4,0.15,4.0,2000000.0,test,0.9445,0.9144019428571433,0.030098057142856738,0.00657,0.00761896768518518,-0.00104896768518518,-0.1032,-0.09730660026455033,-0.005893399735449667
NACA 4415,0.04,0.4,0.15,5.0,2000000.0,test,1.0442,1.016399730735931,0.02780026926406909,0.00712,0.008419537839105339,-0.001299537839105339,-0.1007,-0.09586540791245797,-0.004834592087542028
NACA 4415,0.04,0.4,0.15,6.0,2000000.0,test,1.143,1.1195355570105825,0.023464442989417522,0.00793,0.009356417407407407,-0.0014264174074074074,-0.0984,-0.09338647671957674,-0.00501352328042326
NACA 4415,0.04,0.4,0.15,7.0,2000000.0,test,1.2367,1.2094243794973534,0.027275620502646536,0.00905,0.010561329126984133,-0.001511329126984132,-0.0954,-0.09182017698412695,-0.0035798230158730487
NACA 4415,0.04,0.4,0.15,8.0,2000000.0,test,1.3223,1.295258744708993,0.027041255291007094,0.01048,0.012372277208994692,-0.0018922772089946926,-0.0911,-0.08641709761904762,-0.004682902380952383
NACA 4415,0.04,0.4,0.15,9.0,2000000.0,test,1.3928,1.379140955026455,0.013659044973544976,0.0122,0.014634513306878297,-0.0024345133068782963,-0.0842,-0.08168230608465618,-0.002517693915343816
NACA 4415,0.04,0.4,0.15,10.0,2000000.0,test,1.4586,1.4380405853174607,0.02055941468253919,0.01422,0.016140109960317457,-0.0019201099603174572,-0.0771,-0.07609621706349208,-0.0010037829365079215
NACA 4415,0.04,0.4,0.15,11.0,2000000.0,test,1.5218,1.513336720634922,0.008463279365078069,0.01649,0.018443388359788378,-0.0019533883597883765,-0.0705,-0.06961383465608464,-0.0008861653439153488
NACA 4415,0.04,0.4,0.15,12.0,2000000.0,test,1.5785,1.5873611906084657,-0.008861190608465686,0.01931,0.02138728177248679,-0.00207728177248679,-0.0639,-0.06356845502645496,-0.0003315449735450393
NACA 4415,0.04,0.4,0.15,13.0,2000000.0,test,1.629,1.626186148412698,0.002813851587301963,0.02281,0.02408557936507938,-0.0012755793650793788,-0.0578,-0.059077365079365014,0.001277365079365017
NACA 4415,0.04,0.4,0.15,14.0,2000000.0,test,1.6733,1.640961955291005,0.03233804470899493,0.02715,0.025988320978836008,0.001161679021163993,-0.0523,-0.056427034788359774,0.004127034788359775
NACA 4418,0.04,0.4,0.18,-6.0,2000000.0,test,-0.1857,-0.18153126748436763,-0.0041687325156323785,0.00799,0.008968425749158238,-0.000978425749158237,-0.1001,-0.09916271756854247,-0.0009372824314575201
NACA 4418,0.04,0.4,0.18,-5.0,2000000.0,test,-0.0739,-0.07386902195767196,-3.097804232803092e-05,0.00768,0.008574939074074077,-0.0008949390740740767,-0.0997,-0.09716713531746039,-0.002532864682539604
NACA 4418,0.04,0.4,0.18,-4.0,2000000.0,test,0.0384,0.03646661986161988,0.0019333801383801183,0.00746,0.008639159553317058,-0.001179159553317058,-0.0994,-0.096790342958893,-0.002609657041107008
NACA 4418,0.04,0.4,0.18,-3.0,2000000.0,test,0.1504,0.1461923058201058,0.004207694179894195,0.00733,0.008828158875661378,-0.001498158875661378,-0.099,-0.096426964021164,-0.0025730359788359997
NACA 4418,0.04,0.4,0.18,-2.0,2000000.0,test,0.2623,0.2528904179894182,0.009409582010581785,0.00726,0.008655059576719571,-0.0013950595767195711,-0.0987,-0.09480374510582007,-0.0038962548941799263
NACA 4418,0.04,0.4,0.18,-1.0,2000000.0,test,0.3743,0.3590686780423282,0.015231321957671795,0.00724,0.00870512234126984,-0.0014651223412698398,-0.0984,-0.09335379523809524,-0.00504620476190476
NACA 4418,0.04,0.4,0.18,0.0,2000000.0,test,0.486,0.46407433306878315,0.021925666931216836,0.00726,0.00856197677248678,-0.00130197677248678,-0.0982,-0.09188964034391532,-0.006310359656084674
NACA 4418,0.04,0.4,0.18,1.0,2000000.0,test,0.5972,0.5688571407407402,0.028342859259259723,0.00724,0.008401330383597876,-0.001161330383597876,-0.0979,-0.09038234589947092,-0.007517654100529084
NACA 4418,0.04,0.4,0.18,2.0,2000000.0,test,0.7064,0.6686320105820108,0.0377679894179892,0.00707,0.008657031626984123,-0.0015870316269841235,-0.0974,-0.08775879616402112,-0.009641203835978884
NACA 4418,0.04,0.4,0.18,3.0,2000000.0,test,0.8146,0.7537777785714285,0.06082222142857152,0.00709,0.009388739510582018,-0.002298739510582018,-0.0967,-0.08158235198412694,-0.01511764801587305
NACA 4418,0.04,0.4,0.18,4.0,2000000.0,test,0.9194,0.8683846965969217,0.05101530340307825,0.00711,0.009108218957431455,-0.001998218957431455,-0.0951,-0.08225487225829732,-0.012845127741702683
NACA 4418,0.04,0.4,0.18,5.0,2000000.0,test,1.024,0.9819064520322263,0.04209354796777376,0.00754,0.009763338460798462,-0.002223338460798462,-0.0934,-0.08334290090187592,-0.010057099098124078
NACA 4418,0.04,0.4,0.18,6.0,2000000.0,test,1.1395,1.0718955714285714,0.06760442857142857,0.00827,0.010534152103174611,-0.0022641521031746114,-0.0948,-0.07871528214285713,-0.01608471785714287
NACA 4418,0.04,0.4,0.18,7.0,2000000.0,test,1.2199,1.1546491743265999,0.06525082567340013,0.00911,0.011791896311928807,-0.002681896311928807,-0.0889,-0.07494113624338623,-0.013958863756613774
NACA 4418,0.04,0.4,0.18,8.0,2000000.0,test,1.3012,1.2409662178451173,0.06023378215488262,0.01028,0.012456722594997591,-0.002176722594997592,-0.0837,-0.07144411693121702,-0.012255883068782975
NACA 4418,0.04,0.4,0.18,9.0,2000000.0,test,1.3786,1.3256718984126992,0.05292810158730088,0.01175,0.014225559735449755,-0.0024755597354497554,-0.0784,-0.06664775714285712,-0.01175224285714288
NACA 4418,0.04,0.4,0.18,10.0,2000000.0,test,1.4481,1.393562163840788,0.05453783615921193,0.01368,0.01574144235930736,-0.00206144235930736,-0.0725,-0.06333560386002889,-0.00916439613997111
NACA 4418,0.04,0.4,0.18,11.0,2000000.0,test,1.5096,1.4685240657407412,0.04107593425925882,0.01614,0.018422059867724876,-0.002282059867724874,-0.0661,-0.05812737169312168,-0.007972628306878324
NACA 4418,0.04,0.4,0.18,12.0,2000000.0,test,1.5637,1.5304334191798936,0.03326658082010647,0.01924,0.021577750211640233,-0.0023377502116402327,-0.0597,-0.05310740701058202,-0.006592592989417986
NACA 4418,0.04,0.4,0.18,13.0,2000000.0,test,1.6115,1.5779111888888881,0.03358881111111178,0.02304,0.02514137984126984,-0.002101379841269839,-0.0538,-0.048839883333333285,-0.004960116666666715
NACA 4418,0.04,0.4,0.18,14.0,2000000.0,test,1.6506,1.5979115313492058,0.05268846865079424,0.02788,0.027805977817460303,7.402218253969514e-05,-0.0483,-0.04585180079365075,-0.0024481992063492553
